library,code,name,Lab_L,Lab_a,Lab_b,C,M,Y,K,R,G,B
CMYK,PANTONE P 1-1 C,,96.86274509803921,-1,2,,,,,,,
CMYK,PANTONE P 1-2 C,,96.47058823529412,-1,7,,,,,,,
CMYK,PANTONE P 1-3 C,,95.68627450980392,-2,16,,,,,,,
CMYK,PANTONE P 1-4 C,,94.90196078431372,-3,28,,,,,,,
CMYK,PANTONE P 1-5 C,,94.11764705882352,-4,42,,,,,,,
CMYK,PANTONE P 1-6 C,,92.94117647058823,-4,55,,,,,,,
CMYK,PANTONE P 1-7 C,,92.15686274509804,-5,75,,,,,,,
CMYK,PANTONE P 1-8 C,,91.37254901960785,-5,94,,,,,,,
CMYK,PANTONE P 1-9 C,,96.07843137254902,-1,4,,,,,,,
CMYK,PANTONE P 1-10 C,,92.54901960784314,-3,20,,,,,,,
CMYK,PANTONE P 1-11 C,,92.94117647058823,-3,20,,,,,,,
CMYK,PANTONE P 1-12 C,,91.37254901960785,-3,30,,,,,,,
CMYK,PANTONE P 1-13 C,,89.01960784313725,-4,42,,,,,,,
CMYK,PANTONE P 1-14 C,,87.05882352941177,-4,51,,,,,,,
CMYK,PANTONE P 1-15 C,,83.92156862745098,-5,68,,,,,,,
CMYK,PANTONE P 1-16 C,,81.17647058823529,-5,83,,,,,,,
CMYK,PANTONE P 2-1 C,,92.54901960784314,-2,17,,,,,,,
CMYK,PANTONE P 2-2 C,,89.80392156862746,-3,25,,,,,,,
CMYK,PANTONE P 2-3 C,,87.84313725490196,-3,33,,,,,,,
CMYK,PANTONE P 2-4 C,,85.09803921568627,-4,46,,,,,,,
CMYK,PANTONE P 2-5 C,,82.35294117647058,-4,55,,,,,,,
CMYK,PANTONE P 2-6 C,,80.3921568627451,-5,65,,,,,,,
CMYK,PANTONE P 2-7 C,,77.25490196078432,-5,78,,,,,,,
CMYK,PANTONE P 2-8 C,,74.90196078431373,-4,81,,,,,,,
CMYK,PANTONE P 2-9 C,,89.80392156862746,-2,19,,,,,,,
CMYK,PANTONE P 2-10 C,,86.27450980392157,-3,26,,,,,,,
CMYK,PANTONE P 2-11 C,,83.92156862745098,-4,33,,,,,,,
CMYK,PANTONE P 2-12 C,,81.17647058823529,-4,39,,,,,,,
CMYK,PANTONE P 2-13 C,,78.43137254901961,-4,46,,,,,,,
CMYK,PANTONE P 2-14 C,,76.07843137254902,-5,54,,,,,,,
CMYK,PANTONE P 2-15 C,,72.54901960784314,-5,64,,,,,,,
CMYK,PANTONE P 2-16 C,,68.62745098039215,-5,72,,,,,,,
CMYK,PANTONE P 3-1 C,,90.58823529411765,-2,12,,,,,,,
CMYK,PANTONE P 3-2 C,,86.66666666666667,-3,20,,,,,,,
CMYK,PANTONE P 3-3 C,,83.52941176470588,-3,28,,,,,,,
CMYK,PANTONE P 3-4 C,,78.82352941176471,-4,34,,,,,,,
CMYK,PANTONE P 3-5 C,,74.50980392156863,-4,39,,,,,,,
CMYK,PANTONE P 3-6 C,,70.19607843137254,-4,46,,,,,,,
CMYK,PANTONE P 3-7 C,,64.31372549019608,-5,54,,,,,,,
CMYK,PANTONE P 3-8 C,,58.82352941176471,-5,59,,,,,,,
CMYK,PANTONE P 3-9 C,,92.54901960784314,-1,7,,,,,,,
CMYK,PANTONE P 3-10 C,,87.84313725490196,-2,16,,,,,,,
CMYK,PANTONE P 3-11 C,,82.35294117647058,-3,24,,,,,,,
CMYK,PANTONE P 3-12 C,,77.25490196078432,-4,32,,,,,,,
CMYK,PANTONE P 3-13 C,,72.15686274509804,-4,37,,,,,,,
CMYK,PANTONE P 3-14 C,,65.49019607843137,-4,42,,,,,,,
CMYK,PANTONE P 3-15 C,,58.03921568627452,-4,48,,,,,,,
CMYK,PANTONE P 3-16 C,,50.588235294117645,-5,50,,,,,,,
CMYK,PANTONE P 4-1 C,,94.50980392156862,-1,18,,,,,,,
CMYK,PANTONE P 4-2 C,,93.33333333333333,-1,26,,,,,,,
CMYK,PANTONE P 4-3 C,,92.94117647058823,-1,33,,,,,,,
CMYK,PANTONE P 4-4 C,,91.76470588235294,-1,41,,,,,,,
CMYK,PANTONE P 4-5 C,,90.98039215686275,-1,49,,,,,,,
CMYK,PANTONE P 4-6 C,,90.19607843137256,-1,58,,,,,,,
CMYK,PANTONE P 4-7 C,,89.01960784313725,-1,74,,,,,,,
CMYK,PANTONE P 4-8 C,,88.23529411764706,-1,90,,,,,,,
CMYK,PANTONE P 4-9 C,,90.19607843137256,-1,25,,,,,,,
CMYK,PANTONE P 4-10 C,,89.41176470588236,-1,31,,,,,,,
CMYK,PANTONE P 4-11 C,,87.45098039215686,-2,38,,,,,,,
CMYK,PANTONE P 4-12 C,,86.66666666666667,-2,43,,,,,,,
CMYK,PANTONE P 4-13 C,,85.09803921568627,-1,48,,,,,,,
CMYK,PANTONE P 4-14 C,,83.52941176470588,-1,56,,,,,,,
CMYK,PANTONE P 4-15 C,,81.17647058823529,-1,68,,,,,,,
CMYK,PANTONE P 4-16 C,,79.2156862745098,-1,80,,,,,,,
CMYK,PANTONE P 5-1 C,,87.45098039215686,-1,27,,,,,,,
CMYK,PANTONE P 5-2 C,,85.88235294117646,-2,33,,,,,,,
CMYK,PANTONE P 5-3 C,,84.31372549019608,-2,40,,,,,,,
CMYK,PANTONE P 5-4 C,,81.56862745098039,-1,43,,,,,,,
CMYK,PANTONE P 5-5 C,,78.82352941176471,-2,49,,,,,,,
CMYK,PANTONE P 5-6 C,,76.86274509803923,-1,57,,,,,,,
CMYK,PANTONE P 5-7 C,,73.72549019607844,-1,65,,,,,,,
CMYK,PANTONE P 5-8 C,,71.37254901960785,-1,73,,,,,,,
CMYK,PANTONE P 5-9 C,,80.7843137254902,-2,36,,,,,,,
CMYK,PANTONE P 5-10 C,,79.2156862745098,-2,38,,,,,,,
CMYK,PANTONE P 5-11 C,,77.25490196078432,-2,42,,,,,,,
CMYK,PANTONE P 5-12 C,,74.50980392156863,-2,46,,,,,,,
CMYK,PANTONE P 5-13 C,,72.54901960784314,-2,50,,,,,,,
CMYK,PANTONE P 5-14 C,,69.80392156862744,-1,56,,,,,,,
CMYK,PANTONE P 5-15 C,,67.05882352941175,-1,61,,,,,,,
CMYK,PANTONE P 5-16 C,,64.70588235294117,-1,64,,,,,,,
CMYK,PANTONE P 6-1 C,,82.74509803921568,-1,24,,,,,,,
CMYK,PANTONE P 6-2 C,,80.0,-2,30,,,,,,,
CMYK,PANTONE P 6-3 C,,77.25490196078432,-2,34,,,,,,,
CMYK,PANTONE P 6-4 C,,73.72549019607844,-2,37,,,,,,,
CMYK,PANTONE P 6-5 C,,71.76470588235294,-2,42,,,,,,,
CMYK,PANTONE P 6-6 C,,68.23529411764706,-2,47,,,,,,,
CMYK,PANTONE P 6-7 C,,64.31372549019608,-2,54,,,,,,,
CMYK,PANTONE P 6-8 C,,59.21568627450981,-2,57,,,,,,,
CMYK,PANTONE P 6-9 C,,80.0,-2,25,,,,,,,
CMYK,PANTONE P 6-10 C,,76.86274509803923,-2,30,,,,,,,
CMYK,PANTONE P 6-11 C,,73.72549019607844,-2,33,,,,,,,
CMYK,PANTONE P 6-12 C,,69.80392156862744,-2,37,,,,,,,
CMYK,PANTONE P 6-13 C,,65.49019607843137,-2,42,,,,,,,
CMYK,PANTONE P 6-14 C,,61.1764705882353,-2,46,,,,,,,
CMYK,PANTONE P 6-15 C,,56.86274509803921,-2,51,,,,,,,
CMYK,PANTONE P 6-16 C,,52.156862745098046,-2,50,,,,,,,
CMYK,PANTONE P 7-1 C,,95.29411764705881,0,8,,,,,,,
CMYK,PANTONE P 7-2 C,,93.33333333333333,1,16,,,,,,,
CMYK,PANTONE P 7-3 C,,91.76470588235294,1,25,,,,,,,
CMYK,PANTONE P 7-4 C,,90.58823529411765,1,33,,,,,,,
CMYK,PANTONE P 7-5 C,,88.23529411764706,3,41,,,,,,,
CMYK,PANTONE P 7-6 C,,86.66666666666667,4,49,,,,,,,
CMYK,PANTONE P 7-7 C,,84.31372549019608,6,63,,,,,,,
CMYK,PANTONE P 7-8 C,,81.96078431372548,8,78,,,,,,,
CMYK,PANTONE P 7-9 C,,92.94117647058823,0,12,,,,,,,
CMYK,PANTONE P 7-10 C,,90.98039215686275,0,19,,,,,,,
CMYK,PANTONE P 7-11 C,,89.01960784313725,1,26,,,,,,,
CMYK,PANTONE P 7-12 C,,85.88235294117646,1,33,,,,,,,
CMYK,PANTONE P 7-13 C,,83.92156862745098,2,39,,,,,,,
CMYK,PANTONE P 7-14 C,,80.3921568627451,3,47,,,,,,,
CMYK,PANTONE P 7-15 C,,77.25490196078432,5,59,,,,,,,
CMYK,PANTONE P 7-16 C,,73.72549019607844,6,69,,,,,,,
CMYK,PANTONE P 8-1 C,,90.19607843137256,0,17,,,,,,,
CMYK,PANTONE P 8-2 C,,87.45098039215686,0,24,,,,,,,
CMYK,PANTONE P 8-3 C,,85.09803921568627,1,31,,,,,,,
CMYK,PANTONE P 8-4 C,,81.56862745098039,1,40,,,,,,,
CMYK,PANTONE P 8-5 C,,78.03921568627452,2,45,,,,,,,
CMYK,PANTONE P 8-6 C,,75.68627450980392,2,51,,,,,,,
CMYK,PANTONE P 8-7 C,,71.76470588235294,3,63,,,,,,,
CMYK,PANTONE P 8-8 C,,68.23529411764706,4,69,,,,,,,
CMYK,PANTONE P 8-9 C,,90.98039215686275,0,10,,,,,,,
CMYK,PANTONE P 8-10 C,,87.84313725490196,0,18,,,,,,,
CMYK,PANTONE P 8-11 C,,83.92156862745098,0,26,,,,,,,
CMYK,PANTONE P 8-12 C,,79.6078431372549,1,33,,,,,,,
CMYK,PANTONE P 8-13 C,,75.68627450980392,1,40,,,,,,,
CMYK,PANTONE P 8-14 C,,70.98039215686275,2,46,,,,,,,
CMYK,PANTONE P 8-15 C,,67.05882352941175,3,56,,,,,,,
CMYK,PANTONE P 8-16 C,,62.35294117647059,4,61,,,,,,,
CMYK,PANTONE P 9-1 C,,87.45098039215686,1,14,,,,,,,
CMYK,PANTONE P 9-2 C,,82.35294117647058,1,23,,,,,,,
CMYK,PANTONE P 9-3 C,,78.82352941176471,1,31,,,,,,,
CMYK,PANTONE P 9-4 C,,74.11764705882354,1,36,,,,,,,
CMYK,PANTONE P 9-5 C,,69.41176470588235,2,40,,,,,,,
CMYK,PANTONE P 9-6 C,,63.921568627450974,3,46,,,,,,,
CMYK,PANTONE P 9-7 C,,58.43137254901961,3,51,,,,,,,
CMYK,PANTONE P 9-8 C,,52.94117647058824,5,54,,,,,,,
CMYK,PANTONE P 9-9 C,,84.31372549019608,0,17,,,,,,,
CMYK,PANTONE P 9-10 C,,79.2156862745098,0,24,,,,,,,
CMYK,PANTONE P 9-11 C,,74.90196078431373,0,30,,,,,,,
CMYK,PANTONE P 9-12 C,,69.80392156862744,1,34,,,,,,,
CMYK,PANTONE P 9-13 C,,64.70588235294117,2,39,,,,,,,
CMYK,PANTONE P 9-14 C,,58.03921568627452,3,44,,,,,,,
CMYK,PANTONE P 9-15 C,,51.76470588235295,3,47,,,,,,,
CMYK,PANTONE P 9-16 C,,45.490196078431374,3,45,,,,,,,
CMYK,PANTONE P 10-1 C,,91.37254901960785,2,18,,,,,,,
CMYK,PANTONE P 10-2 C,,89.80392156862746,3,26,,,,,,,
CMYK,PANTONE P 10-3 C,,88.23529411764706,4,34,,,,,,,
CMYK,PANTONE P 10-4 C,,86.27450980392157,6,41,,,,,,,
CMYK,PANTONE P 10-5 C,,84.70588235294117,7,46,,,,,,,
CMYK,PANTONE P 10-6 C,,82.74509803921568,8,55,,,,,,,
CMYK,PANTONE P 10-7 C,,80.0,11,66,,,,,,,
CMYK,PANTONE P 10-8 C,,78.03921568627452,13,76,,,,,,,
CMYK,PANTONE P 10-9 C,,89.01960784313725,2,18,,,,,,,
CMYK,PANTONE P 10-10 C,,86.66666666666667,3,25,,,,,,,
CMYK,PANTONE P 10-11 C,,84.31372549019608,4,32,,,,,,,
CMYK,PANTONE P 10-12 C,,81.56862745098039,5,37,,,,,,,
CMYK,PANTONE P 10-13 C,,79.2156862745098,6,44,,,,,,,
CMYK,PANTONE P 10-14 C,,76.47058823529412,8,50,,,,,,,
CMYK,PANTONE P 10-15 C,,73.33333333333333,9,60,,,,,,,
CMYK,PANTONE P 10-16 C,,70.58823529411765,11,70,,,,,,,
CMYK,PANTONE P 11-1 C,,84.70588235294117,3,23,,,,,,,
CMYK,PANTONE P 11-2 C,,81.96078431372548,3,30,,,,,,,
CMYK,PANTONE P 11-3 C,,78.82352941176471,4,37,,,,,,,
CMYK,PANTONE P 11-4 C,,76.47058823529412,5,43,,,,,,,
CMYK,PANTONE P 11-5 C,,71.37254901960785,8,47,,,,,,,
CMYK,PANTONE P 11-6 C,,67.05882352941175,10,54,,,,,,,
CMYK,PANTONE P 11-7 C,,64.31372549019608,10,62,,,,,,,
CMYK,PANTONE P 11-8 C,,61.568627450980394,12,63,,,,,,,
CMYK,PANTONE P 11-9 C,,82.35294117647058,2,24,,,,,,,
CMYK,PANTONE P 11-10 C,,79.2156862745098,3,30,,,,,,,
CMYK,PANTONE P 11-11 C,,75.68627450980392,4,37,,,,,,,
CMYK,PANTONE P 11-12 C,,72.54901960784314,5,41,,,,,,,
CMYK,PANTONE P 11-13 C,,67.84313725490196,7,46,,,,,,,
CMYK,PANTONE P 11-14 C,,63.52941176470588,9,51,,,,,,,
CMYK,PANTONE P 11-15 C,,60.3921568627451,10,56,,,,,,,
CMYK,PANTONE P 11-16 C,,55.68627450980392,11,57,,,,,,,
CMYK,PANTONE P 12-1 C,,84.31372549019608,2,18,,,,,,,
CMYK,PANTONE P 12-2 C,,80.0,2,25,,,,,,,
CMYK,PANTONE P 12-3 C,,75.29411764705883,3,32,,,,,,,
CMYK,PANTONE P 12-4 C,,71.37254901960785,4,37,,,,,,,
CMYK,PANTONE P 12-5 C,,67.05882352941175,5,45,,,,,,,
CMYK,PANTONE P 12-6 C,,62.745098039215684,6,51,,,,,,,
CMYK,PANTONE P 12-7 C,,57.647058823529406,8,54,,,,,,,
CMYK,PANTONE P 12-8 C,,51.76470588235295,9,53,,,,,,,
CMYK,PANTONE P 12-9 C,,81.96078431372548,2,18,,,,,,,
CMYK,PANTONE P 12-10 C,,76.47058823529412,3,25,,,,,,,
CMYK,PANTONE P 12-11 C,,72.54901960784314,3,33,,,,,,,
CMYK,PANTONE P 12-12 C,,68.23529411764706,4,37,,,,,,,
CMYK,PANTONE P 12-13 C,,62.745098039215684,5,43,,,,,,,
CMYK,PANTONE P 12-14 C,,57.25490196078431,6,48,,,,,,,
CMYK,PANTONE P 12-15 C,,51.76470588235295,7,49,,,,,,,
CMYK,PANTONE P 12-16 C,,44.70588235294118,7,45,,,,,,,
CMYK,PANTONE P 13-1 C,,85.49019607843137,1,9,,,,,,,
CMYK,PANTONE P 13-2 C,,81.56862745098039,2,14,,,,,,,
CMYK,PANTONE P 13-3 C,,77.64705882352942,3,16,,,,,,,
CMYK,PANTONE P 13-4 C,,74.11764705882354,3,17,,,,,,,
CMYK,PANTONE P 13-5 C,,69.80392156862744,4,20,,,,,,,
CMYK,PANTONE P 13-6 C,,66.27450980392156,5,21,,,,,,,
CMYK,PANTONE P 13-7 C,,62.745098039215684,6,22,,,,,,,
CMYK,PANTONE P 13-8 C,,60.0,8,24,,,,,,,
CMYK,PANTONE P 13-9 C,,57.25490196078431,7,21,,,,,,,
CMYK,PANTONE P 13-10 C,,54.509803921568626,6,20,,,,,,,
CMYK,PANTONE P 13-11 C,,51.37254901960784,6,18,,,,,,,
CMYK,PANTONE P 13-12 C,,49.01960784313725,5,17,,,,,,,
CMYK,PANTONE P 13-13 C,,45.88235294117647,5,16,,,,,,,
CMYK,PANTONE P 13-14 C,,42.35294117647059,4,15,,,,,,,
CMYK,PANTONE P 13-15 C,,38.43137254901961,3,14,,,,,,,
CMYK,PANTONE P 13-16 C,,34.90196078431372,3,13,,,,,,,
CMYK,PANTONE P 14-1 C,,92.15686274509804,2,13,,,,,,,
CMYK,PANTONE P 14-2 C,,89.80392156862746,4,22,,,,,,,
CMYK,PANTONE P 14-3 C,,88.23529411764706,5,28,,,,,,,
CMYK,PANTONE P 14-4 C,,85.49019607843137,7,37,,,,,,,
CMYK,PANTONE P 14-5 C,,82.74509803921568,10,45,,,,,,,
CMYK,PANTONE P 14-6 C,,80.7843137254902,12,53,,,,,,,
CMYK,PANTONE P 14-7 C,,76.86274509803923,16,67,,,,,,,
CMYK,PANTONE P 14-8 C,,73.72549019607844,20,76,,,,,,,
CMYK,PANTONE P 14-9 C,,87.45098039215686,4,20,,,,,,,
CMYK,PANTONE P 14-10 C,,85.09803921568627,4,26,,,,,,,
CMYK,PANTONE P 14-11 C,,82.35294117647058,6,31,,,,,,,
CMYK,PANTONE P 14-12 C,,79.6078431372549,7,37,,,,,,,
CMYK,PANTONE P 14-13 C,,76.47058823529412,9,43,,,,,,,
CMYK,PANTONE P 14-14 C,,74.11764705882354,11,51,,,,,,,
CMYK,PANTONE P 14-15 C,,70.19607843137254,14,61,,,,,,,
CMYK,PANTONE P 14-16 C,,66.66666666666666,17,67,,,,,,,
CMYK,PANTONE P 15-1 C,,89.01960784313725,2,15,,,,,,,
CMYK,PANTONE P 15-2 C,,85.09803921568627,3,23,,,,,,,
CMYK,PANTONE P 15-3 C,,82.35294117647058,4,29,,,,,,,
CMYK,PANTONE P 15-4 C,,78.03921568627452,6,34,,,,,,,
CMYK,PANTONE P 15-5 C,,73.72549019607844,8,38,,,,,,,
CMYK,PANTONE P 15-6 C,,70.19607843137254,10,46,,,,,,,
CMYK,PANTONE P 15-7 C,,65.09803921568627,12,54,,,,,,,
CMYK,PANTONE P 15-8 C,,61.1764705882353,15,60,,,,,,,
CMYK,PANTONE P 15-9 C,,81.96078431372548,4,22,,,,,,,
CMYK,PANTONE P 15-10 C,,78.82352941176471,5,28,,,,,,,
CMYK,PANTONE P 15-11 C,,75.29411764705883,6,33,,,,,,,
CMYK,PANTONE P 15-12 C,,71.76470588235294,7,35,,,,,,,
CMYK,PANTONE P 15-13 C,,67.84313725490196,8,39,,,,,,,
CMYK,PANTONE P 15-14 C,,63.52941176470588,10,44,,,,,,,
CMYK,PANTONE P 15-15 C,,60.0,11,50,,,,,,,
CMYK,PANTONE P 15-16 C,,56.470588235294116,13,54,,,,,,,
CMYK,PANTONE P 16-1 C,,82.35294117647058,3,18,,,,,,,
CMYK,PANTONE P 16-2 C,,78.03921568627452,3,24,,,,,,,
CMYK,PANTONE P 16-3 C,,74.11764705882354,5,29,,,,,,,
CMYK,PANTONE P 16-4 C,,69.41176470588235,6,30,,,,,,,
CMYK,PANTONE P 16-5 C,,65.09803921568627,6,35,,,,,,,
CMYK,PANTONE P 16-6 C,,61.1764705882353,8,40,,,,,,,
CMYK,PANTONE P 16-7 C,,56.470588235294116,9,46,,,,,,,
CMYK,PANTONE P 16-8 C,,51.37254901960784,10,49,,,,,,,
CMYK,PANTONE P 16-9 C,,87.05882352941177,1,11,,,,,,,
CMYK,PANTONE P 16-10 C,,80.0,3,19,,,,,,,
CMYK,PANTONE P 16-11 C,,74.50980392156863,3,25,,,,,,,
CMYK,PANTONE P 16-12 C,,68.23529411764706,5,28,,,,,,,
CMYK,PANTONE P 16-13 C,,62.35294117647059,6,32,,,,,,,
CMYK,PANTONE P 16-14 C,,57.647058823529406,6,36,,,,,,,
CMYK,PANTONE P 16-15 C,,50.588235294117645,7,40,,,,,,,
CMYK,PANTONE P 16-16 C,,43.529411764705884,9,40,,,,,,,
CMYK,PANTONE P 17-1 C,,90.58823529411765,4,18,,,,,,,
CMYK,PANTONE P 17-2 C,,88.62745098039215,5,25,,,,,,,
CMYK,PANTONE P 17-3 C,,86.66666666666667,6,31,,,,,,,
CMYK,PANTONE P 17-4 C,,83.52941176470588,10,36,,,,,,,
CMYK,PANTONE P 17-5 C,,81.56862745098039,11,42,,,,,,,
CMYK,PANTONE P 17-6 C,,78.82352941176471,15,50,,,,,,,
CMYK,PANTONE P 17-7 C,,74.50980392156863,21,58,,,,,,,
CMYK,PANTONE P 17-8 C,,70.58823529411765,26,67,,,,,,,
CMYK,PANTONE P 17-9 C,,85.09803921568627,6,23,,,,,,,
CMYK,PANTONE P 17-10 C,,83.52941176470588,6,29,,,,,,,
CMYK,PANTONE P 17-11 C,,80.3921568627451,8,33,,,,,,,
CMYK,PANTONE P 17-12 C,,78.03921568627452,10,37,,,,,,,
CMYK,PANTONE P 17-13 C,,74.90196078431373,12,41,,,,,,,
CMYK,PANTONE P 17-14 C,,71.37254901960785,15,47,,,,,,,
CMYK,PANTONE P 17-15 C,,67.05882352941175,19,54,,,,,,,
CMYK,PANTONE P 17-16 C,,63.13725490196078,23,59,,,,,,,
CMYK,PANTONE P 18-1 C,,86.66666666666667,4,17,,,,,,,
CMYK,PANTONE P 18-2 C,,82.35294117647058,5,24,,,,,,,
CMYK,PANTONE P 18-3 C,,78.82352941176471,7,29,,,,,,,
CMYK,PANTONE P 18-4 C,,74.90196078431373,9,32,,,,,,,
CMYK,PANTONE P 18-5 C,,72.54901960784314,10,38,,,,,,,
CMYK,PANTONE P 18-6 C,,68.23529411764706,13,44,,,,,,,
CMYK,PANTONE P 18-7 C,,64.31372549019608,15,50,,,,,,,
CMYK,PANTONE P 18-8 C,,58.43137254901961,19,54,,,,,,,
CMYK,PANTONE P 18-9 C,,80.3921568627451,5,22,,,,,,,
CMYK,PANTONE P 18-10 C,,76.47058823529412,6,29,,,,,,,
CMYK,PANTONE P 18-11 C,,72.94117647058823,8,31,,,,,,,
CMYK,PANTONE P 18-12 C,,69.41176470588235,9,34,,,,,,,
CMYK,PANTONE P 18-13 C,,65.49019607843137,11,38,,,,,,,
CMYK,PANTONE P 18-14 C,,61.568627450980394,12,42,,,,,,,
CMYK,PANTONE P 18-15 C,,57.647058823529406,15,47,,,,,,,
CMYK,PANTONE P 18-16 C,,53.72549019607843,17,49,,,,,,,
CMYK,PANTONE P 19-1 C,,75.68627450980392,6,25,,,,,,,
CMYK,PANTONE P 19-2 C,,72.15686274509804,7,29,,,,,,,
CMYK,PANTONE P 19-3 C,,68.62745098039215,8,32,,,,,,,
CMYK,PANTONE P 19-4 C,,65.88235294117646,10,34,,,,,,,
CMYK,PANTONE P 19-5 C,,60.78431372549019,11,37,,,,,,,
CMYK,PANTONE P 19-6 C,,56.07843137254902,12,41,,,,,,,
CMYK,PANTONE P 19-7 C,,50.98039215686274,14,43,,,,,,,
CMYK,PANTONE P 19-8 C,,47.45098039215686,15,43,,,,,,,
CMYK,PANTONE P 19-9 C,,84.31372549019608,3,14,,,,,,,
CMYK,PANTONE P 19-10 C,,78.03921568627452,4,21,,,,,,,
CMYK,PANTONE P 19-11 C,,72.15686274509804,6,26,,,,,,,
CMYK,PANTONE P 19-12 C,,66.66666666666666,7,28,,,,,,,
CMYK,PANTONE P 19-13 C,,60.78431372549019,9,31,,,,,,,
CMYK,PANTONE P 19-14 C,,54.11764705882353,9,36,,,,,,,
CMYK,PANTONE P 19-15 C,,47.05882352941176,12,38,,,,,,,
CMYK,PANTONE P 19-16 C,,39.6078431372549,12,36,,,,,,,
CMYK,PANTONE P 20-1 C,,86.27450980392157,7,27,,,,,,,
CMYK,PANTONE P 20-2 C,,84.31372549019608,9,31,,,,,,,
CMYK,PANTONE P 20-3 C,,82.35294117647058,12,35,,,,,,,
CMYK,PANTONE P 20-4 C,,80.0,14,41,,,,,,,
CMYK,PANTONE P 20-5 C,,77.64705882352942,17,47,,,,,,,
CMYK,PANTONE P 20-6 C,,74.11764705882354,22,50,,,,,,,
CMYK,PANTONE P 20-7 C,,70.58823529411765,26,59,,,,,,,
CMYK,PANTONE P 20-8 C,,67.84313725490196,31,64,,,,,,,
CMYK,PANTONE P 20-9 C,,81.56862745098039,9,29,,,,,,,
CMYK,PANTONE P 20-10 C,,79.2156862745098,10,32,,,,,,,
CMYK,PANTONE P 20-11 C,,76.86274509803923,11,35,,,,,,,
CMYK,PANTONE P 20-12 C,,74.50980392156863,13,40,,,,,,,
CMYK,PANTONE P 20-13 C,,70.98039215686275,17,45,,,,,,,
CMYK,PANTONE P 20-14 C,,67.84313725490196,20,50,,,,,,,
CMYK,PANTONE P 20-15 C,,64.70588235294117,23,55,,,,,,,
CMYK,PANTONE P 20-16 C,,61.568627450980394,26,58,,,,,,,
CMYK,PANTONE P 21-1 C,,82.74509803921568,6,22,,,,,,,
CMYK,PANTONE P 21-2 C,,78.82352941176471,8,27,,,,,,,
CMYK,PANTONE P 21-3 C,,75.29411764705883,11,32,,,,,,,
CMYK,PANTONE P 21-4 C,,71.37254901960785,14,36,,,,,,,
CMYK,PANTONE P 21-5 C,,66.27450980392156,17,41,,,,,,,
CMYK,PANTONE P 21-6 C,,61.568627450980394,20,46,,,,,,,
CMYK,PANTONE P 21-7 C,,58.43137254901961,22,51,,,,,,,
CMYK,PANTONE P 21-8 C,,54.11764705882353,26,52,,,,,,,
CMYK,PANTONE P 21-9 C,,74.11764705882354,9,29,,,,,,,
CMYK,PANTONE P 21-10 C,,71.37254901960785,11,32,,,,,,,
CMYK,PANTONE P 21-11 C,,67.84313725490196,13,34,,,,,,,
CMYK,PANTONE P 21-12 C,,63.13725490196078,15,38,,,,,,,
CMYK,PANTONE P 21-13 C,,59.6078431372549,18,41,,,,,,,
CMYK,PANTONE P 21-14 C,,55.68627450980392,20,45,,,,,,,
CMYK,PANTONE P 21-15 C,,52.156862745098046,22,47,,,,,,,
CMYK,PANTONE P 21-16 C,,49.80392156862745,24,47,,,,,,,
CMYK,PANTONE P 22-1 C,,81.96078431372548,5,16,,,,,,,
CMYK,PANTONE P 22-2 C,,76.86274509803923,7,21,,,,,,,
CMYK,PANTONE P 22-3 C,,72.15686274509804,9,28,,,,,,,
CMYK,PANTONE P 22-4 C,,67.84313725490196,11,31,,,,,,,
CMYK,PANTONE P 22-5 C,,62.745098039215684,13,34,,,,,,,
CMYK,PANTONE P 22-6 C,,58.43137254901961,15,39,,,,,,,
CMYK,PANTONE P 22-7 C,,52.54901960784314,18,41,,,,,,,
CMYK,PANTONE P 22-8 C,,47.05882352941176,19,44,,,,,,,
CMYK,PANTONE P 22-9 C,,79.2156862745098,5,16,,,,,,,
CMYK,PANTONE P 22-10 C,,72.94117647058823,8,22,,,,,,,
CMYK,PANTONE P 22-11 C,,68.23529411764706,9,27,,,,,,,
CMYK,PANTONE P 22-12 C,,64.31372549019608,10,29,,,,,,,
CMYK,PANTONE P 22-13 C,,58.82352941176471,12,33,,,,,,,
CMYK,PANTONE P 22-14 C,,53.72549019607843,14,35,,,,,,,
CMYK,PANTONE P 22-15 C,,46.666666666666664,16,37,,,,,,,
CMYK,PANTONE P 22-16 C,,40.3921568627451,16,38,,,,,,,
CMYK,PANTONE P 23-1 C,,80.7843137254902,4,10,,,,,,,
CMYK,PANTONE P 23-2 C,,77.64705882352942,4,13,,,,,,,
CMYK,PANTONE P 23-3 C,,74.50980392156863,5,14,,,,,,,
CMYK,PANTONE P 23-4 C,,70.98039215686275,7,17,,,,,,,
CMYK,PANTONE P 23-5 C,,68.23529411764706,8,18,,,,,,,
CMYK,PANTONE P 23-6 C,,64.70588235294117,9,18,,,,,,,
CMYK,PANTONE P 23-7 C,,61.1764705882353,11,19,,,,,,,
CMYK,PANTONE P 23-8 C,,58.82352941176471,12,19,,,,,,,
CMYK,PANTONE P 23-9 C,,56.86274509803921,9,19,,,,,,,
CMYK,PANTONE P 23-10 C,,54.11764705882353,8,18,,,,,,,
CMYK,PANTONE P 23-11 C,,51.76470588235295,8,17,,,,,,,
CMYK,PANTONE P 23-12 C,,48.627450980392155,8,15,,,,,,,
CMYK,PANTONE P 23-13 C,,44.70588235294118,8,13,,,,,,,
CMYK,PANTONE P 23-14 C,,41.17647058823529,9,12,,,,,,,
CMYK,PANTONE P 23-15 C,,36.470588235294116,7,10,,,,,,,
CMYK,PANTONE P 23-16 C,,32.15686274509804,7,9,,,,,,,
CMYK,PANTONE P 24-1 C,,84.31372549019608,10,25,,,,,,,
CMYK,PANTONE P 24-2 C,,82.35294117647058,12,32,,,,,,,
CMYK,PANTONE P 24-3 C,,80.0,14,37,,,,,,,
CMYK,PANTONE P 24-4 C,,76.47058823529412,19,43,,,,,,,
CMYK,PANTONE P 24-5 C,,74.50980392156863,21,47,,,,,,,
CMYK,PANTONE P 24-6 C,,70.58823529411765,27,54,,,,,,,
CMYK,PANTONE P 24-7 C,,66.27450980392156,33,61,,,,,,,
CMYK,PANTONE P 24-8 C,,64.31372549019608,37,64,,,,,,,
CMYK,PANTONE P 24-9 C,,90.58823529411765,3,10,,,,,,,
CMYK,PANTONE P 24-10 C,,86.66666666666667,6,17,,,,,,,
CMYK,PANTONE P 24-11 C,,82.35294117647058,8,25,,,,,,,
CMYK,PANTONE P 24-12 C,,78.43137254901961,12,34,,,,,,,
CMYK,PANTONE P 24-13 C,,72.94117647058823,16,40,,,,,,,
CMYK,PANTONE P 24-14 C,,67.84313725490196,21,45,,,,,,,
CMYK,PANTONE P 24-15 C,,63.13725490196078,27,53,,,,,,,
CMYK,PANTONE P 24-16 C,,58.03921568627452,33,58,,,,,,,
CMYK,PANTONE P 25-1 C,,80.7843137254902,8,21,,,,,,,
CMYK,PANTONE P 25-2 C,,77.25490196078432,9,26,,,,,,,
CMYK,PANTONE P 25-3 C,,74.50980392156863,11,31,,,,,,,
CMYK,PANTONE P 25-4 C,,69.41176470588235,14,34,,,,,,,
CMYK,PANTONE P 25-5 C,,65.09803921568627,18,39,,,,,,,
CMYK,PANTONE P 25-6 C,,60.78431372549019,21,43,,,,,,,
CMYK,PANTONE P 25-7 C,,56.07843137254902,24,47,,,,,,,
CMYK,PANTONE P 25-8 C,,52.94117647058824,28,49,,,,,,,
CMYK,PANTONE P 25-9 C,,74.50980392156863,9,27,,,,,,,
CMYK,PANTONE P 25-10 C,,70.98039215686275,11,30,,,,,,,
CMYK,PANTONE P 25-11 C,,67.05882352941175,13,32,,,,,,,
CMYK,PANTONE P 25-12 C,,62.745098039215684,15,35,,,,,,,
CMYK,PANTONE P 25-13 C,,58.43137254901961,18,38,,,,,,,
CMYK,PANTONE P 25-14 C,,54.509803921568626,20,42,,,,,,,
CMYK,PANTONE P 25-15 C,,50.588235294117645,24,43,,,,,,,
CMYK,PANTONE P 25-16 C,,47.84313725490196,26,44,,,,,,,
CMYK,PANTONE P 26-1 C,,77.25490196078432,6,20,,,,,,,
CMYK,PANTONE P 26-2 C,,72.94117647058823,8,25,,,,,,,
CMYK,PANTONE P 26-3 C,,68.62745098039215,9,27,,,,,,,
CMYK,PANTONE P 26-4 C,,63.52941176470588,11,30,,,,,,,
CMYK,PANTONE P 26-5 C,,58.82352941176471,14,34,,,,,,,
CMYK,PANTONE P 26-6 C,,54.509803921568626,15,37,,,,,,,
CMYK,PANTONE P 26-7 C,,49.411764705882355,18,40,,,,,,,
CMYK,PANTONE P 26-8 C,,44.31372549019608,21,40,,,,,,,
CMYK,PANTONE P 26-9 C,,73.72549019607844,7,19,,,,,,,
CMYK,PANTONE P 26-10 C,,69.80392156862744,7,24,,,,,,,
CMYK,PANTONE P 26-11 C,,65.09803921568627,9,25,,,,,,,
CMYK,PANTONE P 26-12 C,,60.3921568627451,10,28,,,,,,,
CMYK,PANTONE P 26-13 C,,54.509803921568626,12,29,,,,,,,
CMYK,PANTONE P 26-14 C,,49.411764705882355,14,32,,,,,,,
CMYK,PANTONE P 26-15 C,,43.92156862745098,15,35,,,,,,,
CMYK,PANTONE P 26-16 C,,36.470588235294116,18,33,,,,,,,
CMYK,PANTONE P 27-1 C,,90.19607843137256,5,13,,,,,,,
CMYK,PANTONE P 27-2 C,,87.05882352941177,8,20,,,,,,,
CMYK,PANTONE P 27-3 C,,83.52941176470588,11,26,,,,,,,
CMYK,PANTONE P 27-4 C,,79.6078431372549,15,33,,,,,,,
CMYK,PANTONE P 27-5 C,,75.29411764705883,21,38,,,,,,,
CMYK,PANTONE P 27-6 C,,70.58823529411765,28,44,,,,,,,
CMYK,PANTONE P 27-7 C,,66.66666666666666,33,52,,,,,,,
CMYK,PANTONE P 27-8 C,,62.745098039215684,39,59,,,,,,,
CMYK,PANTONE P 27-9 C,,84.31372549019608,8,19,,,,,,,
CMYK,PANTONE P 27-10 C,,80.7843137254902,10,25,,,,,,,
CMYK,PANTONE P 27-11 C,,76.86274509803923,13,30,,,,,,,
CMYK,PANTONE P 27-12 C,,73.72549019607844,16,33,,,,,,,
CMYK,PANTONE P 27-13 C,,69.01960784313725,21,37,,,,,,,
CMYK,PANTONE P 27-14 C,,64.70588235294117,25,42,,,,,,,
CMYK,PANTONE P 27-15 C,,60.0,30,47,,,,,,,
CMYK,PANTONE P 27-16 C,,56.07843137254902,35,52,,,,,,,
CMYK,PANTONE P 28-1 C,,74.11764705882354,12,28,,,,,,,
CMYK,PANTONE P 28-2 C,,71.37254901960785,14,31,,,,,,,
CMYK,PANTONE P 28-3 C,,68.62745098039215,16,34,,,,,,,
CMYK,PANTONE P 28-4 C,,65.09803921568627,19,36,,,,,,,
CMYK,PANTONE P 28-5 C,,61.96078431372549,21,39,,,,,,,
CMYK,PANTONE P 28-6 C,,58.82352941176471,24,41,,,,,,,
CMYK,PANTONE P 28-7 C,,55.294117647058826,27,45,,,,,,,
CMYK,PANTONE P 28-8 C,,52.54901960784314,30,48,,,,,,,
CMYK,PANTONE P 28-9 C,,87.05882352941177,4,10,,,,,,,
CMYK,PANTONE P 28-10 C,,81.17647058823529,7,16,,,,,,,
CMYK,PANTONE P 28-11 C,,75.68627450980392,9,22,,,,,,,
CMYK,PANTONE P 28-12 C,,69.01960784313725,13,28,,,,,,,
CMYK,PANTONE P 28-13 C,,63.13725490196078,17,32,,,,,,,
CMYK,PANTONE P 28-14 C,,58.03921568627452,20,35,,,,,,,
CMYK,PANTONE P 28-15 C,,52.156862745098046,24,39,,,,,,,
CMYK,PANTONE P 28-16 C,,47.45098039215686,28,42,,,,,,,
CMYK,PANTONE P 29-1 C,,83.13725490196079,5,12,,,,,,,
CMYK,PANTONE P 29-2 C,,76.47058823529412,8,19,,,,,,,
CMYK,PANTONE P 29-3 C,,71.37254901960785,9,25,,,,,,,
CMYK,PANTONE P 29-4 C,,64.31372549019608,12,27,,,,,,,
CMYK,PANTONE P 29-5 C,,58.03921568627452,16,29,,,,,,,
CMYK,PANTONE P 29-6 C,,51.37254901960784,19,33,,,,,,,
CMYK,PANTONE P 29-7 C,,44.70588235294118,22,34,,,,,,,
CMYK,PANTONE P 29-8 C,,40.3921568627451,24,35,,,,,,,
CMYK,PANTONE P 29-9 C,,70.58823529411765,9,19,,,,,,,
CMYK,PANTONE P 29-10 C,,65.88235294117646,10,23,,,,,,,
CMYK,PANTONE P 29-11 C,,61.1764705882353,11,25,,,,,,,
CMYK,PANTONE P 29-12 C,,56.07843137254902,14,27,,,,,,,
CMYK,PANTONE P 29-13 C,,50.588235294117645,16,28,,,,,,,
CMYK,PANTONE P 29-14 C,,43.92156862745098,18,29,,,,,,,
CMYK,PANTONE P 29-15 C,,38.43137254901961,20,28,,,,,,,
CMYK,PANTONE P 29-16 C,,33.72549019607843,20,28,,,,,,,
CMYK,PANTONE P 30-1 C,,89.01960784313725,6,13,,,,,,,
CMYK,PANTONE P 30-2 C,,85.09803921568627,10,21,,,,,,,
CMYK,PANTONE P 30-3 C,,81.56862745098039,13,28,,,,,,,
CMYK,PANTONE P 30-4 C,,76.86274509803923,19,33,,,,,,,
CMYK,PANTONE P 30-5 C,,74.11764705882354,22,40,,,,,,,
CMYK,PANTONE P 30-6 C,,69.01960784313725,30,45,,,,,,,
CMYK,PANTONE P 30-7 C,,64.31372549019608,36,52,,,,,,,
CMYK,PANTONE P 30-8 C,,60.0,44,55,,,,,,,
CMYK,PANTONE P 30-9 C,,81.56862745098039,10,20,,,,,,,
CMYK,PANTONE P 30-10 C,,78.82352941176471,12,25,,,,,,,
CMYK,PANTONE P 30-11 C,,74.11764705882354,16,30,,,,,,,
CMYK,PANTONE P 30-12 C,,69.80392156862744,21,34,,,,,,,
CMYK,PANTONE P 30-13 C,,65.88235294117646,24,38,,,,,,,
CMYK,PANTONE P 30-14 C,,61.96078431372549,29,42,,,,,,,
CMYK,PANTONE P 30-15 C,,57.647058823529406,34,46,,,,,,,
CMYK,PANTONE P 30-16 C,,53.333333333333336,39,48,,,,,,,
CMYK,PANTONE P 31-1 C,,89.80392156862746,4,7,,,,,,,
CMYK,PANTONE P 31-2 C,,84.31372549019608,7,14,,,,,,,
CMYK,PANTONE P 31-3 C,,78.43137254901961,10,22,,,,,,,
CMYK,PANTONE P 31-4 C,,71.76470588235294,15,28,,,,,,,
CMYK,PANTONE P 31-5 C,,65.88235294117646,20,31,,,,,,,
CMYK,PANTONE P 31-6 C,,59.6078431372549,25,36,,,,,,,
CMYK,PANTONE P 31-7 C,,53.72549019607843,32,40,,,,,,,
CMYK,PANTONE P 31-8 C,,49.01960784313725,36,41,,,,,,,
CMYK,PANTONE P 31-9 C,,65.88235294117646,16,29,,,,,,,
CMYK,PANTONE P 31-10 C,,62.745098039215684,19,31,,,,,,,
CMYK,PANTONE P 31-11 C,,60.3921568627451,21,33,,,,,,,
CMYK,PANTONE P 31-12 C,,56.470588235294116,24,34,,,,,,,
CMYK,PANTONE P 31-13 C,,53.333333333333336,26,35,,,,,,,
CMYK,PANTONE P 31-14 C,,50.19607843137255,28,37,,,,,,,
CMYK,PANTONE P 31-15 C,,47.84313725490196,30,38,,,,,,,
CMYK,PANTONE P 31-16 C,,45.490196078431374,32,38,,,,,,,
CMYK,PANTONE P 32-1 C,,78.43137254901961,7,16,,,,,,,
CMYK,PANTONE P 32-2 C,,73.72549019607844,9,21,,,,,,,
CMYK,PANTONE P 32-3 C,,68.23529411764706,12,26,,,,,,,
CMYK,PANTONE P 32-4 C,,61.568627450980394,15,27,,,,,,,
CMYK,PANTONE P 32-5 C,,56.470588235294116,19,31,,,,,,,
CMYK,PANTONE P 32-6 C,,51.37254901960784,22,33,,,,,,,
CMYK,PANTONE P 32-7 C,,46.27450980392157,25,35,,,,,,,
CMYK,PANTONE P 32-8 C,,39.21568627450981,28,33,,,,,,,
CMYK,PANTONE P 32-9 C,,68.23529411764706,10,22,,,,,,,
CMYK,PANTONE P 32-10 C,,63.921568627450974,11,24,,,,,,,
CMYK,PANTONE P 32-11 C,,60.3921568627451,14,26,,,,,,,
CMYK,PANTONE P 32-12 C,,55.294117647058826,16,27,,,,,,,
CMYK,PANTONE P 32-13 C,,50.19607843137255,18,30,,,,,,,
CMYK,PANTONE P 32-14 C,,44.70588235294118,20,30,,,,,,,
CMYK,PANTONE P 32-15 C,,39.6078431372549,22,31,,,,,,,
CMYK,PANTONE P 32-16 C,,33.72549019607843,23,28,,,,,,,
CMYK,PANTONE P 33-1 C,,79.6078431372549,4,6,,,,,,,
CMYK,PANTONE P 33-2 C,,76.07843137254902,6,9,,,,,,,
CMYK,PANTONE P 33-3 C,,72.15686274509804,7,10,,,,,,,
CMYK,PANTONE P 33-4 C,,67.84313725490196,9,12,,,,,,,
CMYK,PANTONE P 33-5 C,,63.52941176470588,11,13,,,,,,,
CMYK,PANTONE P 33-6 C,,59.6078431372549,12,13,,,,,,,
CMYK,PANTONE P 33-7 C,,56.07843137254902,14,13,,,,,,,
CMYK,PANTONE P 33-8 C,,53.333333333333336,16,14,,,,,,,
CMYK,PANTONE P 33-9 C,,52.94117647058824,15,13,,,,,,,
CMYK,PANTONE P 33-10 C,,50.588235294117645,14,14,,,,,,,
CMYK,PANTONE P 33-11 C,,47.84313725490196,13,12,,,,,,,
CMYK,PANTONE P 33-12 C,,44.70588235294118,13,11,,,,,,,
CMYK,PANTONE P 33-13 C,,41.96078431372549,13,10,,,,,,,
CMYK,PANTONE P 33-14 C,,38.03921568627451,12,8,,,,,,,
CMYK,PANTONE P 33-15 C,,32.94117647058823,11,6,,,,,,,
CMYK,PANTONE P 33-16 C,,29.411764705882355,10,5,,,,,,,
CMYK,PANTONE P 34-1 C,,87.05882352941177,8,16,,,,,,,
CMYK,PANTONE P 34-2 C,,83.52941176470588,12,22,,,,,,,
CMYK,PANTONE P 34-3 C,,80.0,15,29,,,,,,,
CMYK,PANTONE P 34-4 C,,75.68627450980392,21,34,,,,,,,
CMYK,PANTONE P 34-5 C,,71.76470588235294,26,38,,,,,,,
CMYK,PANTONE P 34-6 C,,68.23529411764706,31,43,,,,,,,
CMYK,PANTONE P 34-7 C,,64.31372549019608,37,49,,,,,,,
CMYK,PANTONE P 34-8 C,,58.82352941176471,47,52,,,,,,,
CMYK,PANTONE P 34-9 C,,80.7843137254902,12,21,,,,,,,
CMYK,PANTONE P 34-10 C,,76.86274509803923,15,26,,,,,,,
CMYK,PANTONE P 34-11 C,,72.54901960784314,19,30,,,,,,,
CMYK,PANTONE P 34-12 C,,69.41176470588235,22,34,,,,,,,
CMYK,PANTONE P 34-13 C,,65.09803921568627,27,38,,,,,,,
CMYK,PANTONE P 34-14 C,,61.96078431372549,31,42,,,,,,,
CMYK,PANTONE P 34-15 C,,57.25490196078431,37,44,,,,,,,
CMYK,PANTONE P 34-16 C,,53.72549019607843,42,47,,,,,,,
CMYK,PANTONE P 35-1 C,,80.7843137254902,10,18,,,,,,,
CMYK,PANTONE P 35-2 C,,75.68627450980392,13,24,,,,,,,
CMYK,PANTONE P 35-3 C,,70.19607843137254,18,30,,,,,,,
CMYK,PANTONE P 35-4 C,,65.09803921568627,22,33,,,,,,,
CMYK,PANTONE P 35-5 C,,59.6078431372549,28,36,,,,,,,
CMYK,PANTONE P 35-6 C,,54.11764705882353,34,38,,,,,,,
CMYK,PANTONE P 35-7 C,,50.19607843137255,38,41,,,,,,,
CMYK,PANTONE P 35-8 C,,46.666666666666664,42,40,,,,,,,
CMYK,PANTONE P 35-9 C,,84.70588235294117,7,11,,,,,,,
CMYK,PANTONE P 35-10 C,,77.25490196078432,10,18,,,,,,,
CMYK,PANTONE P 35-11 C,,71.37254901960785,13,24,,,,,,,
CMYK,PANTONE P 35-12 C,,65.09803921568627,19,29,,,,,,,
CMYK,PANTONE P 35-13 C,,59.21568627450981,24,31,,,,,,,
CMYK,PANTONE P 35-14 C,,52.94117647058824,29,34,,,,,,,
CMYK,PANTONE P 35-15 C,,48.627450980392155,32,37,,,,,,,
CMYK,PANTONE P 35-16 C,,43.13725490196079,37,37,,,,,,,
CMYK,PANTONE P 36-1 C,,76.86274509803923,9,17,,,,,,,
CMYK,PANTONE P 36-2 C,,70.19607843137254,13,22,,,,,,,
CMYK,PANTONE P 36-3 C,,65.09803921568627,15,26,,,,,,,
CMYK,PANTONE P 36-4 C,,60.0,18,28,,,,,,,
CMYK,PANTONE P 36-5 C,,55.68627450980392,21,30,,,,,,,
CMYK,PANTONE P 36-6 C,,50.98039215686274,24,33,,,,,,,
CMYK,PANTONE P 36-7 C,,45.09803921568628,28,33,,,,,,,
CMYK,PANTONE P 36-8 C,,37.64705882352941,31,32,,,,,,,
CMYK,PANTONE P 36-9 C,,64.70588235294117,13,23,,,,,,,
CMYK,PANTONE P 36-10 C,,61.1764705882353,15,24,,,,,,,
CMYK,PANTONE P 36-11 C,,57.25490196078431,16,26,,,,,,,
CMYK,PANTONE P 36-12 C,,52.54901960784314,19,27,,,,,,,
CMYK,PANTONE P 36-13 C,,48.627450980392155,21,27,,,,,,,
CMYK,PANTONE P 36-14 C,,43.13725490196079,23,29,,,,,,,
CMYK,PANTONE P 36-15 C,,37.254901960784316,25,28,,,,,,,
CMYK,PANTONE P 36-16 C,,31.372549019607842,25,25,,,,,,,
CMYK,PANTONE P 37-1 C,,89.80392156862746,6,13,,,,,,,
CMYK,PANTONE P 37-2 C,,84.70588235294117,10,20,,,,,,,
CMYK,PANTONE P 37-3 C,,80.3921568627451,15,27,,,,,,,
CMYK,PANTONE P 37-4 C,,75.68627450980392,21,32,,,,,,,
CMYK,PANTONE P 37-5 C,,70.98039215686275,28,36,,,,,,,
CMYK,PANTONE P 37-6 C,,65.88235294117646,36,40,,,,,,,
CMYK,PANTONE P 37-7 C,,60.78431372549019,44,44,,,,,,,
CMYK,PANTONE P 37-8 C,,56.86274509803921,52,49,,,,,,,
CMYK,PANTONE P 37-9 C,,80.0,10,21,,,,,,,
CMYK,PANTONE P 37-10 C,,75.68627450980392,14,26,,,,,,,
CMYK,PANTONE P 37-11 C,,71.76470588235294,18,29,,,,,,,
CMYK,PANTONE P 37-12 C,,67.45098039215686,23,31,,,,,,,
CMYK,PANTONE P 37-13 C,,61.96078431372549,30,33,,,,,,,
CMYK,PANTONE P 37-14 C,,58.43137254901961,34,37,,,,,,,
CMYK,PANTONE P 37-15 C,,53.72549019607843,39,40,,,,,,,
CMYK,PANTONE P 37-16 C,,49.80392156862745,45,42,,,,,,,
CMYK,PANTONE P 38-1 C,,77.25490196078432,10,21,,,,,,,
CMYK,PANTONE P 38-2 C,,72.54901960784314,13,25,,,,,,,
CMYK,PANTONE P 38-3 C,,67.84313725490196,17,28,,,,,,,
CMYK,PANTONE P 38-4 C,,63.52941176470588,21,30,,,,,,,
CMYK,PANTONE P 38-5 C,,58.03921568627452,26,31,,,,,,,
CMYK,PANTONE P 38-6 C,,54.11764705882353,30,33,,,,,,,
CMYK,PANTONE P 38-7 C,,49.411764705882355,35,35,,,,,,,
CMYK,PANTONE P 38-8 C,,45.490196078431374,39,37,,,,,,,
CMYK,PANTONE P 38-9 C,,79.6078431372549,7,16,,,,,,,
CMYK,PANTONE P 38-10 C,,74.11764705882354,10,21,,,,,,,
CMYK,PANTONE P 38-11 C,,67.84313725490196,13,25,,,,,,,
CMYK,PANTONE P 38-12 C,,62.745098039215684,18,27,,,,,,,
CMYK,PANTONE P 38-13 C,,56.470588235294116,22,28,,,,,,,
CMYK,PANTONE P 38-14 C,,51.37254901960784,26,30,,,,,,,
CMYK,PANTONE P 38-15 C,,45.88235294117647,30,32,,,,,,,
CMYK,PANTONE P 38-16 C,,40.3921568627451,34,33,,,,,,,
CMYK,PANTONE P 39-1 C,,72.15686274509804,11,19,,,,,,,
CMYK,PANTONE P 39-2 C,,66.66666666666666,14,23,,,,,,,
CMYK,PANTONE P 39-3 C,,60.78431372549019,18,25,,,,,,,
CMYK,PANTONE P 39-4 C,,56.86274509803921,19,27,,,,,,,
CMYK,PANTONE P 39-5 C,,52.156862745098046,24,28,,,,,,,
CMYK,PANTONE P 39-6 C,,46.27450980392157,28,30,,,,,,,
CMYK,PANTONE P 39-7 C,,40.3921568627451,30,32,,,,,,,
CMYK,PANTONE P 39-8 C,,34.509803921568626,33,32,,,,,,,
CMYK,PANTONE P 39-9 C,,85.49019607843137,4,8,,,,,,,
CMYK,PANTONE P 39-10 C,,76.47058823529412,8,14,,,,,,,
CMYK,PANTONE P 39-11 C,,68.23529411764706,11,19,,,,,,,
CMYK,PANTONE P 39-12 C,,61.1764705882353,14,23,,,,,,,
CMYK,PANTONE P 39-13 C,,54.509803921568626,18,25,,,,,,,
CMYK,PANTONE P 39-14 C,,46.27450980392157,23,26,,,,,,,
CMYK,PANTONE P 39-15 C,,37.254901960784316,26,27,,,,,,,
CMYK,PANTONE P 39-16 C,,30.19607843137255,29,28,,,,,,,
CMYK,PANTONE P 40-1 C,,85.49019607843137,10,16,,,,,,,
CMYK,PANTONE P 40-2 C,,81.56862745098039,14,22,,,,,,,
CMYK,PANTONE P 40-3 C,,77.25490196078432,19,28,,,,,,,
CMYK,PANTONE P 40-4 C,,72.15686274509804,26,32,,,,,,,
CMYK,PANTONE P 40-5 C,,67.45098039215686,34,35,,,,,,,
CMYK,PANTONE P 40-6 C,,63.13725490196078,40,38,,,,,,,
CMYK,PANTONE P 40-7 C,,58.03921568627452,49,43,,,,,,,
CMYK,PANTONE P 40-8 C,,53.72549019607843,57,47,,,,,,,
CMYK,PANTONE P 40-9 C,,77.25490196078432,15,22,,,,,,,
CMYK,PANTONE P 40-10 C,,72.94117647058823,19,26,,,,,,,
CMYK,PANTONE P 40-11 C,,68.23529411764706,25,29,,,,,,,
CMYK,PANTONE P 40-12 C,,63.921568627450974,30,32,,,,,,,
CMYK,PANTONE P 40-13 C,,59.6078431372549,36,34,,,,,,,
CMYK,PANTONE P 40-14 C,,54.509803921568626,41,37,,,,,,,
CMYK,PANTONE P 40-15 C,,50.19607843137255,47,40,,,,,,,
CMYK,PANTONE P 40-16 C,,47.45098039215686,52,42,,,,,,,
CMYK,PANTONE P 41-1 C,,74.50980392156863,15,26,,,,,,,
CMYK,PANTONE P 41-2 C,,69.80392156862744,18,29,,,,,,,
CMYK,PANTONE P 41-3 C,,64.70588235294117,23,32,,,,,,,
CMYK,PANTONE P 41-4 C,,62.35294117647059,26,33,,,,,,,
CMYK,PANTONE P 41-5 C,,55.68627450980392,33,34,,,,,,,
CMYK,PANTONE P 41-6 C,,51.37254901960784,37,38,,,,,,,
CMYK,PANTONE P 41-7 C,,47.05882352941176,43,41,,,,,,,
CMYK,PANTONE P 41-8 C,,45.490196078431374,47,43,,,,,,,
CMYK,PANTONE P 41-9 C,,57.25490196078431,26,32,,,,,,,
CMYK,PANTONE P 41-10 C,,54.90196078431373,27,32,,,,,,,
CMYK,PANTONE P 41-11 C,,52.156862745098046,30,33,,,,,,,
CMYK,PANTONE P 41-12 C,,49.411764705882355,32,33,,,,,,,
CMYK,PANTONE P 41-13 C,,46.666666666666664,35,34,,,,,,,
CMYK,PANTONE P 41-14 C,,44.70588235294118,37,36,,,,,,,
CMYK,PANTONE P 41-15 C,,41.96078431372549,40,37,,,,,,,
CMYK,PANTONE P 41-16 C,,39.21568627450981,42,37,,,,,,,
CMYK,PANTONE P 42-1 C,,70.58823529411765,13,20,,,,,,,
CMYK,PANTONE P 42-2 C,,65.09803921568627,16,23,,,,,,,
CMYK,PANTONE P 42-3 C,,59.6078431372549,19,25,,,,,,,
CMYK,PANTONE P 42-4 C,,55.294117647058826,22,26,,,,,,,
CMYK,PANTONE P 42-5 C,,50.19607843137255,27,27,,,,,,,
CMYK,PANTONE P 42-6 C,,43.92156862745098,30,29,,,,,,,
CMYK,PANTONE P 42-7 C,,37.64705882352941,33,31,,,,,,,
CMYK,PANTONE P 42-8 C,,33.72549019607843,34,31,,,,,,,
CMYK,PANTONE P 42-9 C,,82.35294117647058,6,9,,,,,,,
CMYK,PANTONE P 42-10 C,,74.50980392156863,9,15,,,,,,,
CMYK,PANTONE P 42-11 C,,66.27450980392156,12,19,,,,,,,
CMYK,PANTONE P 42-12 C,,59.21568627450981,16,23,,,,,,,
CMYK,PANTONE P 42-13 C,,52.94117647058824,20,24,,,,,,,
CMYK,PANTONE P 42-14 C,,44.70588235294118,25,25,,,,,,,
CMYK,PANTONE P 42-15 C,,34.509803921568626,27,26,,,,,,,
CMYK,PANTONE P 42-16 C,,29.01960784313726,29,25,,,,,,,
CMYK,PANTONE P 43-1 C,,74.90196078431373,6,12,,,,,,,
CMYK,PANTONE P 43-2 C,,70.58823529411765,9,13,,,,,,,
CMYK,PANTONE P 43-3 C,,66.66666666666666,11,15,,,,,,,
CMYK,PANTONE P 43-4 C,,62.745098039215684,13,16,,,,,,,
CMYK,PANTONE P 43-5 C,,58.82352941176471,15,16,,,,,,,
CMYK,PANTONE P 43-6 C,,54.509803921568626,19,17,,,,,,,
CMYK,PANTONE P 43-7 C,,52.156862745098046,22,18,,,,,,,
CMYK,PANTONE P 43-8 C,,49.411764705882355,23,17,,,,,,,
CMYK,PANTONE P 43-9 C,,48.627450980392155,21,18,,,,,,,
CMYK,PANTONE P 43-10 C,,45.490196078431374,20,16,,,,,,,
CMYK,PANTONE P 43-11 C,,43.13725490196079,19,15,,,,,,,
CMYK,PANTONE P 43-12 C,,40.78431372549019,18,14,,,,,,,
CMYK,PANTONE P 43-13 C,,38.03921568627451,17,14,,,,,,,
CMYK,PANTONE P 43-14 C,,34.11764705882353,15,13,,,,,,,
CMYK,PANTONE P 43-15 C,,31.76470588235294,14,13,,,,,,,
CMYK,PANTONE P 43-16 C,,29.01960784313726,13,11,,,,,,,
CMYK,PANTONE P 44-1 C,,69.41176470588235,7,11,,,,,,,
CMYK,PANTONE P 44-2 C,,66.27450980392156,8,11,,,,,,,
CMYK,PANTONE P 44-3 C,,63.52941176470588,9,12,,,,,,,
CMYK,PANTONE P 44-4 C,,60.3921568627451,11,14,,,,,,,
CMYK,PANTONE P 44-5 C,,57.647058823529406,13,14,,,,,,,
CMYK,PANTONE P 44-6 C,,55.294117647058826,15,15,,,,,,,
CMYK,PANTONE P 44-7 C,,52.156862745098046,16,14,,,,,,,
CMYK,PANTONE P 44-8 C,,49.01960784313725,17,14,,,,,,,
CMYK,PANTONE P 44-9 C,,47.45098039215686,15,11,,,,,,,
CMYK,PANTONE P 44-10 C,,45.09803921568628,14,10,,,,,,,
CMYK,PANTONE P 44-11 C,,42.35294117647059,12,9,,,,,,,
CMYK,PANTONE P 44-12 C,,38.82352941176471,13,8,,,,,,,
CMYK,PANTONE P 44-13 C,,36.07843137254902,13,7,,,,,,,
CMYK,PANTONE P 44-14 C,,32.94117647058823,12,7,,,,,,,
CMYK,PANTONE P 44-15 C,,28.627450980392155,11,6,,,,,,,
CMYK,PANTONE P 44-16 C,,25.49019607843137,10,5,,,,,,,
CMYK,PANTONE P 45-1 C,,80.0,16,24,,,,,,,
CMYK,PANTONE P 45-2 C,,74.50980392156863,23,29,,,,,,,
CMYK,PANTONE P 45-3 C,,70.19607843137254,29,32,,,,,,,
CMYK,PANTONE P 45-4 C,,65.88235294117646,36,33,,,,,,,
CMYK,PANTONE P 45-5 C,,62.745098039215684,41,38,,,,,,,
CMYK,PANTONE P 45-6 C,,57.647058823529406,50,43,,,,,,,
CMYK,PANTONE P 45-7 C,,53.72549019607843,57,45,,,,,,,
CMYK,PANTONE P 45-8 C,,51.76470588235295,62,47,,,,,,,
CMYK,PANTONE P 45-9 C,,85.49019607843137,8,12,,,,,,,
CMYK,PANTONE P 45-10 C,,80.3921568627451,12,19,,,,,,,
CMYK,PANTONE P 45-11 C,,74.50980392156863,18,24,,,,,,,
CMYK,PANTONE P 45-12 C,,67.84313725490196,25,29,,,,,,,
CMYK,PANTONE P 45-13 C,,61.568627450980394,33,32,,,,,,,
CMYK,PANTONE P 45-14 C,,56.07843137254902,41,36,,,,,,,
CMYK,PANTONE P 45-15 C,,50.588235294117645,48,40,,,,,,,
CMYK,PANTONE P 45-16 C,,46.27450980392157,55,42,,,,,,,
CMYK,PANTONE P 46-1 C,,76.07843137254902,15,20,,,,,,,
CMYK,PANTONE P 46-2 C,,70.58823529411765,20,23,,,,,,,
CMYK,PANTONE P 46-3 C,,65.09803921568627,25,26,,,,,,,
CMYK,PANTONE P 46-4 C,,60.0,31,28,,,,,,,
CMYK,PANTONE P 46-5 C,,55.294117647058826,36,30,,,,,,,
CMYK,PANTONE P 46-6 C,,49.411764705882355,42,32,,,,,,,
CMYK,PANTONE P 46-7 C,,45.88235294117647,47,36,,,,,,,
CMYK,PANTONE P 46-8 C,,41.96078431372549,52,37,,,,,,,
CMYK,PANTONE P 46-9 C,,85.88235294117646,6,8,,,,,,,
CMYK,PANTONE P 46-10 C,,78.43137254901961,11,15,,,,,,,
CMYK,PANTONE P 46-11 C,,70.98039215686275,16,21,,,,,,,
CMYK,PANTONE P 46-12 C,,63.921568627450974,22,25,,,,,,,
CMYK,PANTONE P 46-13 C,,56.07843137254902,29,25,,,,,,,
CMYK,PANTONE P 46-14 C,,49.80392156862745,35,28,,,,,,,
CMYK,PANTONE P 46-15 C,,43.529411764705884,40,31,,,,,,,
CMYK,PANTONE P 46-16 C,,37.254901960784316,47,33,,,,,,,
CMYK,PANTONE P 47-1 C,,76.07843137254902,9,15,,,,,,,
CMYK,PANTONE P 47-2 C,,69.01960784313725,13,19,,,,,,,
CMYK,PANTONE P 47-3 C,,62.35294117647059,17,22,,,,,,,
CMYK,PANTONE P 47-4 C,,56.07843137254902,21,22,,,,,,,
CMYK,PANTONE P 47-5 C,,50.98039215686274,25,23,,,,,,,
CMYK,PANTONE P 47-6 C,,45.09803921568628,30,25,,,,,,,
CMYK,PANTONE P 47-7 C,,38.43137254901961,34,26,,,,,,,
CMYK,PANTONE P 47-8 C,,32.15686274509804,37,25,,,,,,,
CMYK,PANTONE P 47-9 C,,80.0,7,10,,,,,,,
CMYK,PANTONE P 47-10 C,,72.54901960784314,10,15,,,,,,,
CMYK,PANTONE P 47-11 C,,64.31372549019608,13,19,,,,,,,
CMYK,PANTONE P 47-12 C,,57.647058823529406,17,21,,,,,,,
CMYK,PANTONE P 47-13 C,,50.98039215686274,21,22,,,,,,,
CMYK,PANTONE P 47-14 C,,43.92156862745098,25,23,,,,,,,
CMYK,PANTONE P 47-15 C,,34.90196078431372,29,25,,,,,,,
CMYK,PANTONE P 47-16 C,,28.235294117647058,32,23,,,,,,,
CMYK,PANTONE P 48-1 C,,90.19607843137256,6,7,,,,,,,
CMYK,PANTONE P 48-2 C,,84.31372549019608,12,14,,,,,,,
CMYK,PANTONE P 48-3 C,,79.2156862745098,18,21,,,,,,,
CMYK,PANTONE P 48-4 C,,72.94117647058823,26,27,,,,,,,
CMYK,PANTONE P 48-5 C,,65.49019607843137,38,30,,,,,,,
CMYK,PANTONE P 48-6 C,,59.21568627450981,48,35,,,,,,,
CMYK,PANTONE P 48-7 C,,52.54901960784314,60,41,,,,,,,
CMYK,PANTONE P 48-8 C,,49.411764705882355,67,45,,,,,,,
CMYK,PANTONE P 48-9 C,,71.76470588235294,22,24,,,,,,,
CMYK,PANTONE P 48-10 C,,66.66666666666666,28,27,,,,,,,
CMYK,PANTONE P 48-11 C,,63.13725490196078,33,28,,,,,,,
CMYK,PANTONE P 48-12 C,,59.6078431372549,38,30,,,,,,,
CMYK,PANTONE P 48-13 C,,54.90196078431373,45,33,,,,,,,
CMYK,PANTONE P 48-14 C,,50.98039215686274,51,35,,,,,,,
CMYK,PANTONE P 48-15 C,,46.666666666666664,57,36,,,,,,,
CMYK,PANTONE P 48-16 C,,45.09803921568628,59,39,,,,,,,
CMYK,PANTONE P 49-1 C,,74.50980392156863,16,22,,,,,,,
CMYK,PANTONE P 49-2 C,,69.80392156862744,20,26,,,,,,,
CMYK,PANTONE P 49-3 C,,63.921568627450974,26,28,,,,,,,
CMYK,PANTONE P 49-4 C,,58.82352941176471,32,29,,,,,,,
CMYK,PANTONE P 49-5 C,,52.156862745098046,40,32,,,,,,,
CMYK,PANTONE P 49-6 C,,47.84313725490196,46,37,,,,,,,
CMYK,PANTONE P 49-7 C,,43.13725490196079,52,37,,,,,,,
CMYK,PANTONE P 49-8 C,,40.0,57,38,,,,,,,
CMYK,PANTONE P 49-9 C,,74.11764705882354,13,24,,,,,,,
CMYK,PANTONE P 49-10 C,,67.84313725490196,18,26,,,,,,,
CMYK,PANTONE P 49-11 C,,62.35294117647059,23,30,,,,,,,
CMYK,PANTONE P 49-12 C,,56.07843137254902,29,31,,,,,,,
CMYK,PANTONE P 49-13 C,,50.19607843137255,35,35,,,,,,,
CMYK,PANTONE P 49-14 C,,45.09803921568628,41,37,,,,,,,
CMYK,PANTONE P 49-15 C,,39.6078431372549,47,36,,,,,,,
CMYK,PANTONE P 49-16 C,,36.07843137254902,51,35,,,,,,,
CMYK,PANTONE P 50-1 C,,73.72549019607844,11,24,,,,,,,
CMYK,PANTONE P 50-2 C,,69.80392156862744,14,26,,,,,,,
CMYK,PANTONE P 50-3 C,,63.13725490196078,18,28,,,,,,,
CMYK,PANTONE P 50-4 C,,57.25490196078431,23,27,,,,,,,
CMYK,PANTONE P 50-5 C,,51.76470588235295,27,28,,,,,,,
CMYK,PANTONE P 50-6 C,,45.09803921568628,34,28,,,,,,,
CMYK,PANTONE P 50-7 C,,38.82352941176471,39,26,,,,,,,
CMYK,PANTONE P 50-8 C,,32.94117647058823,45,23,,,,,,,
CMYK,PANTONE P 50-9 C,,79.2156862745098,7,15,,,,,,,
CMYK,PANTONE P 50-10 C,,72.15686274509804,10,22,,,,,,,
CMYK,PANTONE P 50-11 C,,64.70588235294117,14,23,,,,,,,
CMYK,PANTONE P 50-12 C,,59.21568627450981,18,26,,,,,,,
CMYK,PANTONE P 50-13 C,,51.76470588235295,23,25,,,,,,,
CMYK,PANTONE P 50-14 C,,44.31372549019608,28,23,,,,,,,
CMYK,PANTONE P 50-15 C,,35.68627450980392,33,22,,,,,,,
CMYK,PANTONE P 50-16 C,,27.84313725490196,37,17,,,,,,,
CMYK,PANTONE P 51-1 C,,90.98039215686275,2,1,,,,,,,
CMYK,PANTONE P 51-2 C,,83.92156862745098,4,3,,,,,,,
CMYK,PANTONE P 51-3 C,,78.03921568627452,7,5,,,,,,,
CMYK,PANTONE P 51-4 C,,70.98039215686275,9,7,,,,,,,
CMYK,PANTONE P 51-5 C,,64.31372549019608,12,9,,,,,,,
CMYK,PANTONE P 51-6 C,,58.43137254901961,17,10,,,,,,,
CMYK,PANTONE P 51-7 C,,54.11764705882353,20,9,,,,,,,
CMYK,PANTONE P 51-8 C,,49.411764705882355,23,10,,,,,,,
CMYK,PANTONE P 51-9 C,,48.23529411764706,21,8,,,,,,,
CMYK,PANTONE P 51-10 C,,45.09803921568628,21,8,,,,,,,
CMYK,PANTONE P 51-11 C,,42.35294117647059,20,7,,,,,,,
CMYK,PANTONE P 51-12 C,,40.0,19,5,,,,,,,
CMYK,PANTONE P 51-13 C,,36.86274509803922,18,5,,,,,,,
CMYK,PANTONE P 51-14 C,,33.33333333333333,17,5,,,,,,,
CMYK,PANTONE P 51-15 C,,29.80392156862745,15,4,,,,,,,
CMYK,PANTONE P 51-16 C,,27.058823529411764,13,3,,,,,,,
CMYK,PANTONE P 52-1 C,,88.62745098039215,8,8,,,,,,,
CMYK,PANTONE P 52-2 C,,84.70588235294117,12,14,,,,,,,
CMYK,PANTONE P 52-3 C,,79.2156862745098,18,19,,,,,,,
CMYK,PANTONE P 52-4 C,,73.72549019607844,25,23,,,,,,,
CMYK,PANTONE P 52-5 C,,67.45098039215686,34,25,,,,,,,
CMYK,PANTONE P 52-6 C,,61.1764705882353,45,28,,,,,,,
CMYK,PANTONE P 52-7 C,,54.509803921568626,57,33,,,,,,,
CMYK,PANTONE P 52-8 C,,49.01960784313725,68,34,,,,,,,
CMYK,PANTONE P 52-9 C,,80.0,15,13,,,,,,,
CMYK,PANTONE P 52-10 C,,75.29411764705883,19,18,,,,,,,
CMYK,PANTONE P 52-11 C,,70.19607843137254,25,22,,,,,,,
CMYK,PANTONE P 52-12 C,,65.09803921568627,31,23,,,,,,,
CMYK,PANTONE P 52-13 C,,59.6078431372549,39,25,,,,,,,
CMYK,PANTONE P 52-14 C,,53.72549019607843,47,27,,,,,,,
CMYK,PANTONE P 52-15 C,,48.627450980392155,56,28,,,,,,,
CMYK,PANTONE P 52-16 C,,44.70588235294118,63,30,,,,,,,
CMYK,PANTONE P 53-1 C,,83.13725490196079,11,10,,,,,,,
CMYK,PANTONE P 53-2 C,,76.86274509803923,15,14,,,,,,,
CMYK,PANTONE P 53-3 C,,70.58823529411765,21,19,,,,,,,
CMYK,PANTONE P 53-4 C,,63.921568627450974,29,22,,,,,,,
CMYK,PANTONE P 53-5 C,,58.43137254901961,35,24,,,,,,,
CMYK,PANTONE P 53-6 C,,50.588235294117645,44,25,,,,,,,
CMYK,PANTONE P 53-7 C,,44.70588235294118,53,27,,,,,,,
CMYK,PANTONE P 53-8 C,,40.78431372549019,59,28,,,,,,,
CMYK,PANTONE P 53-9 C,,85.49019607843137,8,6,,,,,,,
CMYK,PANTONE P 53-10 C,,79.2156862745098,12,12,,,,,,,
CMYK,PANTONE P 53-11 C,,72.15686274509804,18,16,,,,,,,
CMYK,PANTONE P 53-12 C,,64.70588235294117,24,19,,,,,,,
CMYK,PANTONE P 53-13 C,,57.647058823529406,31,20,,,,,,,
CMYK,PANTONE P 53-14 C,,50.19607843137255,39,22,,,,,,,
CMYK,PANTONE P 53-15 C,,43.13725490196079,47,23,,,,,,,
CMYK,PANTONE P 53-16 C,,37.64705882352941,54,24,,,,,,,
CMYK,PANTONE P 54-1 C,,72.15686274509804,15,14,,,,,,,
CMYK,PANTONE P 54-2 C,,65.49019607843137,20,17,,,,,,,
CMYK,PANTONE P 54-3 C,,60.78431372549019,24,19,,,,,,,
CMYK,PANTONE P 54-4 C,,55.294117647058826,28,19,,,,,,,
CMYK,PANTONE P 54-5 C,,50.98039215686274,31,20,,,,,,,
CMYK,PANTONE P 54-6 C,,44.70588235294118,38,21,,,,,,,
CMYK,PANTONE P 54-7 C,,39.6078431372549,42,22,,,,,,,
CMYK,PANTONE P 54-8 C,,34.509803921568626,47,23,,,,,,,
CMYK,PANTONE P 54-9 C,,77.25490196078432,11,10,,,,,,,
CMYK,PANTONE P 54-10 C,,69.80392156862744,14,15,,,,,,,
CMYK,PANTONE P 54-11 C,,63.52941176470588,19,16,,,,,,,
CMYK,PANTONE P 54-12 C,,57.647058823529406,22,18,,,,,,,
CMYK,PANTONE P 54-13 C,,51.37254901960784,27,18,,,,,,,
CMYK,PANTONE P 54-14 C,,44.31372549019608,32,18,,,,,,,
CMYK,PANTONE P 54-15 C,,37.254901960784316,37,19,,,,,,,
CMYK,PANTONE P 54-16 C,,30.58823529411765,42,19,,,,,,,
CMYK,PANTONE P 55-1 C,,79.6078431372549,18,14,,,,,,,
CMYK,PANTONE P 55-2 C,,75.29411764705883,24,17,,,,,,,
CMYK,PANTONE P 55-3 C,,69.80392156862744,31,22,,,,,,,
CMYK,PANTONE P 55-4 C,,67.05882352941175,36,23,,,,,,,
CMYK,PANTONE P 55-5 C,,61.1764705882353,45,25,,,,,,,
CMYK,PANTONE P 55-6 C,,56.470588235294116,54,27,,,,,,,
CMYK,PANTONE P 55-7 C,,51.37254901960784,64,28,,,,,,,
CMYK,PANTONE P 55-8 C,,48.23529411764706,70,29,,,,,,,
CMYK,PANTONE P 55-9 C,,81.96078431372548,13,10,,,,,,,
CMYK,PANTONE P 55-10 C,,76.47058823529412,19,15,,,,,,,
CMYK,PANTONE P 55-11 C,,70.98039215686275,25,18,,,,,,,
CMYK,PANTONE P 55-12 C,,64.31372549019608,34,21,,,,,,,
CMYK,PANTONE P 55-13 C,,60.3921568627451,39,23,,,,,,,
CMYK,PANTONE P 55-14 C,,52.156862745098046,49,26,,,,,,,
CMYK,PANTONE P 55-15 C,,47.84313725490196,58,26,,,,,,,
CMYK,PANTONE P 55-16 C,,44.31372549019608,64,28,,,,,,,
CMYK,PANTONE P 56-1 C,,81.56862745098039,10,8,,,,,,,
CMYK,PANTONE P 56-2 C,,75.68627450980392,14,11,,,,,,,
CMYK,PANTONE P 56-3 C,,68.62745098039215,19,15,,,,,,,
CMYK,PANTONE P 56-4 C,,61.1764705882353,26,18,,,,,,,
CMYK,PANTONE P 56-5 C,,54.509803921568626,32,20,,,,,,,
CMYK,PANTONE P 56-6 C,,47.45098039215686,40,21,,,,,,,
CMYK,PANTONE P 56-7 C,,42.35294117647059,45,22,,,,,,,
CMYK,PANTONE P 56-8 C,,36.470588235294116,51,22,,,,,,,
CMYK,PANTONE P 56-9 C,,78.82352941176471,10,7,,,,,,,
CMYK,PANTONE P 56-10 C,,71.37254901960785,13,10,,,,,,,
CMYK,PANTONE P 56-11 C,,64.31372549019608,17,13,,,,,,,
CMYK,PANTONE P 56-12 C,,57.25490196078431,22,15,,,,,,,
CMYK,PANTONE P 56-13 C,,50.19607843137255,26,18,,,,,,,
CMYK,PANTONE P 56-14 C,,43.13725490196079,31,17,,,,,,,
CMYK,PANTONE P 56-15 C,,34.90196078431372,35,18,,,,,,,
CMYK,PANTONE P 56-16 C,,27.450980392156865,36,16,,,,,,,
CMYK,PANTONE P 57-1 C,,77.25490196078432,22,14,,,,,,,
CMYK,PANTONE P 57-2 C,,72.15686274509804,29,17,,,,,,,
CMYK,PANTONE P 57-3 C,,67.45098039215686,35,20,,,,,,,
CMYK,PANTONE P 57-4 C,,63.52941176470588,41,24,,,,,,,
CMYK,PANTONE P 57-5 C,,57.647058823529406,51,27,,,,,,,
CMYK,PANTONE P 57-6 C,,52.94117647058824,59,30,,,,,,,
CMYK,PANTONE P 57-7 C,,48.627450980392155,68,32,,,,,,,
CMYK,PANTONE P 57-8 C,,47.05882352941176,71,35,,,,,,,
CMYK,PANTONE P 57-9 C,,84.70588235294117,11,8,,,,,,,
CMYK,PANTONE P 57-10 C,,80.3921568627451,15,11,,,,,,,
CMYK,PANTONE P 57-11 C,,72.54901960784314,24,15,,,,,,,
CMYK,PANTONE P 57-12 C,,65.88235294117646,32,18,,,,,,,
CMYK,PANTONE P 57-13 C,,60.3921568627451,40,23,,,,,,,
CMYK,PANTONE P 57-14 C,,52.94117647058824,50,27,,,,,,,
CMYK,PANTONE P 57-15 C,,47.45098039215686,59,29,,,,,,,
CMYK,PANTONE P 57-16 C,,44.31372549019608,65,31,,,,,,,
CMYK,PANTONE P 58-1 C,,71.76470588235294,22,16,,,,,,,
CMYK,PANTONE P 58-2 C,,67.05882352941175,26,18,,,,,,,
CMYK,PANTONE P 58-3 C,,63.13725490196078,32,20,,,,,,,
CMYK,PANTONE P 58-4 C,,59.21568627450981,36,22,,,,,,,
CMYK,PANTONE P 58-5 C,,53.333333333333336,44,25,,,,,,,
CMYK,PANTONE P 58-6 C,,48.627450980392155,48,26,,,,,,,
CMYK,PANTONE P 58-7 C,,43.92156862745098,56,28,,,,,,,
CMYK,PANTONE P 58-8 C,,41.96078431372549,58,30,,,,,,,
CMYK,PANTONE P 58-9 C,,86.27450980392157,7,5,,,,,,,
CMYK,PANTONE P 58-10 C,,78.43137254901961,12,8,,,,,,,
CMYK,PANTONE P 58-11 C,,70.58823529411765,18,13,,,,,,,
CMYK,PANTONE P 58-12 C,,63.52941176470588,23,16,,,,,,,
CMYK,PANTONE P 58-13 C,,56.86274509803921,30,19,,,,,,,
CMYK,PANTONE P 58-14 C,,49.411764705882355,35,20,,,,,,,
CMYK,PANTONE P 58-15 C,,41.96078431372549,43,22,,,,,,,
CMYK,PANTONE P 58-16 C,,35.294117647058826,49,24,,,,,,,
CMYK,PANTONE P 59-1 C,,79.6078431372549,20,10,,,,,,,
CMYK,PANTONE P 59-2 C,,74.90196078431373,26,13,,,,,,,
CMYK,PANTONE P 59-3 C,,69.41176470588235,34,15,,,,,,,
CMYK,PANTONE P 59-4 C,,65.49019607843137,40,17,,,,,,,
CMYK,PANTONE P 59-5 C,,60.0,49,20,,,,,,,
CMYK,PANTONE P 59-6 C,,54.509803921568626,59,21,,,,,,,
CMYK,PANTONE P 59-7 C,,50.98039215686274,66,23,,,,,,,
CMYK,PANTONE P 59-8 C,,48.627450980392155,71,24,,,,,,,
CMYK,PANTONE P 59-9 C,,71.37254901960785,26,13,,,,,,,
CMYK,PANTONE P 59-10 C,,67.05882352941175,33,15,,,,,,,
CMYK,PANTONE P 59-11 C,,62.35294117647059,38,16,,,,,,,
CMYK,PANTONE P 59-12 C,,58.03921568627452,46,18,,,,,,,
CMYK,PANTONE P 59-13 C,,53.72549019607843,52,19,,,,,,,
CMYK,PANTONE P 59-14 C,,49.411764705882355,59,20,,,,,,,
CMYK,PANTONE P 59-15 C,,47.05882352941176,64,21,,,,,,,
CMYK,PANTONE P 59-16 C,,45.490196078431374,67,22,,,,,,,
CMYK,PANTONE P 60-1 C,,89.01960784313725,6,4,,,,,,,
CMYK,PANTONE P 60-2 C,,82.74509803921568,12,7,,,,,,,
CMYK,PANTONE P 60-3 C,,75.68627450980392,19,12,,,,,,,
CMYK,PANTONE P 60-4 C,,68.62745098039215,27,16,,,,,,,
CMYK,PANTONE P 60-5 C,,61.1764705882353,35,19,,,,,,,
CMYK,PANTONE P 60-6 C,,53.333333333333336,46,23,,,,,,,
CMYK,PANTONE P 60-7 C,,46.27450980392157,56,26,,,,,,,
CMYK,PANTONE P 60-8 C,,41.568627450980394,62,29,,,,,,,
CMYK,PANTONE P 60-9 C,,62.35294117647059,30,16,,,,,,,
CMYK,PANTONE P 60-10 C,,59.6078431372549,33,17,,,,,,,
CMYK,PANTONE P 60-11 C,,56.470588235294116,37,19,,,,,,,
CMYK,PANTONE P 60-12 C,,51.76470588235295,42,21,,,,,,,
CMYK,PANTONE P 60-13 C,,48.23529411764706,46,21,,,,,,,
CMYK,PANTONE P 60-14 C,,45.09803921568628,51,23,,,,,,,
CMYK,PANTONE P 60-15 C,,40.78431372549019,57,24,,,,,,,
CMYK,PANTONE P 60-16 C,,38.82352941176471,58,26,,,,,,,
CMYK,PANTONE P 61-1 C,,66.66666666666666,21,14,,,,,,,
CMYK,PANTONE P 61-2 C,,62.35294117647059,25,15,,,,,,,
CMYK,PANTONE P 61-3 C,,58.82352941176471,28,16,,,,,,,
CMYK,PANTONE P 61-4 C,,54.11764705882353,32,17,,,,,,,
CMYK,PANTONE P 61-5 C,,48.627450980392155,37,17,,,,,,,
CMYK,PANTONE P 61-6 C,,44.31372549019608,42,17,,,,,,,
CMYK,PANTONE P 61-7 C,,40.0,47,17,,,,,,,
CMYK,PANTONE P 61-8 C,,36.07843137254902,51,17,,,,,,,
CMYK,PANTONE P 61-9 C,,82.35294117647058,8,6,,,,,,,
CMYK,PANTONE P 61-10 C,,75.68627450980392,12,9,,,,,,,
CMYK,PANTONE P 61-11 C,,68.23529411764706,16,12,,,,,,,
CMYK,PANTONE P 61-12 C,,60.78431372549019,22,14,,,,,,,
CMYK,PANTONE P 61-13 C,,53.72549019607843,27,16,,,,,,,
CMYK,PANTONE P 61-14 C,,47.45098039215686,33,17,,,,,,,
CMYK,PANTONE P 61-15 C,,40.0,39,16,,,,,,,
CMYK,PANTONE P 61-16 C,,31.76470588235294,44,15,,,,,,,
CMYK,PANTONE P 62-1 C,,83.92156862745098,14,9,,,,,,,
CMYK,PANTONE P 62-2 C,,80.0,19,12,,,,,,,
CMYK,PANTONE P 62-3 C,,75.29411764705883,25,14,,,,,,,
CMYK,PANTONE P 62-4 C,,69.80392156862744,33,17,,,,,,,
CMYK,PANTONE P 62-5 C,,64.70588235294117,41,20,,,,,,,
CMYK,PANTONE P 62-6 C,,58.43137254901961,51,23,,,,,,,
CMYK,PANTONE P 62-7 C,,53.333333333333336,62,22,,,,,,,
CMYK,PANTONE P 62-8 C,,49.80392156862745,69,24,,,,,,,
CMYK,PANTONE P 62-9 C,,77.25490196078432,19,11,,,,,,,
CMYK,PANTONE P 62-10 C,,72.54901960784314,23,14,,,,,,,
CMYK,PANTONE P 62-11 C,,67.45098039215686,30,14,,,,,,,
CMYK,PANTONE P 62-12 C,,63.52941176470588,35,17,,,,,,,
CMYK,PANTONE P 62-13 C,,58.03921568627452,43,19,,,,,,,
CMYK,PANTONE P 62-14 C,,53.72549019607843,49,19,,,,,,,
CMYK,PANTONE P 62-15 C,,49.411764705882355,57,20,,,,,,,
CMYK,PANTONE P 62-16 C,,46.27450980392157,62,20,,,,,,,
CMYK,PANTONE P 63-1 C,,77.64705882352942,15,8,,,,,,,
CMYK,PANTONE P 63-2 C,,72.15686274509804,20,9,,,,,,,
CMYK,PANTONE P 63-3 C,,66.66666666666666,26,12,,,,,,,
CMYK,PANTONE P 63-4 C,,60.78431372549019,32,13,,,,,,,
CMYK,PANTONE P 63-5 C,,54.90196078431373,38,15,,,,,,,
CMYK,PANTONE P 63-6 C,,49.01960784313725,46,16,,,,,,,
CMYK,PANTONE P 63-7 C,,43.529411764705884,54,16,,,,,,,
CMYK,PANTONE P 63-8 C,,40.0,59,17,,,,,,,
CMYK,PANTONE P 63-9 C,,59.21568627450981,29,12,,,,,,,
CMYK,PANTONE P 63-10 C,,55.68627450980392,32,13,,,,,,,
CMYK,PANTONE P 63-11 C,,51.76470588235295,36,13,,,,,,,
CMYK,PANTONE P 63-12 C,,48.23529411764706,40,14,,,,,,,
CMYK,PANTONE P 63-13 C,,44.70588235294118,42,14,,,,,,,
CMYK,PANTONE P 63-14 C,,40.78431372549019,47,14,,,,,,,
CMYK,PANTONE P 63-15 C,,37.64705882352941,50,14,,,,,,,
CMYK,PANTONE P 63-16 C,,36.470588235294116,53,14,,,,,,,
CMYK,PANTONE P 64-1 C,,77.25490196078432,14,4,,,,,,,
CMYK,PANTONE P 64-2 C,,69.80392156862744,18,7,,,,,,,
CMYK,PANTONE P 64-3 C,,62.745098039215684,24,8,,,,,,,
CMYK,PANTONE P 64-4 C,,55.68627450980392,30,8,,,,,,,
CMYK,PANTONE P 64-5 C,,51.76470588235295,32,10,,,,,,,
CMYK,PANTONE P 64-6 C,,47.05882352941176,37,10,,,,,,,
CMYK,PANTONE P 64-7 C,,40.3921568627451,41,10,,,,,,,
CMYK,PANTONE P 64-8 C,,35.294117647058826,44,8,,,,,,,
CMYK,PANTONE P 64-9 C,,84.31372549019608,8,2,,,,,,,
CMYK,PANTONE P 64-10 C,,74.90196078431373,13,4,,,,,,,
CMYK,PANTONE P 64-11 C,,65.09803921568627,19,6,,,,,,,
CMYK,PANTONE P 64-12 C,,56.86274509803921,25,8,,,,,,,
CMYK,PANTONE P 64-13 C,,50.98039215686274,29,9,,,,,,,
CMYK,PANTONE P 64-14 C,,45.09803921568628,32,9,,,,,,,
CMYK,PANTONE P 64-15 C,,36.470588235294116,35,8,,,,,,,
CMYK,PANTONE P 64-16 C,,30.19607843137255,36,7,,,,,,,
CMYK,PANTONE P 65-1 C,,89.01960784313725,8,3,,,,,,,
CMYK,PANTONE P 65-2 C,,84.70588235294117,14,5,,,,,,,
CMYK,PANTONE P 65-3 C,,78.43137254901961,22,7,,,,,,,
CMYK,PANTONE P 65-4 C,,71.37254901960785,31,9,,,,,,,
CMYK,PANTONE P 65-5 C,,65.49019607843137,40,12,,,,,,,
CMYK,PANTONE P 65-6 C,,58.03921568627452,53,15,,,,,,,
CMYK,PANTONE P 65-7 C,,52.54901960784314,63,17,,,,,,,
CMYK,PANTONE P 65-8 C,,48.627450980392155,71,19,,,,,,,
CMYK,PANTONE P 65-9 C,,79.2156862745098,13,4,,,,,,,
CMYK,PANTONE P 65-10 C,,72.94117647058823,18,6,,,,,,,
CMYK,PANTONE P 65-11 C,,66.27450980392156,24,7,,,,,,,
CMYK,PANTONE P 65-12 C,,59.21568627450981,31,9,,,,,,,
CMYK,PANTONE P 65-13 C,,53.333333333333336,37,10,,,,,,,
CMYK,PANTONE P 65-14 C,,47.45098039215686,44,11,,,,,,,
CMYK,PANTONE P 65-15 C,,41.568627450980394,50,12,,,,,,,
CMYK,PANTONE P 65-16 C,,36.86274509803922,55,13,,,,,,,
CMYK,PANTONE P 66-1 C,,84.70588235294117,8,2,,,,,,,
CMYK,PANTONE P 66-2 C,,77.25490196078432,12,4,,,,,,,
CMYK,PANTONE P 66-3 C,,69.80392156862744,18,5,,,,,,,
CMYK,PANTONE P 66-4 C,,62.745098039215684,23,7,,,,,,,
CMYK,PANTONE P 66-5 C,,56.07843137254902,29,9,,,,,,,
CMYK,PANTONE P 66-6 C,,49.411764705882355,34,9,,,,,,,
CMYK,PANTONE P 66-7 C,,41.568627450980394,42,10,,,,,,,
CMYK,PANTONE P 66-8 C,,33.72549019607843,48,11,,,,,,,
CMYK,PANTONE P 66-9 C,,81.17647058823529,9,2,,,,,,,
CMYK,PANTONE P 66-10 C,,74.50980392156863,13,4,,,,,,,
CMYK,PANTONE P 66-11 C,,66.66666666666666,18,5,,,,,,,
CMYK,PANTONE P 66-12 C,,60.0,22,7,,,,,,,
CMYK,PANTONE P 66-13 C,,53.333333333333336,27,7,,,,,,,
CMYK,PANTONE P 66-14 C,,45.88235294117647,32,8,,,,,,,
CMYK,PANTONE P 66-15 C,,37.64705882352941,38,9,,,,,,,
CMYK,PANTONE P 66-16 C,,29.80392156862745,41,9,,,,,,,
CMYK,PANTONE P 67-1 C,,74.50980392156863,10,3,,,,,,,
CMYK,PANTONE P 67-2 C,,70.19607843137254,11,3,,,,,,,
CMYK,PANTONE P 67-3 C,,66.66666666666666,13,4,,,,,,,
CMYK,PANTONE P 67-4 C,,62.35294117647059,16,3,,,,,,,
CMYK,PANTONE P 67-5 C,,58.82352941176471,18,3,,,,,,,
CMYK,PANTONE P 67-6 C,,55.68627450980392,20,4,,,,,,,
CMYK,PANTONE P 67-7 C,,52.54901960784314,22,3,,,,,,,
CMYK,PANTONE P 67-8 C,,49.80392156862745,27,3,,,,,,,
CMYK,PANTONE P 67-9 C,,48.627450980392155,23,4,,,,,,,
CMYK,PANTONE P 67-10 C,,46.666666666666664,22,4,,,,,,,
CMYK,PANTONE P 67-11 C,,44.31372549019608,20,4,,,,,,,
CMYK,PANTONE P 67-12 C,,41.568627450980394,20,3,,,,,,,
CMYK,PANTONE P 67-13 C,,39.21568627450981,18,3,,,,,,,
CMYK,PANTONE P 67-14 C,,36.470588235294116,17,3,,,,,,,
CMYK,PANTONE P 67-15 C,,32.94117647058823,15,3,,,,,,,
CMYK,PANTONE P 67-16 C,,29.80392156862745,14,3,,,,,,,
CMYK,PANTONE P 68-1 C,,80.7843137254902,19,4,,,,,,,
CMYK,PANTONE P 68-2 C,,76.86274509803923,24,5,,,,,,,
CMYK,PANTONE P 68-3 C,,72.15686274509804,31,6,,,,,,,
CMYK,PANTONE P 68-4 C,,67.45098039215686,37,8,,,,,,,
CMYK,PANTONE P 68-5 C,,62.35294117647059,46,10,,,,,,,
CMYK,PANTONE P 68-6 C,,57.25490196078431,55,11,,,,,,,
CMYK,PANTONE P 68-7 C,,52.54901960784314,64,12,,,,,,,
CMYK,PANTONE P 68-8 C,,49.80392156862745,70,12,,,,,,,
CMYK,PANTONE P 68-9 C,,76.86274509803923,21,3,,,,,,,
CMYK,PANTONE P 68-10 C,,72.54901960784314,26,4,,,,,,,
CMYK,PANTONE P 68-11 C,,67.84313725490196,32,6,,,,,,,
CMYK,PANTONE P 68-12 C,,63.52941176470588,38,8,,,,,,,
CMYK,PANTONE P 68-13 C,,57.647058823529406,46,9,,,,,,,
CMYK,PANTONE P 68-14 C,,53.333333333333336,53,10,,,,,,,
CMYK,PANTONE P 68-15 C,,49.411764705882355,59,11,,,,,,,
CMYK,PANTONE P 68-16 C,,46.666666666666664,64,11,,,,,,,
CMYK,PANTONE P 69-1 C,,65.09803921568627,31,4,,,,,,,
CMYK,PANTONE P 69-2 C,,61.96078431372549,35,5,,,,,,,
CMYK,PANTONE P 69-3 C,,57.647058823529406,41,6,,,,,,,
CMYK,PANTONE P 69-4 C,,52.94117647058824,46,7,,,,,,,
CMYK,PANTONE P 69-5 C,,49.411764705882355,51,8,,,,,,,
CMYK,PANTONE P 69-6 C,,46.666666666666664,55,9,,,,,,,
CMYK,PANTONE P 69-7 C,,43.92156862745098,60,9,,,,,,,
CMYK,PANTONE P 69-8 C,,41.96078431372549,61,10,,,,,,,
CMYK,PANTONE P 69-9 C,,81.17647058823529,13,2,,,,,,,
CMYK,PANTONE P 69-10 C,,74.90196078431373,18,2,,,,,,,
CMYK,PANTONE P 69-11 C,,68.23529411764706,25,4,,,,,,,
CMYK,PANTONE P 69-12 C,,61.568627450980394,31,4,,,,,,,
CMYK,PANTONE P 69-13 C,,55.68627450980392,38,6,,,,,,,
CMYK,PANTONE P 69-14 C,,49.80392156862745,45,6,,,,,,,
CMYK,PANTONE P 69-15 C,,43.92156862745098,53,8,,,,,,,
CMYK,PANTONE P 69-16 C,,39.6078431372549,56,8,,,,,,,
CMYK,PANTONE P 70-1 C,,65.88235294117646,22,3,,,,,,,
CMYK,PANTONE P 70-2 C,,61.96078431372549,27,3,,,,,,,
CMYK,PANTONE P 70-3 C,,58.03921568627452,30,4,,,,,,,
CMYK,PANTONE P 70-4 C,,53.72549019607843,33,5,,,,,,,
CMYK,PANTONE P 70-5 C,,49.80392156862745,38,6,,,,,,,
CMYK,PANTONE P 70-6 C,,45.88235294117647,41,6,,,,,,,
CMYK,PANTONE P 70-7 C,,40.78431372549019,46,6,,,,,,,
CMYK,PANTONE P 70-8 C,,37.64705882352941,48,7,,,,,,,
CMYK,PANTONE P 70-9 C,,58.82352941176471,24,3,,,,,,,
CMYK,PANTONE P 70-10 C,,55.68627450980392,27,3,,,,,,,
CMYK,PANTONE P 70-11 C,,52.94117647058824,29,4,,,,,,,
CMYK,PANTONE P 70-12 C,,49.411764705882355,32,5,,,,,,,
CMYK,PANTONE P 70-13 C,,45.09803921568628,35,6,,,,,,,
CMYK,PANTONE P 70-14 C,,41.17647058823529,37,5,,,,,,,
CMYK,PANTONE P 70-15 C,,36.86274509803922,41,5,,,,,,,
CMYK,PANTONE P 70-16 C,,32.15686274509804,42,6,,,,,,,
CMYK,PANTONE P 71-1 C,,88.23529411764706,10,1,,,,,,,
CMYK,PANTONE P 71-2 C,,83.13725490196079,16,1,,,,,,,
CMYK,PANTONE P 71-3 C,,76.86274509803923,25,0,,,,,,,
CMYK,PANTONE P 71-4 C,,70.19607843137254,35,1,,,,,,,
CMYK,PANTONE P 71-5 C,,63.921568627450974,45,4,,,,,,,
CMYK,PANTONE P 71-6 C,,56.07843137254902,58,5,,,,,,,
CMYK,PANTONE P 71-7 C,,51.37254901960784,67,8,,,,,,,
CMYK,PANTONE P 71-8 C,,47.84313725490196,74,10,,,,,,,
CMYK,PANTONE P 71-9 C,,88.23529411764706,7,1,,,,,,,
CMYK,PANTONE P 71-10 C,,81.56862745098039,14,0,,,,,,,
CMYK,PANTONE P 71-11 C,,74.11764705882354,21,0,,,,,,,
CMYK,PANTONE P 71-12 C,,66.27450980392156,30,1,,,,,,,
CMYK,PANTONE P 71-13 C,,58.82352941176471,39,3,,,,,,,
CMYK,PANTONE P 71-14 C,,50.588235294117645,49,4,,,,,,,
CMYK,PANTONE P 71-15 C,,44.70588235294118,57,6,,,,,,,
CMYK,PANTONE P 71-16 C,,40.3921568627451,62,7,,,,,,,
CMYK,PANTONE P 72-1 C,,85.49019607843137,9,0,,,,,,,
CMYK,PANTONE P 72-2 C,,78.43137254901961,15,0,,,,,,,
CMYK,PANTONE P 72-3 C,,70.98039215686275,22,1,,,,,,,
CMYK,PANTONE P 72-4 C,,63.52941176470588,29,1,,,,,,,
CMYK,PANTONE P 72-5 C,,57.647058823529406,34,2,,,,,,,
CMYK,PANTONE P 72-6 C,,50.588235294117645,42,3,,,,,,,
CMYK,PANTONE P 72-7 C,,42.745098039215684,51,4,,,,,,,
CMYK,PANTONE P 72-8 C,,37.254901960784316,56,6,,,,,,,
CMYK,PANTONE P 72-9 C,,81.56862745098039,10,0,,,,,,,
CMYK,PANTONE P 72-10 C,,75.29411764705883,16,0,,,,,,,
CMYK,PANTONE P 72-11 C,,67.45098039215686,22,0,,,,,,,
CMYK,PANTONE P 72-12 C,,60.78431372549019,27,1,,,,,,,
CMYK,PANTONE P 72-13 C,,55.294117647058826,32,1,,,,,,,
CMYK,PANTONE P 72-14 C,,48.23529411764706,38,3,,,,,,,
CMYK,PANTONE P 72-15 C,,39.6078431372549,45,3,,,,,,,
CMYK,PANTONE P 72-16 C,,32.15686274509804,50,5,,,,,,,
CMYK,PANTONE P 73-1 C,,87.05882352941177,12,-1,,,,,,,
CMYK,PANTONE P 73-2 C,,83.13725490196079,16,0,,,,,,,
CMYK,PANTONE P 73-3 C,,78.03921568627452,24,-1,,,,,,,
CMYK,PANTONE P 73-4 C,,71.76470588235294,33,-2,,,,,,,
CMYK,PANTONE P 73-5 C,,66.27450980392156,41,-1,,,,,,,
CMYK,PANTONE P 73-6 C,,58.43137254901961,54,0,,,,,,,
CMYK,PANTONE P 73-7 C,,52.54901960784314,65,1,,,,,,,
CMYK,PANTONE P 73-8 C,,47.84313725490196,75,4,,,,,,,
CMYK,PANTONE P 73-9 C,,84.70588235294117,13,0,,,,,,,
CMYK,PANTONE P 73-10 C,,79.2156862745098,19,-1,,,,,,,
CMYK,PANTONE P 73-11 C,,74.50980392156863,25,-1,,,,,,,
CMYK,PANTONE P 73-12 C,,67.45098039215686,34,-1,,,,,,,
CMYK,PANTONE P 73-13 C,,61.96078431372549,41,-1,,,,,,,
CMYK,PANTONE P 73-14 C,,54.90196078431373,51,0,,,,,,,
CMYK,PANTONE P 73-15 C,,48.627450980392155,61,1,,,,,,,
CMYK,PANTONE P 73-16 C,,43.92156862745098,68,3,,,,,,,
CMYK,PANTONE P 74-1 C,,74.90196078431373,17,-1,,,,,,,
CMYK,PANTONE P 74-2 C,,70.58823529411765,20,-1,,,,,,,
CMYK,PANTONE P 74-3 C,,65.88235294117646,25,-1,,,,,,,
CMYK,PANTONE P 74-4 C,,60.0,31,-1,,,,,,,
CMYK,PANTONE P 74-5 C,,54.509803921568626,37,-1,,,,,,,
CMYK,PANTONE P 74-6 C,,48.627450980392155,44,-1,,,,,,,
CMYK,PANTONE P 74-7 C,,43.92156862745098,50,-1,,,,,,,
CMYK,PANTONE P 74-8 C,,38.03921568627451,58,1,,,,,,,
CMYK,PANTONE P 74-9 C,,66.27450980392156,18,-1,,,,,,,
CMYK,PANTONE P 74-10 C,,61.96078431372549,20,-1,,,,,,,
CMYK,PANTONE P 74-11 C,,56.470588235294116,24,-2,,,,,,,
CMYK,PANTONE P 74-12 C,,52.94117647058824,28,-1,,,,,,,
CMYK,PANTONE P 74-13 C,,46.666666666666664,31,-1,,,,,,,
CMYK,PANTONE P 74-14 C,,40.78431372549019,36,-1,,,,,,,
CMYK,PANTONE P 74-15 C,,33.72549019607843,40,0,,,,,,,
CMYK,PANTONE P 74-16 C,,28.627450980392155,43,0,,,,,,,
CMYK,PANTONE P 75-1 C,,95.68627450980392,1,-1,,,,,,,
CMYK,PANTONE P 75-2 C,,91.37254901960785,7,-2,,,,,,,
CMYK,PANTONE P 75-3 C,,85.88235294117646,14,-3,,,,,,,
CMYK,PANTONE P 75-4 C,,79.2156862745098,23,-4,,,,,,,
CMYK,PANTONE P 75-5 C,,70.98039215686275,35,-5,,,,,,,
CMYK,PANTONE P 75-6 C,,63.52941176470588,47,-5,,,,,,,
CMYK,PANTONE P 75-7 C,,55.294117647058826,61,-4,,,,,,,
CMYK,PANTONE P 75-8 C,,48.627450980392155,75,-2,,,,,,,
CMYK,PANTONE P 75-9 C,,93.33333333333333,3,-1,,,,,,,
CMYK,PANTONE P 75-10 C,,87.84313725490196,9,-2,,,,,,,
CMYK,PANTONE P 75-11 C,,81.17647058823529,17,-4,,,,,,,
CMYK,PANTONE P 75-12 C,,73.72549019607844,26,-5,,,,,,,
CMYK,PANTONE P 75-13 C,,65.88235294117646,35,-5,,,,,,,
CMYK,PANTONE P 75-14 C,,57.647058823529406,46,-5,,,,,,,
CMYK,PANTONE P 75-15 C,,49.80392156862745,59,-4,,,,,,,
CMYK,PANTONE P 75-16 C,,44.31372549019608,68,-3,,,,,,,
CMYK,PANTONE P 76-1 C,,88.23529411764706,8,-2,,,,,,,
CMYK,PANTONE P 76-2 C,,82.35294117647058,13,-3,,,,,,,
CMYK,PANTONE P 76-3 C,,75.68627450980392,20,-4,,,,,,,
CMYK,PANTONE P 76-4 C,,68.62745098039215,27,-5,,,,,,,
CMYK,PANTONE P 76-5 C,,60.78431372549019,35,-5,,,,,,,
CMYK,PANTONE P 76-6 C,,53.333333333333336,45,-4,,,,,,,
CMYK,PANTONE P 76-7 C,,45.88235294117647,55,-4,,,,,,,
CMYK,PANTONE P 76-8 C,,40.3921568627451,63,-3,,,,,,,
CMYK,PANTONE P 76-9 C,,90.98039215686275,5,-2,,,,,,,
CMYK,PANTONE P 76-10 C,,83.92156862745098,10,-3,,,,,,,
CMYK,PANTONE P 76-11 C,,76.47058823529412,16,-3,,,,,,,
CMYK,PANTONE P 76-12 C,,69.01960784313725,23,-4,,,,,,,
CMYK,PANTONE P 76-13 C,,60.3921568627451,31,-5,,,,,,,
CMYK,PANTONE P 76-14 C,,53.333333333333336,38,-4,,,,,,,
CMYK,PANTONE P 76-15 C,,45.490196078431374,47,-4,,,,,,,
CMYK,PANTONE P 76-16 C,,36.470588235294116,57,-3,,,,,,,
CMYK,PANTONE P 77-1 C,,89.01960784313725,5,-2,,,,,,,
CMYK,PANTONE P 77-2 C,,80.7843137254902,11,-3,,,,,,,
CMYK,PANTONE P 77-3 C,,72.54901960784314,17,-4,,,,,,,
CMYK,PANTONE P 77-4 C,,64.31372549019608,23,-5,,,,,,,
CMYK,PANTONE P 77-5 C,,56.470588235294116,29,-5,,,,,,,
CMYK,PANTONE P 77-6 C,,49.01960784313725,35,-5,,,,,,,
CMYK,PANTONE P 77-7 C,,39.6078431372549,43,-5,,,,,,,
CMYK,PANTONE P 77-8 C,,30.980392156862745,48,-4,,,,,,,
CMYK,PANTONE P 77-9 C,,84.70588235294117,8,-2,,,,,,,
CMYK,PANTONE P 77-10 C,,76.47058823529412,12,-3,,,,,,,
CMYK,PANTONE P 77-11 C,,68.23529411764706,17,-4,,,,,,,
CMYK,PANTONE P 77-12 C,,60.78431372549019,23,-5,,,,,,,
CMYK,PANTONE P 77-13 C,,53.333333333333336,28,-5,,,,,,,
CMYK,PANTONE P 77-14 C,,44.70588235294118,33,-5,,,,,,,
CMYK,PANTONE P 77-15 C,,34.11764705882353,39,-4,,,,,,,
CMYK,PANTONE P 77-16 C,,26.666666666666668,41,-3,,,,,,,
CMYK,PANTONE P 78-1 C,,77.64705882352942,9,0,,,,,,,
CMYK,PANTONE P 78-2 C,,72.54901960784314,11,1,,,,,,,
CMYK,PANTONE P 78-3 C,,67.84313725490196,14,1,,,,,,,
CMYK,PANTONE P 78-4 C,,63.52941176470588,16,1,,,,,,,
CMYK,PANTONE P 78-5 C,,59.21568627450981,19,2,,,,,,,
CMYK,PANTONE P 78-6 C,,55.68627450980392,22,2,,,,,,,
CMYK,PANTONE P 78-7 C,,50.98039215686274,24,2,,,,,,,
CMYK,PANTONE P 78-8 C,,47.84313725490196,28,2,,,,,,,
CMYK,PANTONE P 78-9 C,,45.490196078431374,26,0,,,,,,,
CMYK,PANTONE P 78-10 C,,43.529411764705884,25,0,,,,,,,
CMYK,PANTONE P 78-11 C,,41.568627450980394,24,0,,,,,,,
CMYK,PANTONE P 78-12 C,,39.21568627450981,23,0,,,,,,,
CMYK,PANTONE P 78-13 C,,36.86274509803922,22,0,,,,,,,
CMYK,PANTONE P 78-14 C,,34.11764705882353,21,-1,,,,,,,
CMYK,PANTONE P 78-15 C,,30.19607843137255,18,-1,,,,,,,
CMYK,PANTONE P 78-16 C,,26.666666666666668,16,0,,,,,,,
CMYK,PANTONE P 79-1 C,,72.94117647058823,10,1,,,,,,,
CMYK,PANTONE P 79-2 C,,69.01960784313725,12,1,,,,,,,
CMYK,PANTONE P 79-3 C,,65.49019607843137,14,1,,,,,,,
CMYK,PANTONE P 79-4 C,,61.568627450980394,16,1,,,,,,,
CMYK,PANTONE P 79-5 C,,58.43137254901961,17,1,,,,,,,
CMYK,PANTONE P 79-6 C,,55.294117647058826,20,1,,,,,,,
CMYK,PANTONE P 79-7 C,,52.156862745098046,22,1,,,,,,,
CMYK,PANTONE P 79-8 C,,49.80392156862745,23,1,,,,,,,
CMYK,PANTONE P 79-9 C,,49.411764705882355,19,1,,,,,,,
CMYK,PANTONE P 79-10 C,,46.666666666666664,19,1,,,,,,,
CMYK,PANTONE P 79-11 C,,44.70588235294118,19,0,,,,,,,
CMYK,PANTONE P 79-12 C,,42.35294117647059,18,0,,,,,,,
CMYK,PANTONE P 79-13 C,,39.6078431372549,17,0,,,,,,,
CMYK,PANTONE P 79-14 C,,36.470588235294116,15,0,,,,,,,
CMYK,PANTONE P 79-15 C,,33.33333333333333,14,0,,,,,,,
CMYK,PANTONE P 79-16 C,,30.58823529411765,12,1,,,,,,,
CMYK,PANTONE P 80-1 C,,79.6078431372549,19,-5,,,,,,,
CMYK,PANTONE P 80-2 C,,74.50980392156863,25,-7,,,,,,,
CMYK,PANTONE P 80-3 C,,70.19607843137254,30,-7,,,,,,,
CMYK,PANTONE P 80-4 C,,64.70588235294117,38,-7,,,,,,,
CMYK,PANTONE P 80-5 C,,58.82352941176471,46,-7,,,,,,,
CMYK,PANTONE P 80-6 C,,53.333333333333336,54,-8,,,,,,,
CMYK,PANTONE P 80-7 C,,48.627450980392155,62,-8,,,,,,,
CMYK,PANTONE P 80-8 C,,45.88235294117647,67,-7,,,,,,,
CMYK,PANTONE P 80-9 C,,70.58823529411765,26,-7,,,,,,,
CMYK,PANTONE P 80-10 C,,66.27450980392156,31,-8,,,,,,,
CMYK,PANTONE P 80-11 C,,62.745098039215684,34,-8,,,,,,,
CMYK,PANTONE P 80-12 C,,58.03921568627452,40,-8,,,,,,,
CMYK,PANTONE P 80-13 C,,52.54901960784314,47,-8,,,,,,,
CMYK,PANTONE P 80-14 C,,48.23529411764706,52,-8,,,,,,,
CMYK,PANTONE P 80-15 C,,43.529411764705884,60,-8,,,,,,,
CMYK,PANTONE P 80-16 C,,41.96078431372549,61,-8,,,,,,,
CMYK,PANTONE P 81-1 C,,62.35294117647059,30,-8,,,,,,,
CMYK,PANTONE P 81-2 C,,58.82352941176471,34,-8,,,,,,,
CMYK,PANTONE P 81-3 C,,55.294117647058826,38,-8,,,,,,,
CMYK,PANTONE P 81-4 C,,49.80392156862745,44,-8,,,,,,,
CMYK,PANTONE P 81-5 C,,46.27450980392157,47,-8,,,,,,,
CMYK,PANTONE P 81-6 C,,42.745098039215684,52,-8,,,,,,,
CMYK,PANTONE P 81-7 C,,38.82352941176471,56,-8,,,,,,,
CMYK,PANTONE P 81-8 C,,37.254901960784316,57,-8,,,,,,,
CMYK,PANTONE P 81-9 C,,64.70588235294117,24,-7,,,,,,,
CMYK,PANTONE P 81-10 C,,59.21568627450981,29,-8,,,,,,,
CMYK,PANTONE P 81-11 C,,55.68627450980392,33,-8,,,,,,,
CMYK,PANTONE P 81-12 C,,50.19607843137255,37,-8,,,,,,,
CMYK,PANTONE P 81-13 C,,45.09803921568628,42,-8,,,,,,,
CMYK,PANTONE P 81-14 C,,40.78431372549019,45,-8,,,,,,,
CMYK,PANTONE P 81-15 C,,36.470588235294116,50,-8,,,,,,,
CMYK,PANTONE P 81-16 C,,33.72549019607843,51,-8,,,,,,,
CMYK,PANTONE P 82-1 C,,59.6078431372549,25,-7,,,,,,,
CMYK,PANTONE P 82-2 C,,55.68627450980392,29,-7,,,,,,,
CMYK,PANTONE P 82-3 C,,52.54901960784314,30,-7,,,,,,,
CMYK,PANTONE P 82-4 C,,48.627450980392155,33,-7,,,,,,,
CMYK,PANTONE P 82-5 C,,44.31372549019608,38,-7,,,,,,,
CMYK,PANTONE P 82-6 C,,39.6078431372549,40,-7,,,,,,,
CMYK,PANTONE P 82-7 C,,34.90196078431372,44,-7,,,,,,,
CMYK,PANTONE P 82-8 C,,31.76470588235294,46,-6,,,,,,,
CMYK,PANTONE P 82-9 C,,85.49019607843137,6,-3,,,,,,,
CMYK,PANTONE P 82-10 C,,77.25490196078432,11,-4,,,,,,,
CMYK,PANTONE P 82-11 C,,69.01960784313725,16,-5,,,,,,,
CMYK,PANTONE P 82-12 C,,61.568627450980394,21,-6,,,,,,,
CMYK,PANTONE P 82-13 C,,54.11764705882353,25,-7,,,,,,,
CMYK,PANTONE P 82-14 C,,46.666666666666664,30,-7,,,,,,,
CMYK,PANTONE P 82-15 C,,36.86274509803922,36,-7,,,,,,,
CMYK,PANTONE P 82-16 C,,27.84313725490196,41,-5,,,,,,,
CMYK,PANTONE P 83-1 C,,89.80392156862746,6,-4,,,,,,,
CMYK,PANTONE P 83-2 C,,81.96078431372548,12,-8,,,,,,,
CMYK,PANTONE P 83-3 C,,73.72549019607844,20,-11,,,,,,,
CMYK,PANTONE P 83-4 C,,65.88235294117646,29,-14,,,,,,,
CMYK,PANTONE P 83-5 C,,58.43137254901961,37,-15,,,,,,,
CMYK,PANTONE P 83-6 C,,49.411764705882355,48,-17,,,,,,,
CMYK,PANTONE P 83-7 C,,44.70588235294118,54,-18,,,,,,,
CMYK,PANTONE P 83-8 C,,40.78431372549019,60,-18,,,,,,,
CMYK,PANTONE P 83-9 C,,92.54901960784314,3,-3,,,,,,,
CMYK,PANTONE P 83-10 C,,84.70588235294117,9,-6,,,,,,,
CMYK,PANTONE P 83-11 C,,75.29411764705883,15,-10,,,,,,,
CMYK,PANTONE P 83-12 C,,66.27450980392156,24,-12,,,,,,,
CMYK,PANTONE P 83-13 C,,57.25490196078431,32,-15,,,,,,,
CMYK,PANTONE P 83-14 C,,49.01960784313725,40,-16,,,,,,,
CMYK,PANTONE P 83-15 C,,42.745098039215684,48,-17,,,,,,,
CMYK,PANTONE P 83-16 C,,36.86274509803922,53,-18,,,,,,,
CMYK,PANTONE P 84-1 C,,69.41176470588235,18,-10,,,,,,,
CMYK,PANTONE P 84-2 C,,63.921568627450974,22,-11,,,,,,,
CMYK,PANTONE P 84-3 C,,59.21568627450981,27,-12,,,,,,,
CMYK,PANTONE P 84-4 C,,54.11764705882353,31,-12,,,,,,,
CMYK,PANTONE P 84-5 C,,49.01960784313725,35,-14,,,,,,,
CMYK,PANTONE P 84-6 C,,43.92156862745098,40,-14,,,,,,,
CMYK,PANTONE P 84-7 C,,38.43137254901961,47,-14,,,,,,,
CMYK,PANTONE P 84-8 C,,34.11764705882353,50,-15,,,,,,,
CMYK,PANTONE P 84-9 C,,73.33333333333333,14,-8,,,,,,,
CMYK,PANTONE P 84-10 C,,67.45098039215686,18,-10,,,,,,,
CMYK,PANTONE P 84-11 C,,61.96078431372549,22,-11,,,,,,,
CMYK,PANTONE P 84-12 C,,56.07843137254902,27,-12,,,,,,,
CMYK,PANTONE P 84-13 C,,50.588235294117645,30,-13,,,,,,,
CMYK,PANTONE P 84-14 C,,44.31372549019608,35,-13,,,,,,,
CMYK,PANTONE P 84-15 C,,38.03921568627451,40,-13,,,,,,,
CMYK,PANTONE P 84-16 C,,31.372549019607842,46,-14,,,,,,,
CMYK,PANTONE P 85-1 C,,80.3921568627451,7,-6,,,,,,,
CMYK,PANTONE P 85-2 C,,72.54901960784314,11,-7,,,,,,,
CMYK,PANTONE P 85-3 C,,65.09803921568627,15,-9,,,,,,,
CMYK,PANTONE P 85-4 C,,57.647058823529406,19,-10,,,,,,,
CMYK,PANTONE P 85-5 C,,50.19607843137255,24,-11,,,,,,,
CMYK,PANTONE P 85-6 C,,43.529411764705884,28,-12,,,,,,,
CMYK,PANTONE P 85-7 C,,34.11764705882353,34,-12,,,,,,,
CMYK,PANTONE P 85-8 C,,25.882352941176475,39,-12,,,,,,,
CMYK,PANTONE P 85-9 C,,76.86274509803923,8,-6,,,,,,,
CMYK,PANTONE P 85-10 C,,69.01960784313725,11,-8,,,,,,,
CMYK,PANTONE P 85-11 C,,61.568627450980394,14,-9,,,,,,,
CMYK,PANTONE P 85-12 C,,54.90196078431373,18,-10,,,,,,,
CMYK,PANTONE P 85-13 C,,47.45098039215686,22,-11,,,,,,,
CMYK,PANTONE P 85-14 C,,39.21568627450981,26,-11,,,,,,,
CMYK,PANTONE P 85-15 C,,29.411764705882355,31,-10,,,,,,,
CMYK,PANTONE P 85-16 C,,21.568627450980394,32,-9,,,,,,,
CMYK,PANTONE P 86-1 C,,87.45098039215686,3,-1,,,,,,,
CMYK,PANTONE P 86-2 C,,81.56862745098039,5,-1,,,,,,,
CMYK,PANTONE P 86-3 C,,76.47058823529412,6,-1,,,,,,,
CMYK,PANTONE P 86-4 C,,71.37254901960785,9,-1,,,,,,,
CMYK,PANTONE P 86-5 C,,65.49019607843137,11,-1,,,,,,,
CMYK,PANTONE P 86-6 C,,60.0,15,-2,,,,,,,
CMYK,PANTONE P 86-7 C,,54.90196078431373,16,-2,,,,,,,
CMYK,PANTONE P 86-8 C,,50.588235294117645,19,-2,,,,,,,
CMYK,PANTONE P 86-9 C,,49.01960784313725,18,-3,,,,,,,
CMYK,PANTONE P 86-10 C,,47.05882352941176,16,-2,,,,,,,
CMYK,PANTONE P 86-11 C,,44.31372549019608,16,-3,,,,,,,
CMYK,PANTONE P 86-12 C,,42.745098039215684,14,-2,,,,,,,
CMYK,PANTONE P 86-13 C,,40.3921568627451,12,-1,,,,,,,
CMYK,PANTONE P 86-14 C,,36.86274509803922,11,-1,,,,,,,
CMYK,PANTONE P 86-15 C,,33.33333333333333,10,-1,,,,,,,
CMYK,PANTONE P 86-16 C,,28.627450980392155,9,-1,,,,,,,
CMYK,PANTONE P 87-1 C,,74.11764705882354,6,-4,,,,,,,
CMYK,PANTONE P 87-2 C,,70.58823529411765,8,-4,,,,,,,
CMYK,PANTONE P 87-3 C,,66.27450980392156,10,-5,,,,,,,
CMYK,PANTONE P 87-4 C,,62.35294117647059,11,-6,,,,,,,
CMYK,PANTONE P 87-5 C,,58.82352941176471,12,-6,,,,,,,
CMYK,PANTONE P 87-6 C,,54.90196078431373,15,-6,,,,,,,
CMYK,PANTONE P 87-7 C,,52.54901960784314,16,-6,,,,,,,
CMYK,PANTONE P 87-8 C,,48.23529411764706,17,-8,,,,,,,
CMYK,PANTONE P 87-9 C,,48.23529411764706,13,-7,,,,,,,
CMYK,PANTONE P 87-10 C,,45.88235294117647,13,-6,,,,,,,
CMYK,PANTONE P 87-11 C,,43.529411764705884,12,-6,,,,,,,
CMYK,PANTONE P 87-12 C,,41.17647058823529,11,-6,,,,,,,
CMYK,PANTONE P 87-13 C,,38.82352941176471,11,-5,,,,,,,
CMYK,PANTONE P 87-14 C,,35.294117647058826,10,-5,,,,,,,
CMYK,PANTONE P 87-15 C,,31.76470588235294,10,-4,,,,,,,
CMYK,PANTONE P 87-16 C,,28.235294117647058,9,-4,,,,,,,
CMYK,PANTONE P 88-1 C,,88.23529411764706,5,-5,,,,,,,
CMYK,PANTONE P 88-2 C,,81.56862745098039,9,-8,,,,,,,
CMYK,PANTONE P 88-3 C,,74.50980392156863,14,-12,,,,,,,
CMYK,PANTONE P 88-4 C,,67.05882352941175,20,-15,,,,,,,
CMYK,PANTONE P 88-5 C,,59.6078431372549,27,-17,,,,,,,
CMYK,PANTONE P 88-6 C,,51.37254901960784,34,-19,,,,,,,
CMYK,PANTONE P 88-7 C,,43.92156862745098,43,-21,,,,,,,
CMYK,PANTONE P 88-8 C,,36.470588235294116,51,-23,,,,,,,
CMYK,PANTONE P 88-9 C,,82.74509803921568,7,-7,,,,,,,
CMYK,PANTONE P 88-10 C,,76.07843137254902,11,-10,,,,,,,
CMYK,PANTONE P 88-11 C,,68.62745098039215,16,-12,,,,,,,
CMYK,PANTONE P 88-12 C,,61.96078431372549,22,-15,,,,,,,
CMYK,PANTONE P 88-13 C,,54.509803921568626,27,-16,,,,,,,
CMYK,PANTONE P 88-14 C,,47.45098039215686,34,-17,,,,,,,
CMYK,PANTONE P 88-15 C,,39.6078431372549,41,-19,,,,,,,
CMYK,PANTONE P 88-16 C,,33.33333333333333,47,-21,,,,,,,
CMYK,PANTONE P 89-1 C,,78.03921568627452,9,-8,,,,,,,
CMYK,PANTONE P 89-2 C,,70.98039215686275,14,-11,,,,,,,
CMYK,PANTONE P 89-3 C,,63.921568627450974,19,-13,,,,,,,
CMYK,PANTONE P 89-4 C,,56.07843137254902,24,-15,,,,,,,
CMYK,PANTONE P 89-5 C,,49.80392156862745,29,-16,,,,,,,
CMYK,PANTONE P 89-6 C,,41.96078431372549,35,-17,,,,,,,
CMYK,PANTONE P 89-7 C,,34.90196078431372,41,-19,,,,,,,
CMYK,PANTONE P 89-8 C,,29.80392156862745,44,-20,,,,,,,
CMYK,PANTONE P 89-9 C,,75.29411764705883,10,-9,,,,,,,
CMYK,PANTONE P 89-10 C,,68.23529411764706,14,-11,,,,,,,
CMYK,PANTONE P 89-11 C,,61.568627450980394,18,-13,,,,,,,
CMYK,PANTONE P 89-12 C,,54.509803921568626,23,-15,,,,,,,
CMYK,PANTONE P 89-13 C,,48.23529411764706,27,-15,,,,,,,
CMYK,PANTONE P 89-14 C,,40.78431372549019,32,-17,,,,,,,
CMYK,PANTONE P 89-15 C,,33.33333333333333,36,-18,,,,,,,
CMYK,PANTONE P 89-16 C,,27.058823529411764,40,-18,,,,,,,
CMYK,PANTONE P 90-1 C,,81.56862745098039,6,-6,,,,,,,
CMYK,PANTONE P 90-2 C,,73.33333333333333,9,-8,,,,,,,
CMYK,PANTONE P 90-3 C,,65.49019607843137,13,-10,,,,,,,
CMYK,PANTONE P 90-4 C,,58.43137254901961,17,-12,,,,,,,
CMYK,PANTONE P 90-5 C,,51.37254901960784,20,-13,,,,,,,
CMYK,PANTONE P 90-6 C,,43.92156862745098,24,-13,,,,,,,
CMYK,PANTONE P 90-7 C,,34.90196078431372,30,-14,,,,,,,
CMYK,PANTONE P 90-8 C,,24.313725490196077,34,-15,,,,,,,
CMYK,PANTONE P 90-9 C,,79.2156862745098,7,-6,,,,,,,
CMYK,PANTONE P 90-10 C,,70.19607843137254,9,-9,,,,,,,
CMYK,PANTONE P 90-11 C,,63.52941176470588,13,-10,,,,,,,
CMYK,PANTONE P 90-12 C,,55.68627450980392,16,-11,,,,,,,
CMYK,PANTONE P 90-13 C,,49.80392156862745,20,-12,,,,,,,
CMYK,PANTONE P 90-14 C,,41.568627450980394,22,-13,,,,,,,
CMYK,PANTONE P 90-15 C,,31.372549019607842,28,-13,,,,,,,
CMYK,PANTONE P 90-16 C,,21.568627450980394,29,-13,,,,,,,
CMYK,PANTONE P 91-1 C,,85.49019607843137,6,-7,,,,,,,
CMYK,PANTONE P 91-2 C,,77.64705882352942,10,-11,,,,,,,
CMYK,PANTONE P 91-3 C,,68.62745098039215,17,-16,,,,,,,
CMYK,PANTONE P 91-4 C,,60.3921568627451,23,-19,,,,,,,
CMYK,PANTONE P 91-5 C,,53.333333333333336,28,-21,,,,,,,
CMYK,PANTONE P 91-6 C,,45.09803921568628,36,-24,,,,,,,
CMYK,PANTONE P 91-7 C,,36.86274509803922,42,-28,,,,,,,
CMYK,PANTONE P 91-8 C,,32.549019607843135,44,-30,,,,,,,
CMYK,PANTONE P 91-9 C,,90.58823529411765,3,-4,,,,,,,
CMYK,PANTONE P 91-10 C,,81.17647058823529,7,-8,,,,,,,
CMYK,PANTONE P 91-11 C,,71.37254901960785,12,-13,,,,,,,
CMYK,PANTONE P 91-12 C,,62.745098039215684,18,-16,,,,,,,
CMYK,PANTONE P 91-13 C,,53.72549019607843,24,-19,,,,,,,
CMYK,PANTONE P 91-14 C,,45.88235294117647,30,-21,,,,,,,
CMYK,PANTONE P 91-15 C,,36.07843137254902,36,-25,,,,,,,
CMYK,PANTONE P 91-16 C,,29.411764705882355,39,-28,,,,,,,
CMYK,PANTONE P 92-1 C,,57.647058823529406,18,-16,,,,,,,
CMYK,PANTONE P 92-2 C,,54.11764705882353,21,-17,,,,,,,
CMYK,PANTONE P 92-3 C,,50.588235294117645,22,-17,,,,,,,
CMYK,PANTONE P 92-4 C,,45.88235294117647,26,-19,,,,,,,
CMYK,PANTONE P 92-5 C,,40.3921568627451,30,-20,,,,,,,
CMYK,PANTONE P 92-6 C,,35.294117647058826,32,-21,,,,,,,
CMYK,PANTONE P 92-7 C,,30.19607843137255,35,-23,,,,,,,
CMYK,PANTONE P 92-8 C,,27.058823529411764,35,-24,,,,,,,
CMYK,PANTONE P 92-9 C,,82.74509803921568,5,-6,,,,,,,
CMYK,PANTONE P 92-10 C,,74.11764705882354,8,-9,,,,,,,
CMYK,PANTONE P 92-11 C,,65.88235294117646,11,-12,,,,,,,
CMYK,PANTONE P 92-12 C,,57.647058823529406,14,-14,,,,,,,
CMYK,PANTONE P 92-13 C,,49.80392156862745,18,-15,,,,,,,
CMYK,PANTONE P 92-14 C,,42.35294117647059,22,-16,,,,,,,
CMYK,PANTONE P 92-15 C,,32.15686274509804,26,-18,,,,,,,
CMYK,PANTONE P 92-16 C,,21.96078431372549,27,-19,,,,,,,
CMYK,PANTONE P 93-1 C,,86.27450980392157,4,-7,,,,,,,
CMYK,PANTONE P 93-2 C,,77.64705882352942,9,-12,,,,,,,
CMYK,PANTONE P 93-3 C,,68.62745098039215,14,-16,,,,,,,
CMYK,PANTONE P 93-4 C,,60.0,20,-21,,,,,,,
CMYK,PANTONE P 93-5 C,,51.76470588235295,26,-23,,,,,,,
CMYK,PANTONE P 93-6 C,,41.96078431372549,31,-28,,,,,,,
CMYK,PANTONE P 93-7 C,,34.90196078431372,35,-32,,,,,,,
CMYK,PANTONE P 93-8 C,,28.627450980392155,35,-36,,,,,,,
CMYK,PANTONE P 93-9 C,,82.35294117647058,6,-9,,,,,,,
CMYK,PANTONE P 93-10 C,,73.72549019607844,10,-12,,,,,,,
CMYK,PANTONE P 93-11 C,,65.88235294117646,14,-16,,,,,,,
CMYK,PANTONE P 93-12 C,,57.647058823529406,20,-19,,,,,,,
CMYK,PANTONE P 93-13 C,,49.80392156862745,25,-22,,,,,,,
CMYK,PANTONE P 93-14 C,,40.3921568627451,29,-26,,,,,,,
CMYK,PANTONE P 93-15 C,,32.94117647058823,33,-29,,,,,,,
CMYK,PANTONE P 93-16 C,,27.058823529411764,33,-32,,,,,,,
CMYK,PANTONE P 94-1 C,,78.03921568627452,7,-10,,,,,,,
CMYK,PANTONE P 94-2 C,,70.58823529411765,9,-13,,,,,,,
CMYK,PANTONE P 94-3 C,,63.13725490196078,13,-16,,,,,,,
CMYK,PANTONE P 94-4 C,,56.07843137254902,16,-19,,,,,,,
CMYK,PANTONE P 94-5 C,,50.19607843137255,20,-21,,,,,,,
CMYK,PANTONE P 94-6 C,,42.745098039215684,22,-23,,,,,,,
CMYK,PANTONE P 94-7 C,,33.72549019607843,26,-26,,,,,,,
CMYK,PANTONE P 94-8 C,,25.882352941176475,28,-30,,,,,,,
CMYK,PANTONE P 94-9 C,,49.01960784313725,18,-19,,,,,,,
CMYK,PANTONE P 94-10 C,,46.666666666666664,19,-19,,,,,,,
CMYK,PANTONE P 94-11 C,,42.745098039215684,20,-20,,,,,,,
CMYK,PANTONE P 94-12 C,,38.43137254901961,21,-22,,,,,,,
CMYK,PANTONE P 94-13 C,,34.90196078431372,23,-23,,,,,,,
CMYK,PANTONE P 94-14 C,,31.76470588235294,24,-24,,,,,,,
CMYK,PANTONE P 94-15 C,,27.450980392156865,27,-26,,,,,,,
CMYK,PANTONE P 94-16 C,,23.92156862745098,25,-27,,,,,,,
CMYK,PANTONE P 95-1 C,,79.6078431372549,5,-8,,,,,,,
CMYK,PANTONE P 95-2 C,,70.58823529411765,9,-11,,,,,,,
CMYK,PANTONE P 95-3 C,,61.96078431372549,12,-14,,,,,,,
CMYK,PANTONE P 95-4 C,,54.90196078431373,15,-16,,,,,,,
CMYK,PANTONE P 95-5 C,,47.05882352941176,19,-18,,,,,,,
CMYK,PANTONE P 95-6 C,,38.43137254901961,24,-20,,,,,,,
CMYK,PANTONE P 95-7 C,,27.84313725490196,26,-23,,,,,,,
CMYK,PANTONE P 95-8 C,,20.0,25,-23,,,,,,,
CMYK,PANTONE P 95-9 C,,76.86274509803923,5,-9,,,,,,,
CMYK,PANTONE P 95-10 C,,68.23529411764706,8,-11,,,,,,,
CMYK,PANTONE P 95-11 C,,60.0,11,-13,,,,,,,
CMYK,PANTONE P 95-12 C,,52.94117647058824,14,-15,,,,,,,
CMYK,PANTONE P 95-13 C,,44.70588235294118,18,-18,,,,,,,
CMYK,PANTONE P 95-14 C,,34.90196078431372,22,-19,,,,,,,
CMYK,PANTONE P 95-15 C,,25.49019607843137,23,-20,,,,,,,
CMYK,PANTONE P 95-16 C,,17.647058823529413,22,-18,,,,,,,
CMYK,PANTONE P 96-1 C,,79.2156862745098,8,-11,,,,,,,
CMYK,PANTONE P 96-2 C,,71.37254901960785,11,-16,,,,,,,
CMYK,PANTONE P 96-3 C,,63.52941176470588,16,-19,,,,,,,
CMYK,PANTONE P 96-4 C,,56.470588235294116,20,-23,,,,,,,
CMYK,PANTONE P 96-5 C,,49.411764705882355,22,-26,,,,,,,
CMYK,PANTONE P 96-6 C,,40.78431372549019,25,-30,,,,,,,
CMYK,PANTONE P 96-7 C,,33.33333333333333,29,-34,,,,,,,
CMYK,PANTONE P 96-8 C,,26.666666666666668,28,-39,,,,,,,
CMYK,PANTONE P 96-9 C,,75.29411764705883,9,-12,,,,,,,
CMYK,PANTONE P 96-10 C,,67.84313725490196,12,-16,,,,,,,
CMYK,PANTONE P 96-11 C,,60.78431372549019,15,-19,,,,,,,
CMYK,PANTONE P 96-12 C,,54.509803921568626,19,-22,,,,,,,
CMYK,PANTONE P 96-13 C,,47.45098039215686,21,-24,,,,,,,
CMYK,PANTONE P 96-14 C,,39.21568627450981,24,-28,,,,,,,
CMYK,PANTONE P 96-15 C,,31.372549019607842,28,-31,,,,,,,
CMYK,PANTONE P 96-16 C,,24.313725490196077,27,-35,,,,,,,
CMYK,PANTONE P 97-1 C,,70.19607843137254,7,-14,,,,,,,
CMYK,PANTONE P 97-2 C,,63.13725490196078,10,-17,,,,,,,
CMYK,PANTONE P 97-3 C,,57.647058823529406,12,-19,,,,,,,
CMYK,PANTONE P 97-4 C,,51.76470588235295,16,-21,,,,,,,
CMYK,PANTONE P 97-5 C,,43.92156862745098,20,-24,,,,,,,
CMYK,PANTONE P 97-6 C,,35.68627450980392,23,-27,,,,,,,
CMYK,PANTONE P 97-7 C,,29.01960784313726,25,-29,,,,,,,
CMYK,PANTONE P 97-8 C,,21.176470588235293,26,-31,,,,,,,
CMYK,PANTONE P 97-9 C,,66.27450980392156,8,-14,,,,,,,
CMYK,PANTONE P 97-10 C,,59.21568627450981,11,-17,,,,,,,
CMYK,PANTONE P 97-11 C,,54.509803921568626,12,-19,,,,,,,
CMYK,PANTONE P 97-12 C,,49.01960784313725,15,-20,,,,,,,
CMYK,PANTONE P 97-13 C,,41.17647058823529,19,-23,,,,,,,
CMYK,PANTONE P 97-14 C,,32.549019607843135,21,-25,,,,,,,
CMYK,PANTONE P 97-15 C,,26.27450980392157,23,-26,,,,,,,
CMYK,PANTONE P 97-16 C,,19.215686274509807,24,-27,,,,,,,
CMYK,PANTONE P 98-1 C,,63.921568627450974,8,-14,,,,,,,
CMYK,PANTONE P 98-2 C,,58.43137254901961,10,-16,,,,,,,
CMYK,PANTONE P 98-3 C,,52.94117647058824,12,-18,,,,,,,
CMYK,PANTONE P 98-4 C,,48.23529411764706,13,-19,,,,,,,
CMYK,PANTONE P 98-5 C,,41.568627450980394,18,-20,,,,,,,
CMYK,PANTONE P 98-6 C,,34.11764705882353,20,-22,,,,,,,
CMYK,PANTONE P 98-7 C,,25.49019607843137,23,-23,,,,,,,
CMYK,PANTONE P 98-8 C,,18.03921568627451,23,-23,,,,,,,
CMYK,PANTONE P 98-9 C,,60.3921568627451,8,-14,,,,,,,
CMYK,PANTONE P 98-10 C,,55.294117647058826,9,-16,,,,,,,
CMYK,PANTONE P 98-11 C,,49.80392156862745,12,-17,,,,,,,
CMYK,PANTONE P 98-12 C,,45.490196078431374,12,-19,,,,,,,
CMYK,PANTONE P 98-13 C,,38.03921568627451,16,-20,,,,,,,
CMYK,PANTONE P 98-14 C,,30.58823529411765,18,-20,,,,,,,
CMYK,PANTONE P 98-15 C,,22.745098039215687,19,-20,,,,,,,
CMYK,PANTONE P 98-16 C,,16.07843137254902,18,-18,,,,,,,
CMYK,PANTONE P 99-1 C,,93.72549019607843,1,-3,,,,,,,
CMYK,PANTONE P 99-2 C,,83.92156862745098,3,-10,,,,,,,
CMYK,PANTONE P 99-3 C,,73.72549019607844,6,-17,,,,,,,
CMYK,PANTONE P 99-4 C,,64.31372549019608,9,-22,,,,,,,
CMYK,PANTONE P 99-5 C,,54.11764705882353,11,-29,,,,,,,
CMYK,PANTONE P 99-6 C,,42.745098039215684,17,-33,,,,,,,
CMYK,PANTONE P 99-7 C,,32.94117647058823,19,-38,,,,,,,
CMYK,PANTONE P 99-8 C,,24.313725490196077,21,-43,,,,,,,
CMYK,PANTONE P 99-9 C,,91.37254901960785,1,-4,,,,,,,
CMYK,PANTONE P 99-10 C,,80.7843137254902,4,-11,,,,,,,
CMYK,PANTONE P 99-11 C,,70.58823529411765,6,-17,,,,,,,
CMYK,PANTONE P 99-12 C,,61.96078431372549,9,-22,,,,,,,
CMYK,PANTONE P 99-13 C,,52.54901960784314,9,-28,,,,,,,
CMYK,PANTONE P 99-14 C,,41.17647058823529,15,-32,,,,,,,
CMYK,PANTONE P 99-15 C,,31.372549019607842,17,-36,,,,,,,
CMYK,PANTONE P 99-16 C,,23.137254901960784,19,-39,,,,,,,
CMYK,PANTONE P 100-1 C,,89.01960784313725,2,-5,,,,,,,
CMYK,PANTONE P 100-2 C,,78.82352941176471,4,-11,,,,,,,
CMYK,PANTONE P 100-3 C,,69.01960784313725,5,-17,,,,,,,
CMYK,PANTONE P 100-4 C,,58.03921568627452,8,-21,,,,,,,
CMYK,PANTONE P 100-5 C,,50.19607843137255,9,-26,,,,,,,
CMYK,PANTONE P 100-6 C,,41.568627450980394,11,-29,,,,,,,
CMYK,PANTONE P 100-7 C,,30.58823529411765,13,-33,,,,,,,
CMYK,PANTONE P 100-8 C,,21.568627450980394,16,-36,,,,,,,
CMYK,PANTONE P 100-9 C,,85.09803921568627,2,-8,,,,,,,
CMYK,PANTONE P 100-10 C,,74.90196078431373,3,-13,,,,,,,
CMYK,PANTONE P 100-11 C,,65.49019607843137,5,-17,,,,,,,
CMYK,PANTONE P 100-12 C,,56.07843137254902,7,-21,,,,,,,
CMYK,PANTONE P 100-13 C,,48.23529411764706,9,-24,,,,,,,
CMYK,PANTONE P 100-14 C,,39.21568627450981,12,-27,,,,,,,
CMYK,PANTONE P 100-15 C,,29.01960784313726,13,-30,,,,,,,
CMYK,PANTONE P 100-16 C,,20.392156862745097,15,-31,,,,,,,
CMYK,PANTONE P 101-1 C,,78.82352941176471,3,-9,,,,,,,
CMYK,PANTONE P 101-2 C,,68.62745098039215,5,-14,,,,,,,
CMYK,PANTONE P 101-3 C,,60.78431372549019,7,-17,,,,,,,
CMYK,PANTONE P 101-4 C,,54.509803921568626,8,-19,,,,,,,
CMYK,PANTONE P 101-5 C,,46.666666666666664,9,-22,,,,,,,
CMYK,PANTONE P 101-6 C,,35.294117647058826,14,-25,,,,,,,
CMYK,PANTONE P 101-7 C,,25.49019607843137,16,-26,,,,,,,
CMYK,PANTONE P 101-8 C,,17.254901960784313,15,-26,,,,,,,
CMYK,PANTONE P 101-9 C,,70.98039215686275,5,-12,,,,,,,
CMYK,PANTONE P 101-10 C,,62.745098039215684,6,-15,,,,,,,
CMYK,PANTONE P 101-11 C,,56.470588235294116,7,-18,,,,,,,
CMYK,PANTONE P 101-12 C,,51.76470588235295,8,-19,,,,,,,
CMYK,PANTONE P 101-13 C,,43.92156862745098,9,-22,,,,,,,
CMYK,PANTONE P 101-14 C,,32.94117647058823,14,-24,,,,,,,
CMYK,PANTONE P 101-15 C,,23.52941176470588,15,-25,,,,,,,
CMYK,PANTONE P 101-16 C,,15.686274509803921,13,-23,,,,,,,
CMYK,PANTONE P 102-1 C,,77.64705882352942,5,-15,,,,,,,
CMYK,PANTONE P 102-2 C,,71.37254901960785,6,-19,,,,,,,
CMYK,PANTONE P 102-3 C,,63.921568627450974,8,-24,,,,,,,
CMYK,PANTONE P 102-4 C,,55.68627450980392,9,-29,,,,,,,
CMYK,PANTONE P 102-5 C,,49.80392156862745,10,-33,,,,,,,
CMYK,PANTONE P 102-6 C,,43.529411764705884,11,-35,,,,,,,
CMYK,PANTONE P 102-7 C,,35.68627450980392,12,-39,,,,,,,
CMYK,PANTONE P 102-8 C,,29.80392156862745,13,-42,,,,,,,
CMYK,PANTONE P 102-9 C,,74.50980392156863,5,-15,,,,,,,
CMYK,PANTONE P 102-10 C,,66.66666666666666,6,-19,,,,,,,
CMYK,PANTONE P 102-11 C,,60.0,8,-23,,,,,,,
CMYK,PANTONE P 102-12 C,,53.333333333333336,8,-27,,,,,,,
CMYK,PANTONE P 102-13 C,,47.45098039215686,10,-30,,,,,,,
CMYK,PANTONE P 102-14 C,,41.17647058823529,10,-33,,,,,,,
CMYK,PANTONE P 102-15 C,,34.509803921568626,10,-36,,,,,,,
CMYK,PANTONE P 102-16 C,,27.058823529411764,12,-39,,,,,,,
CMYK,PANTONE P 103-1 C,,68.62745098039215,5,-17,,,,,,,
CMYK,PANTONE P 103-2 C,,61.568627450980394,7,-20,,,,,,,
CMYK,PANTONE P 103-3 C,,57.25490196078431,7,-22,,,,,,,
CMYK,PANTONE P 103-4 C,,50.588235294117645,9,-25,,,,,,,
CMYK,PANTONE P 103-5 C,,43.13725490196079,10,-29,,,,,,,
CMYK,PANTONE P 103-6 C,,35.294117647058826,14,-32,,,,,,,
CMYK,PANTONE P 103-7 C,,29.01960784313726,16,-34,,,,,,,
CMYK,PANTONE P 103-8 C,,23.92156862745098,15,-35,,,,,,,
CMYK,PANTONE P 103-9 C,,62.745098039215684,4,-17,,,,,,,
CMYK,PANTONE P 103-10 C,,57.25490196078431,6,-19,,,,,,,
CMYK,PANTONE P 103-11 C,,53.72549019607843,6,-20,,,,,,,
CMYK,PANTONE P 103-12 C,,48.23529411764706,7,-21,,,,,,,
CMYK,PANTONE P 103-13 C,,40.78431372549019,8,-25,,,,,,,
CMYK,PANTONE P 103-14 C,,32.549019607843135,11,-27,,,,,,,
CMYK,PANTONE P 103-15 C,,25.882352941176475,12,-28,,,,,,,
CMYK,PANTONE P 103-16 C,,19.607843137254903,11,-27,,,,,,,
CMYK,PANTONE P 104-1 C,,90.19607843137256,0,-6,,,,,,,
CMYK,PANTONE P 104-2 C,,81.17647058823529,1,-13,,,,,,,
CMYK,PANTONE P 104-3 C,,72.15686274509804,2,-20,,,,,,,
CMYK,PANTONE P 104-4 C,,64.31372549019608,4,-25,,,,,,,
CMYK,PANTONE P 104-5 C,,54.509803921568626,5,-31,,,,,,,
CMYK,PANTONE P 104-6 C,,49.01960784313725,3,-36,,,,,,,
CMYK,PANTONE P 104-7 C,,40.0,3,-40,,,,,,,
CMYK,PANTONE P 104-8 C,,32.549019607843135,4,-44,,,,,,,
CMYK,PANTONE P 104-9 C,,87.45098039215686,1,-7,,,,,,,
CMYK,PANTONE P 104-10 C,,78.82352941176471,1,-13,,,,,,,
CMYK,PANTONE P 104-11 C,,69.41176470588235,2,-20,,,,,,,
CMYK,PANTONE P 104-12 C,,61.1764705882353,3,-24,,,,,,,
CMYK,PANTONE P 104-13 C,,52.54901960784314,4,-30,,,,,,,
CMYK,PANTONE P 104-14 C,,46.27450980392157,2,-33,,,,,,,
CMYK,PANTONE P 104-15 C,,37.64705882352941,2,-37,,,,,,,
CMYK,PANTONE P 104-16 C,,30.19607843137255,3,-40,,,,,,,
CMYK,PANTONE P 105-1 C,,83.92156862745098,1,-8,,,,,,,
CMYK,PANTONE P 105-2 C,,74.90196078431373,2,-14,,,,,,,
CMYK,PANTONE P 105-3 C,,67.05882352941175,3,-18,,,,,,,
CMYK,PANTONE P 105-4 C,,59.21568627450981,3,-22,,,,,,,
CMYK,PANTONE P 105-5 C,,49.411764705882355,5,-26,,,,,,,
CMYK,PANTONE P 105-6 C,,41.96078431372549,4,-30,,,,,,,
CMYK,PANTONE P 105-7 C,,33.72549019607843,6,-33,,,,,,,
CMYK,PANTONE P 105-8 C,,26.666666666666668,6,-35,,,,,,,
CMYK,PANTONE P 105-9 C,,80.7843137254902,2,-9,,,,,,,
CMYK,PANTONE P 105-10 C,,71.37254901960785,3,-14,,,,,,,
CMYK,PANTONE P 105-11 C,,64.31372549019608,3,-17,,,,,,,
CMYK,PANTONE P 105-12 C,,57.25490196078431,3,-20,,,,,,,
CMYK,PANTONE P 105-13 C,,47.84313725490196,4,-24,,,,,,,
CMYK,PANTONE P 105-14 C,,40.3921568627451,4,-27,,,,,,,
CMYK,PANTONE P 105-15 C,,32.549019607843135,5,-29,,,,,,,
CMYK,PANTONE P 105-16 C,,23.92156862745098,6,-31,,,,,,,
CMYK,PANTONE P 106-1 C,,92.54901960784314,0,-5,,,,,,,
CMYK,PANTONE P 106-2 C,,84.31372549019608,-1,-12,,,,,,,
CMYK,PANTONE P 106-3 C,,74.90196078431373,-1,-20,,,,,,,
CMYK,PANTONE P 106-4 C,,66.66666666666666,-3,-27,,,,,,,
CMYK,PANTONE P 106-5 C,,58.43137254901961,-5,-33,,,,,,,
CMYK,PANTONE P 106-6 C,,52.156862745098046,-5,-38,,,,,,,
CMYK,PANTONE P 106-7 C,,44.31372549019608,-7,-44,,,,,,,
CMYK,PANTONE P 106-8 C,,38.82352941176471,-9,-48,,,,,,,
CMYK,PANTONE P 106-9 C,,87.05882352941177,-1,-8,,,,,,,
CMYK,PANTONE P 106-10 C,,78.43137254901961,0,-15,,,,,,,
CMYK,PANTONE P 106-11 C,,69.80392156862744,-2,-21,,,,,,,
CMYK,PANTONE P 106-12 C,,62.35294117647059,-3,-27,,,,,,,
CMYK,PANTONE P 106-13 C,,54.11764705882353,-5,-32,,,,,,,
CMYK,PANTONE P 106-14 C,,48.627450980392155,-6,-35,,,,,,,
CMYK,PANTONE P 106-15 C,,41.568627450980394,-7,-40,,,,,,,
CMYK,PANTONE P 106-16 C,,35.68627450980392,-9,-43,,,,,,,
CMYK,PANTONE P 107-1 C,,60.3921568627451,-1,-23,,,,,,,
CMYK,PANTONE P 107-2 C,,54.90196078431373,-3,-27,,,,,,,
CMYK,PANTONE P 107-3 C,,51.37254901960784,-4,-29,,,,,,,
CMYK,PANTONE P 107-4 C,,49.411764705882355,-4,-30,,,,,,,
CMYK,PANTONE P 107-5 C,,45.09803921568628,-4,-32,,,,,,,
CMYK,PANTONE P 107-6 C,,38.82352941176471,-3,-36,,,,,,,
CMYK,PANTONE P 107-7 C,,35.294117647058826,-4,-37,,,,,,,
CMYK,PANTONE P 107-8 C,,32.549019607843135,-4,-38,,,,,,,
CMYK,PANTONE P 107-9 C,,62.35294117647059,-1,-20,,,,,,,
CMYK,PANTONE P 107-10 C,,56.470588235294116,-3,-23,,,,,,,
CMYK,PANTONE P 107-11 C,,52.94117647058824,-4,-26,,,,,,,
CMYK,PANTONE P 107-12 C,,49.411764705882355,-4,-27,,,,,,,
CMYK,PANTONE P 107-13 C,,44.31372549019608,-4,-30,,,,,,,
CMYK,PANTONE P 107-14 C,,37.254901960784316,-4,-33,,,,,,,
CMYK,PANTONE P 107-15 C,,32.94117647058823,-6,-35,,,,,,,
CMYK,PANTONE P 107-16 C,,29.411764705882355,-5,-35,,,,,,,
CMYK,PANTONE P 108-1 C,,78.03921568627452,0,-11,,,,,,,
CMYK,PANTONE P 108-2 C,,69.80392156862744,-1,-15,,,,,,,
CMYK,PANTONE P 108-3 C,,61.568627450980394,0,-18,,,,,,,
CMYK,PANTONE P 108-4 C,,55.294117647058826,-2,-20,,,,,,,
CMYK,PANTONE P 108-5 C,,49.80392156862745,-3,-24,,,,,,,
CMYK,PANTONE P 108-6 C,,43.529411764705884,-3,-26,,,,,,,
CMYK,PANTONE P 108-7 C,,34.509803921568626,-4,-29,,,,,,,
CMYK,PANTONE P 108-8 C,,25.882352941176475,-4,-29,,,,,,,
CMYK,PANTONE P 108-9 C,,75.29411764705883,-1,-12,,,,,,,
CMYK,PANTONE P 108-10 C,,66.66666666666666,0,-14,,,,,,,
CMYK,PANTONE P 108-11 C,,59.21568627450981,0,-17,,,,,,,
CMYK,PANTONE P 108-12 C,,53.333333333333336,-2,-19,,,,,,,
CMYK,PANTONE P 108-13 C,,47.84313725490196,-2,-23,,,,,,,
CMYK,PANTONE P 108-14 C,,41.17647058823529,-3,-24,,,,,,,
CMYK,PANTONE P 108-15 C,,30.58823529411765,-4,-27,,,,,,,
CMYK,PANTONE P 108-16 C,,21.96078431372549,-3,-25,,,,,,,
CMYK,PANTONE P 109-1 C,,91.76470588235294,-1,-6,,,,,,,
CMYK,PANTONE P 109-2 C,,84.70588235294117,-3,-12,,,,,,,
CMYK,PANTONE P 109-3 C,,77.64705882352942,-5,-19,,,,,,,
CMYK,PANTONE P 109-4 C,,70.98039215686275,-7,-25,,,,,,,
CMYK,PANTONE P 109-5 C,,61.1764705882353,-11,-35,,,,,,,
CMYK,PANTONE P 109-6 C,,54.509803921568626,-14,-41,,,,,,,
CMYK,PANTONE P 109-7 C,,48.627450980392155,-16,-46,,,,,,,
CMYK,PANTONE P 109-8 C,,44.31372549019608,-18,-50,,,,,,,
CMYK,PANTONE P 109-9 C,,87.05882352941177,-2,-9,,,,,,,
CMYK,PANTONE P 109-10 C,,79.6078431372549,-4,-15,,,,,,,
CMYK,PANTONE P 109-11 C,,72.54901960784314,-6,-20,,,,,,,
CMYK,PANTONE P 109-12 C,,65.09803921568627,-7,-27,,,,,,,
CMYK,PANTONE P 109-13 C,,55.68627450980392,-11,-34,,,,,,,
CMYK,PANTONE P 109-14 C,,50.19607843137255,-13,-39,,,,,,,
CMYK,PANTONE P 109-15 C,,44.31372549019608,-15,-43,,,,,,,
CMYK,PANTONE P 109-16 C,,40.3921568627451,-17,-45,,,,,,,
CMYK,PANTONE P 110-1 C,,82.74509803921568,-2,-11,,,,,,,
CMYK,PANTONE P 110-2 C,,76.07843137254902,-4,-16,,,,,,,
CMYK,PANTONE P 110-3 C,,70.58823529411765,-5,-19,,,,,,,
CMYK,PANTONE P 110-4 C,,63.52941176470588,-8,-25,,,,,,,
CMYK,PANTONE P 110-5 C,,56.86274509803921,-10,-29,,,,,,,
CMYK,PANTONE P 110-6 C,,51.37254901960784,-13,-33,,,,,,,
CMYK,PANTONE P 110-7 C,,45.09803921568628,-16,-37,,,,,,,
CMYK,PANTONE P 110-8 C,,38.82352941176471,-18,-41,,,,,,,
CMYK,PANTONE P 110-9 C,,80.0,-3,-12,,,,,,,
CMYK,PANTONE P 110-10 C,,73.33333333333333,-4,-16,,,,,,,
CMYK,PANTONE P 110-11 C,,67.45098039215686,-6,-19,,,,,,,
CMYK,PANTONE P 110-12 C,,60.0,-8,-24,,,,,,,
CMYK,PANTONE P 110-13 C,,52.54901960784314,-10,-27,,,,,,,
CMYK,PANTONE P 110-14 C,,47.84313725490196,-12,-30,,,,,,,
CMYK,PANTONE P 110-15 C,,41.568627450980394,-14,-33,,,,,,,
CMYK,PANTONE P 110-16 C,,34.509803921568626,-16,-37,,,,,,,
CMYK,PANTONE P 111-1 C,,77.64705882352942,-3,-12,,,,,,,
CMYK,PANTONE P 111-2 C,,70.19607843137254,-4,-16,,,,,,,
CMYK,PANTONE P 111-3 C,,64.31372549019608,-4,-19,,,,,,,
CMYK,PANTONE P 111-4 C,,56.86274509803921,-5,-23,,,,,,,
CMYK,PANTONE P 111-5 C,,49.411764705882355,-7,-27,,,,,,,
CMYK,PANTONE P 111-6 C,,43.529411764705884,-9,-30,,,,,,,
CMYK,PANTONE P 111-7 C,,36.86274509803922,-11,-32,,,,,,,
CMYK,PANTONE P 111-8 C,,29.411764705882355,-13,-33,,,,,,,
CMYK,PANTONE P 111-9 C,,74.50980392156863,-3,-13,,,,,,,
CMYK,PANTONE P 111-10 C,,67.45098039215686,-3,-16,,,,,,,
CMYK,PANTONE P 111-11 C,,61.1764705882353,-4,-18,,,,,,,
CMYK,PANTONE P 111-12 C,,54.509803921568626,-5,-22,,,,,,,
CMYK,PANTONE P 111-13 C,,47.05882352941176,-6,-25,,,,,,,
CMYK,PANTONE P 111-14 C,,40.0,-8,-28,,,,,,,
CMYK,PANTONE P 111-15 C,,32.15686274509804,-10,-29,,,,,,,
CMYK,PANTONE P 111-16 C,,25.49019607843137,-11,-28,,,,,,,
CMYK,PANTONE P 112-1 C,,89.01960784313725,-3,-9,,,,,,,
CMYK,PANTONE P 112-2 C,,83.92156862745098,-6,-14,,,,,,,
CMYK,PANTONE P 112-3 C,,79.2156862745098,-8,-19,,,,,,,
CMYK,PANTONE P 112-4 C,,73.33333333333333,-12,-26,,,,,,,
CMYK,PANTONE P 112-5 C,,65.88235294117646,-16,-34,,,,,,,
CMYK,PANTONE P 112-6 C,,60.0,-21,-40,,,,,,,
CMYK,PANTONE P 112-7 C,,54.11764705882353,-26,-47,,,,,,,
CMYK,PANTONE P 112-8 C,,50.588235294117645,-28,-51,,,,,,,
CMYK,PANTONE P 112-9 C,,84.70588235294117,-5,-11,,,,,,,
CMYK,PANTONE P 112-10 C,,80.0,-6,-16,,,,,,,
CMYK,PANTONE P 112-11 C,,75.29411764705883,-9,-20,,,,,,,
CMYK,PANTONE P 112-12 C,,68.62745098039215,-13,-27,,,,,,,
CMYK,PANTONE P 112-13 C,,61.96078431372549,-16,-33,,,,,,,
CMYK,PANTONE P 112-14 C,,56.470588235294116,-20,-38,,,,,,,
CMYK,PANTONE P 112-15 C,,50.588235294117645,-24,-43,,,,,,,
CMYK,PANTONE P 112-16 C,,46.27450980392157,-26,-46,,,,,,,
CMYK,PANTONE P 113-1 C,,80.0,-6,-14,,,,,,,
CMYK,PANTONE P 113-2 C,,74.90196078431373,-8,-18,,,,,,,
CMYK,PANTONE P 113-3 C,,69.41176470588235,-11,-23,,,,,,,
CMYK,PANTONE P 113-4 C,,61.568627450980394,-14,-29,,,,,,,
CMYK,PANTONE P 113-5 C,,55.294117647058826,-17,-34,,,,,,,
CMYK,PANTONE P 113-6 C,,50.588235294117645,-20,-38,,,,,,,
CMYK,PANTONE P 113-7 C,,46.27450980392157,-23,-41,,,,,,,
CMYK,PANTONE P 113-8 C,,42.745098039215684,-24,-42,,,,,,,
CMYK,PANTONE P 113-9 C,,76.86274509803923,-6,-15,,,,,,,
CMYK,PANTONE P 113-10 C,,70.98039215686275,-8,-19,,,,,,,
CMYK,PANTONE P 113-11 C,,65.49019607843137,-10,-22,,,,,,,
CMYK,PANTONE P 113-12 C,,57.647058823529406,-14,-29,,,,,,,
CMYK,PANTONE P 113-13 C,,51.76470588235295,-16,-31,,,,,,,
CMYK,PANTONE P 113-14 C,,47.45098039215686,-18,-34,,,,,,,
CMYK,PANTONE P 113-15 C,,42.35294117647059,-20,-37,,,,,,,
CMYK,PANTONE P 113-16 C,,38.43137254901961,-22,-38,,,,,,,
CMYK,PANTONE P 114-1 C,,75.68627450980392,-6,-14,,,,,,,
CMYK,PANTONE P 114-2 C,,70.19607843137254,-7,-17,,,,,,,
CMYK,PANTONE P 114-3 C,,64.31372549019608,-9,-20,,,,,,,
CMYK,PANTONE P 114-4 C,,56.86274509803921,-12,-25,,,,,,,
CMYK,PANTONE P 114-5 C,,50.98039215686274,-14,-28,,,,,,,
CMYK,PANTONE P 114-6 C,,46.666666666666664,-17,-30,,,,,,,
CMYK,PANTONE P 114-7 C,,39.6078431372549,-18,-33,,,,,,,
CMYK,PANTONE P 114-8 C,,34.11764705882353,-20,-34,,,,,,,
CMYK,PANTONE P 114-9 C,,73.33333333333333,-5,-13,,,,,,,
CMYK,PANTONE P 114-10 C,,67.45098039215686,-7,-16,,,,,,,
CMYK,PANTONE P 114-11 C,,62.35294117647059,-9,-19,,,,,,,
CMYK,PANTONE P 114-12 C,,55.294117647058826,-11,-23,,,,,,,
CMYK,PANTONE P 114-13 C,,48.23529411764706,-13,-25,,,,,,,
CMYK,PANTONE P 114-14 C,,42.745098039215684,-15,-27,,,,,,,
CMYK,PANTONE P 114-15 C,,35.294117647058826,-16,-29,,,,,,,
CMYK,PANTONE P 114-16 C,,28.235294117647058,-17,-28,,,,,,,
CMYK,PANTONE P 115-1 C,,94.90196078431372,-2,-2,,,,,,,
CMYK,PANTONE P 115-2 C,,91.37254901960785,-5,-7,,,,,,,
CMYK,PANTONE P 115-3 C,,86.66666666666667,-9,-13,,,,,,,
CMYK,PANTONE P 115-4 C,,81.96078431372548,-12,-19,,,,,,,
CMYK,PANTONE P 115-5 C,,74.50980392156863,-19,-29,,,,,,,
CMYK,PANTONE P 115-6 C,,66.66666666666666,-25,-38,,,,,,,
CMYK,PANTONE P 115-7 C,,60.78431372549019,-31,-46,,,,,,,
CMYK,PANTONE P 115-8 C,,55.294117647058826,-37,-53,,,,,,,
CMYK,PANTONE P 115-9 C,,92.94117647058823,-3,-4,,,,,,,
CMYK,PANTONE P 115-10 C,,88.23529411764706,-6,-9,,,,,,,
CMYK,PANTONE P 115-11 C,,82.74509803921568,-10,-15,,,,,,,
CMYK,PANTONE P 115-12 C,,77.64705882352942,-14,-21,,,,,,,
CMYK,PANTONE P 115-13 C,,68.23529411764706,-21,-31,,,,,,,
CMYK,PANTONE P 115-14 C,,61.1764705882353,-26,-38,,,,,,,
CMYK,PANTONE P 115-15 C,,55.68627450980392,-31,-44,,,,,,,
CMYK,PANTONE P 115-16 C,,50.98039215686274,-35,-48,,,,,,,
CMYK,PANTONE P 116-1 C,,85.49019607843137,-7,-11,,,,,,,
CMYK,PANTONE P 116-2 C,,79.6078431372549,-10,-16,,,,,,,
CMYK,PANTONE P 116-3 C,,75.29411764705883,-13,-19,,,,,,,
CMYK,PANTONE P 116-4 C,,68.62745098039215,-17,-26,,,,,,,
CMYK,PANTONE P 116-5 C,,61.96078431372549,-22,-31,,,,,,,
CMYK,PANTONE P 116-6 C,,56.86274509803921,-25,-36,,,,,,,
CMYK,PANTONE P 116-7 C,,51.37254901960784,-29,-40,,,,,,,
CMYK,PANTONE P 116-8 C,,47.84313725490196,-32,-43,,,,,,,
CMYK,PANTONE P 116-9 C,,83.13725490196079,-8,-12,,,,,,,
CMYK,PANTONE P 116-10 C,,76.86274509803923,-11,-16,,,,,,,
CMYK,PANTONE P 116-11 C,,72.15686274509804,-13,-20,,,,,,,
CMYK,PANTONE P 116-12 C,,65.09803921568627,-17,-25,,,,,,,
CMYK,PANTONE P 116-13 C,,59.21568627450981,-20,-29,,,,,,,
CMYK,PANTONE P 116-14 C,,54.11764705882353,-24,-33,,,,,,,
CMYK,PANTONE P 116-15 C,,49.01960784313725,-27,-36,,,,,,,
CMYK,PANTONE P 116-16 C,,43.529411764705884,-30,-40,,,,,,,
CMYK,PANTONE P 117-1 C,,85.88235294117646,-5,-8,,,,,,,
CMYK,PANTONE P 117-2 C,,78.82352941176471,-8,-13,,,,,,,
CMYK,PANTONE P 117-3 C,,72.15686274509804,-11,-17,,,,,,,
CMYK,PANTONE P 117-4 C,,64.70588235294117,-14,-22,,,,,,,
CMYK,PANTONE P 117-5 C,,56.470588235294116,-18,-27,,,,,,,
CMYK,PANTONE P 117-6 C,,50.19607843137255,-20,-30,,,,,,,
CMYK,PANTONE P 117-7 C,,42.35294117647059,-23,-33,,,,,,,
CMYK,PANTONE P 117-8 C,,35.68627450980392,-26,-36,,,,,,,
CMYK,PANTONE P 117-9 C,,83.52941176470588,-6,-8,,,,,,,
CMYK,PANTONE P 117-10 C,,76.07843137254902,-8,-13,,,,,,,
CMYK,PANTONE P 117-11 C,,69.41176470588235,-11,-16,,,,,,,
CMYK,PANTONE P 117-12 C,,62.35294117647059,-13,-20,,,,,,,
CMYK,PANTONE P 117-13 C,,54.509803921568626,-17,-25,,,,,,,
CMYK,PANTONE P 117-14 C,,47.05882352941176,-19,-27,,,,,,,
CMYK,PANTONE P 117-15 C,,38.03921568627451,-22,-29,,,,,,,
CMYK,PANTONE P 117-16 C,,30.980392156862745,-23,-30,,,,,,,
CMYK,PANTONE P 118-1 C,,90.19607843137256,-6,-7,,,,,,,
CMYK,PANTONE P 118-2 C,,85.88235294117646,-10,-11,,,,,,,
CMYK,PANTONE P 118-3 C,,81.17647058823529,-14,-15,,,,,,,
CMYK,PANTONE P 118-4 C,,76.07843137254902,-19,-21,,,,,,,
CMYK,PANTONE P 118-5 C,,69.41176470588235,-25,-27,,,,,,,
CMYK,PANTONE P 118-6 C,,64.70588235294117,-30,-32,,,,,,,
CMYK,PANTONE P 118-7 C,,59.21568627450981,-37,-37,,,,,,,
CMYK,PANTONE P 118-8 C,,54.90196078431373,-44,-41,,,,,,,
CMYK,PANTONE P 118-9 C,,91.37254901960785,-4,-4,,,,,,,
CMYK,PANTONE P 118-10 C,,86.27450980392157,-8,-8,,,,,,,
CMYK,PANTONE P 118-11 C,,80.3921568627451,-12,-13,,,,,,,
CMYK,PANTONE P 118-12 C,,75.29411764705883,-16,-17,,,,,,,
CMYK,PANTONE P 118-13 C,,67.84313725490196,-22,-24,,,,,,,
CMYK,PANTONE P 118-14 C,,61.568627450980394,-27,-29,,,,,,,
CMYK,PANTONE P 118-15 C,,55.68627450980392,-34,-33,,,,,,,
CMYK,PANTONE P 118-16 C,,50.19607843137255,-40,-37,,,,,,,
CMYK,PANTONE P 119-1 C,,83.13725490196079,-8,-8,,,,,,,
CMYK,PANTONE P 119-2 C,,77.64705882352942,-11,-12,,,,,,,
CMYK,PANTONE P 119-3 C,,72.94117647058823,-14,-15,,,,,,,
CMYK,PANTONE P 119-4 C,,65.49019607843137,-19,-21,,,,,,,
CMYK,PANTONE P 119-5 C,,58.82352941176471,-23,-25,,,,,,,
CMYK,PANTONE P 119-6 C,,53.72549019607843,-28,-29,,,,,,,
CMYK,PANTONE P 119-7 C,,49.01960784313725,-32,-32,,,,,,,
CMYK,PANTONE P 119-8 C,,44.70588235294118,-37,-34,,,,,,,
CMYK,PANTONE P 119-9 C,,79.6078431372549,-9,-9,,,,,,,
CMYK,PANTONE P 119-10 C,,74.50980392156863,-11,-13,,,,,,,
CMYK,PANTONE P 119-11 C,,68.23529411764706,-15,-16,,,,,,,
CMYK,PANTONE P 119-12 C,,60.78431372549019,-19,-21,,,,,,,
CMYK,PANTONE P 119-13 C,,54.11764705882353,-23,-25,,,,,,,
CMYK,PANTONE P 119-14 C,,49.411764705882355,-26,-27,,,,,,,
CMYK,PANTONE P 119-15 C,,44.31372549019608,-30,-30,,,,,,,
CMYK,PANTONE P 119-16 C,,40.78431372549019,-33,-31,,,,,,,
CMYK,PANTONE P 120-1 C,,76.86274509803923,-9,-11,,,,,,,
CMYK,PANTONE P 120-2 C,,70.98039215686275,-12,-13,,,,,,,
CMYK,PANTONE P 120-3 C,,65.09803921568627,-15,-16,,,,,,,
CMYK,PANTONE P 120-4 C,,58.43137254901961,-18,-20,,,,,,,
CMYK,PANTONE P 120-5 C,,54.11764705882353,-20,-22,,,,,,,
CMYK,PANTONE P 120-6 C,,49.01960784313725,-23,-25,,,,,,,
CMYK,PANTONE P 120-7 C,,42.745098039215684,-27,-27,,,,,,,
CMYK,PANTONE P 120-8 C,,36.86274509803922,-31,-29,,,,,,,
CMYK,PANTONE P 120-9 C,,73.33333333333333,-10,-11,,,,,,,
CMYK,PANTONE P 120-10 C,,67.84313725490196,-12,-13,,,,,,,
CMYK,PANTONE P 120-11 C,,62.35294117647059,-14,-15,,,,,,,
CMYK,PANTONE P 120-12 C,,56.470588235294116,-17,-19,,,,,,,
CMYK,PANTONE P 120-13 C,,50.588235294117645,-19,-21,,,,,,,
CMYK,PANTONE P 120-14 C,,45.490196078431374,-21,-23,,,,,,,
CMYK,PANTONE P 120-15 C,,37.64705882352941,-24,-24,,,,,,,
CMYK,PANTONE P 120-16 C,,30.58823529411765,-25,-24,,,,,,,
CMYK,PANTONE P 121-1 C,,94.11764705882352,-3,-1,,,,,,,
CMYK,PANTONE P 121-2 C,,89.01960784313725,-8,-5,,,,,,,
CMYK,PANTONE P 121-3 C,,84.70588235294117,-12,-7,,,,,,,
CMYK,PANTONE P 121-4 C,,79.6078431372549,-18,-10,,,,,,,
CMYK,PANTONE P 121-5 C,,71.76470588235294,-26,-16,,,,,,,
CMYK,PANTONE P 121-6 C,,65.49019607843137,-35,-19,,,,,,,
CMYK,PANTONE P 121-7 C,,60.3921568627451,-43,-21,,,,,,,
CMYK,PANTONE P 121-8 C,,55.68627450980392,-50,-23,,,,,,,
CMYK,PANTONE P 121-9 C,,85.09803921568627,-9,-5,,,,,,,
CMYK,PANTONE P 121-10 C,,80.7843137254902,-13,-8,,,,,,,
CMYK,PANTONE P 121-11 C,,76.47058823529412,-16,-9,,,,,,,
CMYK,PANTONE P 121-12 C,,70.19607843137254,-22,-13,,,,,,,
CMYK,PANTONE P 121-13 C,,62.35294117647059,-29,-17,,,,,,,
CMYK,PANTONE P 121-14 C,,57.647058823529406,-35,-19,,,,,,,
CMYK,PANTONE P 121-15 C,,52.94117647058824,-40,-20,,,,,,,
CMYK,PANTONE P 121-16 C,,49.80392156862745,-46,-20,,,,,,,
CMYK,PANTONE P 122-1 C,,89.01960784313725,-6,-2,,,,,,,
CMYK,PANTONE P 122-2 C,,83.13725490196079,-9,-4,,,,,,,
CMYK,PANTONE P 122-3 C,,77.64705882352942,-13,-6,,,,,,,
CMYK,PANTONE P 122-4 C,,72.15686274509804,-17,-7,,,,,,,
CMYK,PANTONE P 122-5 C,,64.31372549019608,-23,-11,,,,,,,
CMYK,PANTONE P 122-6 C,,58.03921568627452,-29,-14,,,,,,,
CMYK,PANTONE P 122-7 C,,52.156862745098046,-35,-16,,,,,,,
CMYK,PANTONE P 122-8 C,,46.27450980392157,-43,-18,,,,,,,
CMYK,PANTONE P 122-9 C,,86.27450980392157,-6,-3,,,,,,,
CMYK,PANTONE P 122-10 C,,80.3921568627451,-10,-4,,,,,,,
CMYK,PANTONE P 122-11 C,,74.11764705882354,-13,-7,,,,,,,
CMYK,PANTONE P 122-12 C,,69.01960784313725,-17,-8,,,,,,,
CMYK,PANTONE P 122-13 C,,60.3921568627451,-22,-11,,,,,,,
CMYK,PANTONE P 122-14 C,,54.11764705882353,-27,-13,,,,,,,
CMYK,PANTONE P 122-15 C,,48.23529411764706,-32,-14,,,,,,,
CMYK,PANTONE P 122-16 C,,42.35294117647059,-38,-17,,,,,,,
CMYK,PANTONE P 123-1 C,,89.41176470588236,-4,-2,,,,,,,
CMYK,PANTONE P 123-2 C,,81.96078431372548,-8,-6,,,,,,,
CMYK,PANTONE P 123-3 C,,73.33333333333333,-12,-9,,,,,,,
CMYK,PANTONE P 123-4 C,,66.66666666666666,-16,-11,,,,,,,
CMYK,PANTONE P 123-5 C,,57.647058823529406,-21,-14,,,,,,,
CMYK,PANTONE P 123-6 C,,50.19607843137255,-25,-16,,,,,,,
CMYK,PANTONE P 123-7 C,,42.745098039215684,-30,-18,,,,,,,
CMYK,PANTONE P 123-8 C,,35.294117647058826,-35,-19,,,,,,,
CMYK,PANTONE P 123-9 C,,75.68627450980392,-10,-7,,,,,,,
CMYK,PANTONE P 123-10 C,,69.80392156862744,-13,-9,,,,,,,
CMYK,PANTONE P 123-11 C,,64.31372549019608,-15,-10,,,,,,,
CMYK,PANTONE P 123-12 C,,57.647058823529406,-19,-13,,,,,,,
CMYK,PANTONE P 123-13 C,,50.588235294117645,-22,-15,,,,,,,
CMYK,PANTONE P 123-14 C,,44.31372549019608,-25,-16,,,,,,,
CMYK,PANTONE P 123-15 C,,37.64705882352941,-28,-16,,,,,,,
CMYK,PANTONE P 123-16 C,,30.980392156862745,-30,-17,,,,,,,
CMYK,PANTONE P 124-1 C,,92.94117647058823,-4,-1,,,,,,,
CMYK,PANTONE P 124-2 C,,88.62745098039215,-8,-2,,,,,,,
CMYK,PANTONE P 124-3 C,,83.92156862745098,-13,-5,,,,,,,
CMYK,PANTONE P 124-4 C,,78.82352941176471,-18,-5,,,,,,,
CMYK,PANTONE P 124-5 C,,71.37254901960785,-26,-8,,,,,,,
CMYK,PANTONE P 124-6 C,,64.70588235294117,-36,-11,,,,,,,
CMYK,PANTONE P 124-7 C,,59.21568627450981,-45,-13,,,,,,,
CMYK,PANTONE P 124-8 C,,54.11764705882353,-55,-15,,,,,,,
CMYK,PANTONE P 124-9 C,,89.01960784313725,-7,-2,,,,,,,
CMYK,PANTONE P 124-10 C,,84.31372549019608,-10,-4,,,,,,,
CMYK,PANTONE P 124-11 C,,78.82352941176471,-15,-4,,,,,,,
CMYK,PANTONE P 124-12 C,,74.11764705882354,-20,-6,,,,,,,
CMYK,PANTONE P 124-13 C,,65.88235294117646,-27,-9,,,,,,,
CMYK,PANTONE P 124-14 C,,59.6078431372549,-34,-11,,,,,,,
CMYK,PANTONE P 124-15 C,,54.509803921568626,-42,-13,,,,,,,
CMYK,PANTONE P 124-16 C,,49.01960784313725,-51,-15,,,,,,,
CMYK,PANTONE P 125-1 C,,84.70588235294117,-8,-4,,,,,,,
CMYK,PANTONE P 125-2 C,,78.82352941176471,-13,-5,,,,,,,
CMYK,PANTONE P 125-3 C,,73.33333333333333,-16,-5,,,,,,,
CMYK,PANTONE P 125-4 C,,67.84313725490196,-20,-7,,,,,,,
CMYK,PANTONE P 125-5 C,,60.78431372549019,-27,-9,,,,,,,
CMYK,PANTONE P 125-6 C,,54.509803921568626,-34,-11,,,,,,,
CMYK,PANTONE P 125-7 C,,49.01960784313725,-40,-14,,,,,,,
CMYK,PANTONE P 125-8 C,,45.09803921568628,-46,-13,,,,,,,
CMYK,PANTONE P 125-9 C,,80.7843137254902,-9,-3,,,,,,,
CMYK,PANTONE P 125-10 C,,74.11764705882354,-14,-5,,,,,,,
CMYK,PANTONE P 125-11 C,,69.41176470588235,-16,-5,,,,,,,
CMYK,PANTONE P 125-12 C,,63.921568627450974,-20,-7,,,,,,,
CMYK,PANTONE P 125-13 C,,57.647058823529406,-25,-8,,,,,,,
CMYK,PANTONE P 125-14 C,,50.98039215686274,-30,-11,,,,,,,
CMYK,PANTONE P 125-15 C,,45.490196078431374,-36,-12,,,,,,,
CMYK,PANTONE P 125-16 C,,41.17647058823529,-42,-12,,,,,,,
CMYK,PANTONE P 126-1 C,,74.50980392156863,-11,-6,,,,,,,
CMYK,PANTONE P 126-2 C,,67.05882352941175,-16,-7,,,,,,,
CMYK,PANTONE P 126-3 C,,60.0,-19,-9,,,,,,,
CMYK,PANTONE P 126-4 C,,51.76470588235295,-24,-10,,,,,,,
CMYK,PANTONE P 126-5 C,,47.84313725490196,-26,-11,,,,,,,
CMYK,PANTONE P 126-6 C,,43.529411764705884,-29,-11,,,,,,,
CMYK,PANTONE P 126-7 C,,36.470588235294116,-33,-11,,,,,,,
CMYK,PANTONE P 126-8 C,,30.980392156862745,-34,-9,,,,,,,
CMYK,PANTONE P 126-9 C,,90.58823529411765,-4,-1,,,,,,,
CMYK,PANTONE P 126-10 C,,79.6078431372549,-8,-4,,,,,,,
CMYK,PANTONE P 126-11 C,,69.01960784313725,-13,-7,,,,,,,
CMYK,PANTONE P 126-12 C,,59.6078431372549,-16,-7,,,,,,,
CMYK,PANTONE P 126-13 C,,52.94117647058824,-20,-9,,,,,,,
CMYK,PANTONE P 126-14 C,,44.70588235294118,-24,-9,,,,,,,
CMYK,PANTONE P 126-15 C,,34.90196078431372,-28,-10,,,,,,,
CMYK,PANTONE P 126-16 C,,24.705882352941178,-27,-8,,,,,,,
CMYK,PANTONE P 127-1 C,,88.62745098039215,-8,-1,,,,,,,
CMYK,PANTONE P 127-2 C,,83.92156862745098,-13,-1,,,,,,,
CMYK,PANTONE P 127-3 C,,79.6078431372549,-18,-1,,,,,,,
CMYK,PANTONE P 127-4 C,,74.11764705882354,-24,-3,,,,,,,
CMYK,PANTONE P 127-5 C,,67.84313725490196,-31,-4,,,,,,,
CMYK,PANTONE P 127-6 C,,62.745098039215684,-40,-5,,,,,,,
CMYK,PANTONE P 127-7 C,,58.03921568627452,-47,-9,,,,,,,
CMYK,PANTONE P 127-8 C,,54.11764705882353,-56,-12,,,,,,,
CMYK,PANTONE P 127-9 C,,85.49019607843137,-9,-1,,,,,,,
CMYK,PANTONE P 127-10 C,,80.7843137254902,-14,-2,,,,,,,
CMYK,PANTONE P 127-11 C,,76.07843137254902,-18,-1,,,,,,,
CMYK,PANTONE P 127-12 C,,69.80392156862744,-24,-3,,,,,,,
CMYK,PANTONE P 127-13 C,,63.52941176470588,-31,-5,,,,,,,
CMYK,PANTONE P 127-14 C,,58.43137254901961,-38,-5,,,,,,,
CMYK,PANTONE P 127-15 C,,53.72549019607843,-44,-8,,,,,,,
CMYK,PANTONE P 127-16 C,,49.80392156862745,-52,-11,,,,,,,
CMYK,PANTONE P 128-1 C,,81.96078431372548,-11,-1,,,,,,,
CMYK,PANTONE P 128-2 C,,76.07843137254902,-16,-2,,,,,,,
CMYK,PANTONE P 128-3 C,,69.41176470588235,-21,-3,,,,,,,
CMYK,PANTONE P 128-4 C,,62.745098039215684,-28,-4,,,,,,,
CMYK,PANTONE P 128-5 C,,57.647058823529406,-33,-4,,,,,,,
CMYK,PANTONE P 128-6 C,,54.509803921568626,-36,-4,,,,,,,
CMYK,PANTONE P 128-7 C,,48.627450980392155,-43,-6,,,,,,,
CMYK,PANTONE P 128-8 C,,44.70588235294118,-49,-8,,,,,,,
CMYK,PANTONE P 128-9 C,,79.2156862745098,-12,-2,,,,,,,
CMYK,PANTONE P 128-10 C,,72.94117647058823,-15,-1,,,,,,,
CMYK,PANTONE P 128-11 C,,65.88235294117646,-21,-3,,,,,,,
CMYK,PANTONE P 128-12 C,,59.21568627450981,-26,-5,,,,,,,
CMYK,PANTONE P 128-13 C,,54.90196078431373,-30,-5,,,,,,,
CMYK,PANTONE P 128-14 C,,51.37254901960784,-34,-4,,,,,,,
CMYK,PANTONE P 128-15 C,,45.490196078431374,-39,-5,,,,,,,
CMYK,PANTONE P 128-16 C,,41.17647058823529,-45,-8,,,,,,,
CMYK,PANTONE P 129-1 C,,82.35294117647058,-9,0,,,,,,,
CMYK,PANTONE P 129-2 C,,75.29411764705883,-13,0,,,,,,,
CMYK,PANTONE P 129-3 C,,69.41176470588235,-16,0,,,,,,,
CMYK,PANTONE P 129-4 C,,63.13725490196078,-20,0,,,,,,,
CMYK,PANTONE P 129-5 C,,55.68627450980392,-26,-3,,,,,,,
CMYK,PANTONE P 129-6 C,,50.19607843137255,-30,-4,,,,,,,
CMYK,PANTONE P 129-7 C,,44.70588235294118,-34,-5,,,,,,,
CMYK,PANTONE P 129-8 C,,38.82352941176471,-38,-8,,,,,,,
CMYK,PANTONE P 129-9 C,,87.05882352941177,-6,-1,,,,,,,
CMYK,PANTONE P 129-10 C,,78.43137254901961,-10,-1,,,,,,,
CMYK,PANTONE P 129-11 C,,70.58823529411765,-14,0,,,,,,,
CMYK,PANTONE P 129-12 C,,63.52941176470588,-17,1,,,,,,,
CMYK,PANTONE P 129-13 C,,55.68627450980392,-22,-1,,,,,,,
CMYK,PANTONE P 129-14 C,,48.23529411764706,-26,-3,,,,,,,
CMYK,PANTONE P 129-15 C,,40.78431372549019,-30,-4,,,,,,,
CMYK,PANTONE P 129-16 C,,33.72549019607843,-32,-7,,,,,,,
CMYK,PANTONE P 130-1 C,,89.41176470588236,-8,-1,,,,,,,
CMYK,PANTONE P 130-2 C,,84.70588235294117,-13,0,,,,,,,
CMYK,PANTONE P 130-3 C,,79.2156862745098,-19,1,,,,,,,
CMYK,PANTONE P 130-4 C,,73.72549019607844,-26,0,,,,,,,
CMYK,PANTONE P 130-5 C,,66.66666666666666,-34,0,,,,,,,
CMYK,PANTONE P 130-6 C,,61.568627450980394,-42,-1,,,,,,,
CMYK,PANTONE P 130-7 C,,56.470588235294116,-51,-4,,,,,,,
CMYK,PANTONE P 130-8 C,,52.54901960784314,-60,-4,,,,,,,
CMYK,PANTONE P 130-9 C,,81.17647058823529,-14,0,,,,,,,
CMYK,PANTONE P 130-10 C,,76.47058823529412,-18,2,,,,,,,
CMYK,PANTONE P 130-11 C,,71.76470588235294,-24,2,,,,,,,
CMYK,PANTONE P 130-12 C,,64.70588235294117,-31,-1,,,,,,,
CMYK,PANTONE P 130-13 C,,60.3921568627451,-36,0,,,,,,,
CMYK,PANTONE P 130-14 C,,55.68627450980392,-41,-2,,,,,,,
CMYK,PANTONE P 130-15 C,,51.37254901960784,-49,-5,,,,,,,
CMYK,PANTONE P 130-16 C,,48.23529411764706,-54,-4,,,,,,,
CMYK,PANTONE P 131-1 C,,77.64705882352942,-15,4,,,,,,,
CMYK,PANTONE P 131-2 C,,72.94117647058823,-19,6,,,,,,,
CMYK,PANTONE P 131-3 C,,68.62745098039215,-23,6,,,,,,,
CMYK,PANTONE P 131-4 C,,62.745098039215684,-28,5,,,,,,,
CMYK,PANTONE P 131-5 C,,58.03921568627452,-33,4,,,,,,,
CMYK,PANTONE P 131-6 C,,53.72549019607843,-39,0,,,,,,,
CMYK,PANTONE P 131-7 C,,50.19607843137255,-43,-1,,,,,,,
CMYK,PANTONE P 131-8 C,,47.45098039215686,-49,-2,,,,,,,
CMYK,PANTONE P 131-9 C,,74.50980392156863,-15,3,,,,,,,
CMYK,PANTONE P 131-10 C,,70.19607843137254,-19,4,,,,,,,
CMYK,PANTONE P 131-11 C,,65.09803921568627,-23,4,,,,,,,
CMYK,PANTONE P 131-12 C,,60.0,-27,3,,,,,,,
CMYK,PANTONE P 131-13 C,,55.294117647058826,-31,1,,,,,,,
CMYK,PANTONE P 131-14 C,,50.588235294117645,-36,-3,,,,,,,
CMYK,PANTONE P 131-15 C,,47.45098039215686,-39,-3,,,,,,,
CMYK,PANTONE P 131-16 C,,44.70588235294118,-44,-6,,,,,,,
CMYK,PANTONE P 132-1 C,,69.80392156862744,-15,1,,,,,,,
CMYK,PANTONE P 132-2 C,,64.31372549019608,-18,1,,,,,,,
CMYK,PANTONE P 132-3 C,,59.21568627450981,-21,0,,,,,,,
CMYK,PANTONE P 132-4 C,,53.72549019607843,-25,0,,,,,,,
CMYK,PANTONE P 132-5 C,,49.411764705882355,-28,0,,,,,,,
CMYK,PANTONE P 132-6 C,,44.31372549019608,-32,-2,,,,,,,
CMYK,PANTONE P 132-7 C,,39.21568627450981,-36,-3,,,,,,,
CMYK,PANTONE P 132-8 C,,34.90196078431372,-40,-3,,,,,,,
CMYK,PANTONE P 132-9 C,,71.37254901960785,-12,0,,,,,,,
CMYK,PANTONE P 132-10 C,,65.09803921568627,-15,1,,,,,,,
CMYK,PANTONE P 132-11 C,,61.1764705882353,-17,2,,,,,,,
CMYK,PANTONE P 132-12 C,,54.90196078431373,-21,0,,,,,,,
CMYK,PANTONE P 132-13 C,,49.411764705882355,-24,1,,,,,,,
CMYK,PANTONE P 132-14 C,,43.13725490196079,-27,-1,,,,,,,
CMYK,PANTONE P 132-15 C,,36.470588235294116,-31,-3,,,,,,,
CMYK,PANTONE P 132-16 C,,30.19607843137255,-33,-3,,,,,,,
CMYK,PANTONE P 133-1 C,,93.72549019607843,-4,1,,,,,,,
CMYK,PANTONE P 133-2 C,,89.01960784313725,-9,3,,,,,,,
CMYK,PANTONE P 133-3 C,,82.74509803921568,-16,4,,,,,,,
CMYK,PANTONE P 133-4 C,,78.03921568627452,-22,6,,,,,,,
CMYK,PANTONE P 133-5 C,,70.19607843137254,-32,7,,,,,,,
CMYK,PANTONE P 133-6 C,,64.31372549019608,-42,5,,,,,,,
CMYK,PANTONE P 133-7 C,,59.21568627450981,-52,4,,,,,,,
CMYK,PANTONE P 133-8 C,,56.07843137254902,-59,6,,,,,,,
CMYK,PANTONE P 133-9 C,,90.98039215686275,-5,1,,,,,,,
CMYK,PANTONE P 133-10 C,,84.31372549019608,-10,2,,,,,,,
CMYK,PANTONE P 133-11 C,,78.43137254901961,-16,5,,,,,,,
CMYK,PANTONE P 133-12 C,,72.94117647058823,-21,6,,,,,,,
CMYK,PANTONE P 133-13 C,,65.88235294117646,-31,7,,,,,,,
CMYK,PANTONE P 133-14 C,,60.0,-38,5,,,,,,,
CMYK,PANTONE P 133-15 C,,54.90196078431373,-45,5,,,,,,,
CMYK,PANTONE P 133-16 C,,50.98039215686274,-51,5,,,,,,,
CMYK,PANTONE P 134-1 C,,80.3921568627451,-12,2,,,,,,,
CMYK,PANTONE P 134-2 C,,75.68627450980392,-16,4,,,,,,,
CMYK,PANTONE P 134-3 C,,70.19607843137254,-20,6,,,,,,,
CMYK,PANTONE P 134-4 C,,65.49019607843137,-25,6,,,,,,,
CMYK,PANTONE P 134-5 C,,59.21568627450981,-30,5,,,,,,,
CMYK,PANTONE P 134-6 C,,54.90196078431373,-35,3,,,,,,,
CMYK,PANTONE P 134-7 C,,50.588235294117645,-40,2,,,,,,,
CMYK,PANTONE P 134-8 C,,46.666666666666664,-43,3,,,,,,,
CMYK,PANTONE P 134-9 C,,94.11764705882352,-2,0,,,,,,,
CMYK,PANTONE P 134-10 C,,85.49019607843137,-7,1,,,,,,,
CMYK,PANTONE P 134-11 C,,77.25490196078432,-13,3,,,,,,,
CMYK,PANTONE P 134-12 C,,69.41176470588235,-17,5,,,,,,,
CMYK,PANTONE P 134-13 C,,60.78431372549019,-24,5,,,,,,,
CMYK,PANTONE P 134-14 C,,52.54901960784314,-29,3,,,,,,,
CMYK,PANTONE P 134-15 C,,45.88235294117647,-33,2,,,,,,,
CMYK,PANTONE P 134-16 C,,39.6078431372549,-38,3,,,,,,,
CMYK,PANTONE P 135-1 C,,80.3921568627451,-9,1,,,,,,,
CMYK,PANTONE P 135-2 C,,73.33333333333333,-13,2,,,,,,,
CMYK,PANTONE P 135-3 C,,66.27450980392156,-17,3,,,,,,,
CMYK,PANTONE P 135-4 C,,58.43137254901961,-21,2,,,,,,,
CMYK,PANTONE P 135-5 C,,52.156862745098046,-26,3,,,,,,,
CMYK,PANTONE P 135-6 C,,45.88235294117647,-30,2,,,,,,,
CMYK,PANTONE P 135-7 C,,39.21568627450981,-34,1,,,,,,,
CMYK,PANTONE P 135-8 C,,33.72549019607843,-37,2,,,,,,,
CMYK,PANTONE P 135-9 C,,75.29411764705883,-10,1,,,,,,,
CMYK,PANTONE P 135-10 C,,68.23529411764706,-13,2,,,,,,,
CMYK,PANTONE P 135-11 C,,62.35294117647059,-16,3,,,,,,,
CMYK,PANTONE P 135-12 C,,56.07843137254902,-19,2,,,,,,,
CMYK,PANTONE P 135-13 C,,49.01960784313725,-22,3,,,,,,,
CMYK,PANTONE P 135-14 C,,41.17647058823529,-25,2,,,,,,,
CMYK,PANTONE P 135-15 C,,34.11764705882353,-28,1,,,,,,,
CMYK,PANTONE P 135-16 C,,27.058823529411764,-29,1,,,,,,,
CMYK,PANTONE P 136-1 C,,87.45098039215686,-10,4,,,,,,,
CMYK,PANTONE P 136-2 C,,83.52941176470588,-15,8,,,,,,,
CMYK,PANTONE P 136-3 C,,78.82352941176471,-21,8,,,,,,,
CMYK,PANTONE P 136-4 C,,72.54901960784314,-29,10,,,,,,,
CMYK,PANTONE P 136-5 C,,67.45098039215686,-36,9,,,,,,,
CMYK,PANTONE P 136-6 C,,62.745098039215684,-44,8,,,,,,,
CMYK,PANTONE P 136-7 C,,58.82352941176471,-53,10,,,,,,,
CMYK,PANTONE P 136-8 C,,55.68627450980392,-60,13,,,,,,,
CMYK,PANTONE P 136-9 C,,82.74509803921568,-13,5,,,,,,,
CMYK,PANTONE P 136-10 C,,78.43137254901961,-17,7,,,,,,,
CMYK,PANTONE P 136-11 C,,73.72549019607844,-22,9,,,,,,,
CMYK,PANTONE P 136-12 C,,67.45098039215686,-28,9,,,,,,,
CMYK,PANTONE P 136-13 C,,62.745098039215684,-34,9,,,,,,,
CMYK,PANTONE P 136-14 C,,58.43137254901961,-40,8,,,,,,,
CMYK,PANTONE P 136-15 C,,54.11764705882353,-46,10,,,,,,,
CMYK,PANTONE P 136-16 C,,50.19607843137255,-52,11,,,,,,,
CMYK,PANTONE P 137-1 C,,87.05882352941177,-8,4,,,,,,,
CMYK,PANTONE P 137-2 C,,80.3921568627451,-13,8,,,,,,,
CMYK,PANTONE P 137-3 C,,74.50980392156863,-18,10,,,,,,,
CMYK,PANTONE P 137-4 C,,68.23529411764706,-24,12,,,,,,,
CMYK,PANTONE P 137-5 C,,61.96078431372549,-30,12,,,,,,,
CMYK,PANTONE P 137-6 C,,56.86274509803921,-35,13,,,,,,,
CMYK,PANTONE P 137-7 C,,51.76470588235295,-42,15,,,,,,,
CMYK,PANTONE P 137-8 C,,48.627450980392155,-47,18,,,,,,,
CMYK,PANTONE P 137-9 C,,84.31372549019608,-8,4,,,,,,,
CMYK,PANTONE P 137-10 C,,77.64705882352942,-13,7,,,,,,,
CMYK,PANTONE P 137-11 C,,71.37254901960785,-18,10,,,,,,,
CMYK,PANTONE P 137-12 C,,64.70588235294117,-23,10,,,,,,,
CMYK,PANTONE P 137-13 C,,58.82352941176471,-28,11,,,,,,,
CMYK,PANTONE P 137-14 C,,53.333333333333336,-32,12,,,,,,,
CMYK,PANTONE P 137-15 C,,47.45098039215686,-39,12,,,,,,,
CMYK,PANTONE P 137-16 C,,43.13725490196079,-44,14,,,,,,,
CMYK,PANTONE P 138-1 C,,77.64705882352942,-11,3,,,,,,,
CMYK,PANTONE P 138-2 C,,70.58823529411765,-15,5,,,,,,,
CMYK,PANTONE P 138-3 C,,64.70588235294117,-18,6,,,,,,,
CMYK,PANTONE P 138-4 C,,57.647058823529406,-23,6,,,,,,,
CMYK,PANTONE P 138-5 C,,51.76470588235295,-26,5,,,,,,,
CMYK,PANTONE P 138-6 C,,45.88235294117647,-30,4,,,,,,,
CMYK,PANTONE P 138-7 C,,38.82352941176471,-33,5,,,,,,,
CMYK,PANTONE P 138-8 C,,31.372549019607842,-36,7,,,,,,,
CMYK,PANTONE P 138-9 C,,73.72549019607844,-12,4,,,,,,,
CMYK,PANTONE P 138-10 C,,67.84313725490196,-15,5,,,,,,,
CMYK,PANTONE P 138-11 C,,62.35294117647059,-17,7,,,,,,,
CMYK,PANTONE P 138-12 C,,56.07843137254902,-21,7,,,,,,,
CMYK,PANTONE P 138-13 C,,49.411764705882355,-24,6,,,,,,,
CMYK,PANTONE P 138-14 C,,41.96078431372549,-26,5,,,,,,,
CMYK,PANTONE P 138-15 C,,33.72549019607843,-28,4,,,,,,,
CMYK,PANTONE P 138-16 C,,24.705882352941178,-28,5,,,,,,,
CMYK,PANTONE P 139-1 C,,92.94117647058823,-5,3,,,,,,,
CMYK,PANTONE P 139-2 C,,87.05882352941177,-11,8,,,,,,,
CMYK,PANTONE P 139-3 C,,81.56862745098039,-18,12,,,,,,,
CMYK,PANTONE P 139-4 C,,76.07843137254902,-25,17,,,,,,,
CMYK,PANTONE P 139-5 C,,69.01960784313725,-34,17,,,,,,,
CMYK,PANTONE P 139-6 C,,63.921568627450974,-44,21,,,,,,,
CMYK,PANTONE P 139-7 C,,59.6078431372549,-54,25,,,,,,,
CMYK,PANTONE P 139-8 C,,56.470588235294116,-61,30,,,,,,,
CMYK,PANTONE P 139-9 C,,89.41176470588236,-7,3,,,,,,,
CMYK,PANTONE P 139-10 C,,83.13725490196079,-12,8,,,,,,,
CMYK,PANTONE P 139-11 C,,78.03921568627452,-18,12,,,,,,,
CMYK,PANTONE P 139-12 C,,72.15686274509804,-24,15,,,,,,,
CMYK,PANTONE P 139-13 C,,65.49019607843137,-32,16,,,,,,,
CMYK,PANTONE P 139-14 C,,59.6078431372549,-40,18,,,,,,,
CMYK,PANTONE P 139-15 C,,54.509803921568626,-49,21,,,,,,,
CMYK,PANTONE P 139-16 C,,51.37254901960784,-56,26,,,,,,,
CMYK,PANTONE P 140-1 C,,83.13725490196079,-11,7,,,,,,,
CMYK,PANTONE P 140-2 C,,76.86274509803923,-17,12,,,,,,,
CMYK,PANTONE P 140-3 C,,71.37254901960785,-21,15,,,,,,,
CMYK,PANTONE P 140-4 C,,64.70588235294117,-27,15,,,,,,,
CMYK,PANTONE P 140-5 C,,58.43137254901961,-32,16,,,,,,,
CMYK,PANTONE P 140-6 C,,54.11764705882353,-38,18,,,,,,,
CMYK,PANTONE P 140-7 C,,49.01960784313725,-45,20,,,,,,,
CMYK,PANTONE P 140-8 C,,45.09803921568628,-50,23,,,,,,,
CMYK,PANTONE P 140-9 C,,79.6078431372549,-13,8,,,,,,,
CMYK,PANTONE P 140-10 C,,72.54901960784314,-18,11,,,,,,,
CMYK,PANTONE P 140-11 C,,67.05882352941175,-22,14,,,,,,,
CMYK,PANTONE P 140-12 C,,60.3921568627451,-27,13,,,,,,,
CMYK,PANTONE P 140-13 C,,54.509803921568626,-31,14,,,,,,,
CMYK,PANTONE P 140-14 C,,49.411764705882355,-35,14,,,,,,,
CMYK,PANTONE P 140-15 C,,43.92156862745098,-40,16,,,,,,,
CMYK,PANTONE P 140-16 C,,40.3921568627451,-46,19,,,,,,,
CMYK,PANTONE P 141-1 C,,75.68627450980392,-12,10,,,,,,,
CMYK,PANTONE P 141-2 C,,69.41176470588235,-16,13,,,,,,,
CMYK,PANTONE P 141-3 C,,62.745098039215684,-20,17,,,,,,,
CMYK,PANTONE P 141-4 C,,55.294117647058826,-24,16,,,,,,,
CMYK,PANTONE P 141-5 C,,49.80392156862745,-27,17,,,,,,,
CMYK,PANTONE P 141-6 C,,43.13725490196079,-31,17,,,,,,,
CMYK,PANTONE P 141-7 C,,36.07843137254902,-36,18,,,,,,,
CMYK,PANTONE P 141-8 C,,31.76470588235294,-38,19,,,,,,,
CMYK,PANTONE P 141-9 C,,90.19607843137256,-4,3,,,,,,,
CMYK,PANTONE P 141-10 C,,80.3921568627451,-9,7,,,,,,,
CMYK,PANTONE P 141-11 C,,70.19607843137254,-14,12,,,,,,,
CMYK,PANTONE P 141-12 C,,61.96078431372549,-17,15,,,,,,,
CMYK,PANTONE P 141-13 C,,53.72549019607843,-22,16,,,,,,,
CMYK,PANTONE P 141-14 C,,44.31372549019608,-26,16,,,,,,,
CMYK,PANTONE P 141-15 C,,34.90196078431372,-30,17,,,,,,,
CMYK,PANTONE P 141-16 C,,27.450980392156865,-32,17,,,,,,,
CMYK,PANTONE P 142-1 C,,90.19607843137256,-8,6,,,,,,,
CMYK,PANTONE P 142-2 C,,85.49019607843137,-13,12,,,,,,,
CMYK,PANTONE P 142-3 C,,80.3921568627451,-20,17,,,,,,,
CMYK,PANTONE P 142-4 C,,75.68627450980392,-26,20,,,,,,,
CMYK,PANTONE P 142-5 C,,70.58823529411765,-33,23,,,,,,,
CMYK,PANTONE P 142-6 C,,65.88235294117646,-42,29,,,,,,,
CMYK,PANTONE P 142-7 C,,62.35294117647059,-50,34,,,,,,,
CMYK,PANTONE P 142-8 C,,58.43137254901961,-58,37,,,,,,,
CMYK,PANTONE P 142-9 C,,80.7843137254902,-15,13,,,,,,,
CMYK,PANTONE P 142-10 C,,76.47058823529412,-19,18,,,,,,,
CMYK,PANTONE P 142-11 C,,72.15686274509804,-25,21,,,,,,,
CMYK,PANTONE P 142-12 C,,67.84313725490196,-29,21,,,,,,,
CMYK,PANTONE P 142-13 C,,63.921568627450974,-35,26,,,,,,,
CMYK,PANTONE P 142-14 C,,60.0,-40,29,,,,,,,
CMYK,PANTONE P 142-15 C,,56.470588235294116,-47,34,,,,,,,
CMYK,PANTONE P 142-16 C,,53.333333333333336,-51,34,,,,,,,
CMYK,PANTONE P 143-1 C,,75.29411764705883,-17,15,,,,,,,
CMYK,PANTONE P 143-2 C,,70.58823529411765,-22,21,,,,,,,
CMYK,PANTONE P 143-3 C,,65.88235294117646,-25,21,,,,,,,
CMYK,PANTONE P 143-4 C,,60.78431372549019,-31,22,,,,,,,
CMYK,PANTONE P 143-5 C,,56.07843137254902,-35,26,,,,,,,
CMYK,PANTONE P 143-6 C,,52.156862745098046,-40,29,,,,,,,
CMYK,PANTONE P 143-7 C,,48.627450980392155,-46,30,,,,,,,
CMYK,PANTONE P 143-8 C,,45.09803921568628,-50,31,,,,,,,
CMYK,PANTONE P 143-9 C,,85.49019607843137,-8,6,,,,,,,
CMYK,PANTONE P 143-10 C,,78.03921568627452,-13,11,,,,,,,
CMYK,PANTONE P 143-11 C,,71.37254901960785,-17,15,,,,,,,
CMYK,PANTONE P 143-12 C,,65.09803921568627,-23,20,,,,,,,
CMYK,PANTONE P 143-13 C,,58.03921568627452,-29,21,,,,,,,
CMYK,PANTONE P 143-14 C,,51.76470588235295,-35,25,,,,,,,
CMYK,PANTONE P 143-15 C,,45.88235294117647,-41,26,,,,,,,
CMYK,PANTONE P 143-16 C,,42.745098039215684,-47,28,,,,,,,
CMYK,PANTONE P 144-1 C,,74.90196078431373,-13,10,,,,,,,
CMYK,PANTONE P 144-2 C,,69.01960784313725,-17,14,,,,,,,
CMYK,PANTONE P 144-3 C,,63.921568627450974,-21,16,,,,,,,
CMYK,PANTONE P 144-4 C,,57.647058823529406,-24,17,,,,,,,
CMYK,PANTONE P 144-5 C,,52.156862745098046,-28,19,,,,,,,
CMYK,PANTONE P 144-6 C,,47.05882352941176,-32,21,,,,,,,
CMYK,PANTONE P 144-7 C,,41.568627450980394,-36,22,,,,,,,
CMYK,PANTONE P 144-8 C,,35.68627450980392,-39,21,,,,,,,
CMYK,PANTONE P 144-9 C,,68.23529411764706,-16,13,,,,,,,
CMYK,PANTONE P 144-10 C,,63.52941176470588,-18,17,,,,,,,
CMYK,PANTONE P 144-11 C,,59.21568627450981,-21,16,,,,,,,
CMYK,PANTONE P 144-12 C,,54.11764705882353,-24,16,,,,,,,
CMYK,PANTONE P 144-13 C,,48.627450980392155,-27,18,,,,,,,
CMYK,PANTONE P 144-14 C,,43.529411764705884,-29,21,,,,,,,
CMYK,PANTONE P 144-15 C,,38.03921568627451,-32,22,,,,,,,
CMYK,PANTONE P 144-16 C,,33.72549019607843,-34,21,,,,,,,
CMYK,PANTONE P 145-1 C,,87.45098039215686,-10,13,,,,,,,
CMYK,PANTONE P 145-2 C,,82.74509803921568,-14,17,,,,,,,
CMYK,PANTONE P 145-3 C,,78.82352941176471,-19,22,,,,,,,
CMYK,PANTONE P 145-4 C,,74.11764705882354,-24,22,,,,,,,
CMYK,PANTONE P 145-5 C,,68.23529411764706,-31,23,,,,,,,
CMYK,PANTONE P 145-6 C,,62.745098039215684,-39,28,,,,,,,
CMYK,PANTONE P 145-7 C,,57.647058823529406,-48,31,,,,,,,
CMYK,PANTONE P 145-8 C,,54.509803921568626,-54,32,,,,,,,
CMYK,PANTONE P 145-9 C,,81.96078431372548,-12,15,,,,,,,
CMYK,PANTONE P 145-10 C,,77.64705882352942,-16,19,,,,,,,
CMYK,PANTONE P 145-11 C,,73.33333333333333,-21,22,,,,,,,
CMYK,PANTONE P 145-12 C,,68.23529411764706,-25,22,,,,,,,
CMYK,PANTONE P 145-13 C,,62.35294117647059,-31,23,,,,,,,
CMYK,PANTONE P 145-14 C,,56.86274509803921,-38,26,,,,,,,
CMYK,PANTONE P 145-15 C,,52.156862745098046,-45,28,,,,,,,
CMYK,PANTONE P 145-16 C,,49.411764705882355,-50,29,,,,,,,
CMYK,PANTONE P 146-1 C,,73.72549019607844,-17,22,,,,,,,
CMYK,PANTONE P 146-2 C,,70.19607843137254,-20,22,,,,,,,
CMYK,PANTONE P 146-3 C,,65.88235294117646,-24,23,,,,,,,
CMYK,PANTONE P 146-4 C,,61.1764705882353,-28,24,,,,,,,
CMYK,PANTONE P 146-5 C,,56.470588235294116,-33,26,,,,,,,
CMYK,PANTONE P 146-6 C,,52.54901960784314,-38,28,,,,,,,
CMYK,PANTONE P 146-7 C,,48.23529411764706,-44,28,,,,,,,
CMYK,PANTONE P 146-8 C,,45.490196078431374,-49,28,,,,,,,
CMYK,PANTONE P 146-9 C,,74.50980392156863,-15,17,,,,,,,
CMYK,PANTONE P 146-10 C,,70.58823529411765,-17,21,,,,,,,
CMYK,PANTONE P 146-11 C,,65.49019607843137,-21,21,,,,,,,
CMYK,PANTONE P 146-12 C,,60.3921568627451,-25,21,,,,,,,
CMYK,PANTONE P 146-13 C,,54.11764705882353,-29,22,,,,,,,
CMYK,PANTONE P 146-14 C,,49.80392156862745,-34,25,,,,,,,
CMYK,PANTONE P 146-15 C,,45.490196078431374,-39,26,,,,,,,
CMYK,PANTONE P 146-16 C,,41.568627450980394,-44,25,,,,,,,
CMYK,PANTONE P 147-1 C,,73.33333333333333,-13,13,,,,,,,
CMYK,PANTONE P 147-2 C,,68.23529411764706,-16,16,,,,,,,
CMYK,PANTONE P 147-3 C,,63.52941176470588,-19,17,,,,,,,
CMYK,PANTONE P 147-4 C,,58.03921568627452,-23,17,,,,,,,
CMYK,PANTONE P 147-5 C,,52.94117647058824,-26,18,,,,,,,
CMYK,PANTONE P 147-6 C,,47.45098039215686,-30,20,,,,,,,
CMYK,PANTONE P 147-7 C,,41.96078431372549,-34,20,,,,,,,
CMYK,PANTONE P 147-8 C,,37.254901960784316,-39,20,,,,,,,
CMYK,PANTONE P 147-9 C,,71.37254901960785,-13,12,,,,,,,
CMYK,PANTONE P 147-10 C,,66.66666666666666,-15,15,,,,,,,
CMYK,PANTONE P 147-11 C,,62.35294117647059,-17,16,,,,,,,
CMYK,PANTONE P 147-12 C,,57.647058823529406,-21,16,,,,,,,
CMYK,PANTONE P 147-13 C,,50.98039215686274,-24,16,,,,,,,
CMYK,PANTONE P 147-14 C,,44.31372549019608,-27,17,,,,,,,
CMYK,PANTONE P 147-15 C,,38.82352941176471,-31,18,,,,,,,
CMYK,PANTONE P 147-16 C,,32.549019607843135,-34,16,,,,,,,
CMYK,PANTONE P 148-1 C,,85.49019607843137,-12,15,,,,,,,
CMYK,PANTONE P 148-2 C,,81.56862745098039,-16,21,,,,,,,
CMYK,PANTONE P 148-3 C,,79.2156862745098,-18,23,,,,,,,
CMYK,PANTONE P 148-4 C,,74.90196078431373,-23,26,,,,,,,
CMYK,PANTONE P 148-5 C,,69.80392156862744,-29,28,,,,,,,
CMYK,PANTONE P 148-6 C,,64.70588235294117,-35,34,,,,,,,
CMYK,PANTONE P 148-7 C,,60.3921568627451,-42,39,,,,,,,
CMYK,PANTONE P 148-8 C,,55.68627450980392,-50,37,,,,,,,
CMYK,PANTONE P 148-9 C,,80.7843137254902,-14,17,,,,,,,
CMYK,PANTONE P 148-10 C,,76.86274509803923,-17,21,,,,,,,
CMYK,PANTONE P 148-11 C,,74.11764705882354,-19,23,,,,,,,
CMYK,PANTONE P 148-12 C,,69.41176470588235,-24,26,,,,,,,
CMYK,PANTONE P 148-13 C,,64.31372549019608,-29,29,,,,,,,
CMYK,PANTONE P 148-14 C,,59.6078431372549,-34,33,,,,,,,
CMYK,PANTONE P 148-15 C,,54.90196078431373,-41,37,,,,,,,
CMYK,PANTONE P 148-16 C,,51.76470588235295,-46,34,,,,,,,
CMYK,PANTONE P 149-1 C,,76.47058823529412,-15,19,,,,,,,
CMYK,PANTONE P 149-2 C,,72.94117647058823,-17,20,,,,,,,
CMYK,PANTONE P 149-3 C,,69.41176470588235,-20,23,,,,,,,
CMYK,PANTONE P 149-4 C,,65.09803921568627,-24,24,,,,,,,
CMYK,PANTONE P 149-5 C,,59.21568627450981,-29,25,,,,,,,
CMYK,PANTONE P 149-6 C,,54.90196078431373,-32,28,,,,,,,
CMYK,PANTONE P 149-7 C,,50.98039215686274,-37,28,,,,,,,
CMYK,PANTONE P 149-8 C,,47.84313725490196,-41,28,,,,,,,
CMYK,PANTONE P 149-9 C,,78.43137254901961,-11,14,,,,,,,
CMYK,PANTONE P 149-10 C,,73.33333333333333,-15,18,,,,,,,
CMYK,PANTONE P 149-11 C,,69.01960784313725,-17,21,,,,,,,
CMYK,PANTONE P 149-12 C,,63.921568627450974,-20,22,,,,,,,
CMYK,PANTONE P 149-13 C,,58.03921568627452,-25,23,,,,,,,
CMYK,PANTONE P 149-14 C,,52.94117647058824,-28,26,,,,,,,
CMYK,PANTONE P 149-15 C,,48.23529411764706,-34,26,,,,,,,
CMYK,PANTONE P 149-16 C,,43.92156862745098,-38,26,,,,,,,
CMYK,PANTONE P 150-1 C,,75.68627450980392,-11,13,,,,,,,
CMYK,PANTONE P 150-2 C,,70.19607843137254,-14,17,,,,,,,
CMYK,PANTONE P 150-3 C,,65.88235294117646,-16,20,,,,,,,
CMYK,PANTONE P 150-4 C,,61.1764705882353,-19,21,,,,,,,
CMYK,PANTONE P 150-5 C,,55.68627450980392,-23,22,,,,,,,
CMYK,PANTONE P 150-6 C,,50.19607843137255,-27,25,,,,,,,
CMYK,PANTONE P 150-7 C,,45.09803921568628,-31,30,,,,,,,
CMYK,PANTONE P 150-8 C,,39.6078431372549,-34,27,,,,,,,
CMYK,PANTONE P 150-9 C,,73.33333333333333,-11,14,,,,,,,
CMYK,PANTONE P 150-10 C,,67.45098039215686,-14,17,,,,,,,
CMYK,PANTONE P 150-11 C,,63.13725490196078,-15,19,,,,,,,
CMYK,PANTONE P 150-12 C,,58.43137254901961,-18,20,,,,,,,
CMYK,PANTONE P 150-13 C,,51.76470588235295,-21,21,,,,,,,
CMYK,PANTONE P 150-14 C,,44.70588235294118,-25,22,,,,,,,
CMYK,PANTONE P 150-15 C,,38.82352941176471,-27,26,,,,,,,
CMYK,PANTONE P 150-16 C,,33.33333333333333,-29,21,,,,,,,
CMYK,PANTONE P 151-1 C,,91.37254901960785,-6,5,,,,,,,
CMYK,PANTONE P 151-2 C,,88.23529411764706,-9,12,,,,,,,
CMYK,PANTONE P 151-3 C,,83.52941176470588,-14,18,,,,,,,
CMYK,PANTONE P 151-4 C,,80.0,-17,23,,,,,,,
CMYK,PANTONE P 151-5 C,,76.07843137254902,-22,26,,,,,,,
CMYK,PANTONE P 151-6 C,,70.58823529411765,-29,30,,,,,,,
CMYK,PANTONE P 151-7 C,,64.31372549019608,-36,34,,,,,,,
CMYK,PANTONE P 151-8 C,,60.0,-42,37,,,,,,,
CMYK,PANTONE P 151-9 C,,84.70588235294117,-10,12,,,,,,,
CMYK,PANTONE P 151-10 C,,80.3921568627451,-14,19,,,,,,,
CMYK,PANTONE P 151-11 C,,76.86274509803923,-16,22,,,,,,,
CMYK,PANTONE P 151-12 C,,73.33333333333333,-19,24,,,,,,,
CMYK,PANTONE P 151-13 C,,68.62745098039215,-23,26,,,,,,,
CMYK,PANTONE P 151-14 C,,62.745098039215684,-28,29,,,,,,,
CMYK,PANTONE P 151-15 C,,57.25490196078431,-34,32,,,,,,,
CMYK,PANTONE P 151-16 C,,53.72549019607843,-39,32,,,,,,,
CMYK,PANTONE P 152-1 C,,92.54901960784314,-3,3,,,,,,,
CMYK,PANTONE P 152-2 C,,87.45098039215686,-7,7,,,,,,,
CMYK,PANTONE P 152-3 C,,81.17647058823529,-11,15,,,,,,,
CMYK,PANTONE P 152-4 C,,74.90196078431373,-15,21,,,,,,,
CMYK,PANTONE P 152-5 C,,69.01960784313725,-19,24,,,,,,,
CMYK,PANTONE P 152-6 C,,63.13725490196078,-24,28,,,,,,,
CMYK,PANTONE P 152-7 C,,55.294117647058826,-30,33,,,,,,,
CMYK,PANTONE P 152-8 C,,48.627450980392155,-36,32,,,,,,,
CMYK,PANTONE P 152-9 C,,89.80392156862746,-5,4,,,,,,,
CMYK,PANTONE P 152-10 C,,82.74509803921568,-9,10,,,,,,,
CMYK,PANTONE P 152-11 C,,75.29411764705883,-12,15,,,,,,,
CMYK,PANTONE P 152-12 C,,69.41176470588235,-16,21,,,,,,,
CMYK,PANTONE P 152-13 C,,63.921568627450974,-19,25,,,,,,,
CMYK,PANTONE P 152-14 C,,57.25490196078431,-24,26,,,,,,,
CMYK,PANTONE P 152-15 C,,49.80392156862745,-29,29,,,,,,,
CMYK,PANTONE P 152-16 C,,43.92156862745098,-34,28,,,,,,,
CMYK,PANTONE P 153-1 C,,86.66666666666667,-6,4,,,,,,,
CMYK,PANTONE P 153-2 C,,79.6078431372549,-9,11,,,,,,,
CMYK,PANTONE P 153-3 C,,72.54901960784314,-13,15,,,,,,,
CMYK,PANTONE P 153-4 C,,66.27450980392156,-16,19,,,,,,,
CMYK,PANTONE P 153-5 C,,60.3921568627451,-19,21,,,,,,,
CMYK,PANTONE P 153-6 C,,52.54901960784314,-24,21,,,,,,,
CMYK,PANTONE P 153-7 C,,44.70588235294118,-29,22,,,,,,,
CMYK,PANTONE P 153-8 C,,39.6078431372549,-31,24,,,,,,,
CMYK,PANTONE P 153-9 C,,69.01960784313725,-13,16,,,,,,,
CMYK,PANTONE P 153-10 C,,65.09803921568627,-15,18,,,,,,,
CMYK,PANTONE P 153-11 C,,60.3921568627451,-17,19,,,,,,,
CMYK,PANTONE P 153-12 C,,56.470588235294116,-18,21,,,,,,,
CMYK,PANTONE P 153-13 C,,51.37254901960784,-21,21,,,,,,,
CMYK,PANTONE P 153-14 C,,45.09803921568628,-24,22,,,,,,,
CMYK,PANTONE P 153-15 C,,39.6078431372549,-26,22,,,,,,,
CMYK,PANTONE P 153-16 C,,35.294117647058826,-27,22,,,,,,,
CMYK,PANTONE P 154-1 C,,93.72549019607843,-4,5,,,,,,,
CMYK,PANTONE P 154-2 C,,90.19607843137256,-7,9,,,,,,,
CMYK,PANTONE P 154-3 C,,86.27450980392157,-11,18,,,,,,,
CMYK,PANTONE P 154-4 C,,82.74509803921568,-15,24,,,,,,,
CMYK,PANTONE P 154-5 C,,78.43137254901961,-19,29,,,,,,,
CMYK,PANTONE P 154-6 C,,74.11764705882354,-24,35,,,,,,,
CMYK,PANTONE P 154-7 C,,68.62745098039215,-30,43,,,,,,,
CMYK,PANTONE P 154-8 C,,63.52941176470588,-36,47,,,,,,,
CMYK,PANTONE P 154-9 C,,81.56862745098039,-12,21,,,,,,,
CMYK,PANTONE P 154-10 C,,78.82352941176471,-14,24,,,,,,,
CMYK,PANTONE P 154-11 C,,75.29411764705883,-17,27,,,,,,,
CMYK,PANTONE P 154-12 C,,72.94117647058823,-19,29,,,,,,,
CMYK,PANTONE P 154-13 C,,69.80392156862744,-22,33,,,,,,,
CMYK,PANTONE P 154-14 C,,66.27450980392156,-26,37,,,,,,,
CMYK,PANTONE P 154-15 C,,61.568627450980394,-30,42,,,,,,,
CMYK,PANTONE P 154-16 C,,58.03921568627452,-34,42,,,,,,,
CMYK,PANTONE P 155-1 C,,77.64705882352942,-12,22,,,,,,,
CMYK,PANTONE P 155-2 C,,74.11764705882354,-15,24,,,,,,,
CMYK,PANTONE P 155-3 C,,70.19607843137254,-17,27,,,,,,,
CMYK,PANTONE P 155-4 C,,67.45098039215686,-19,30,,,,,,,
CMYK,PANTONE P 155-5 C,,64.31372549019608,-21,34,,,,,,,
CMYK,PANTONE P 155-6 C,,59.6078431372549,-25,36,,,,,,,
CMYK,PANTONE P 155-7 C,,55.294117647058826,-28,41,,,,,,,
CMYK,PANTONE P 155-8 C,,52.94117647058824,-30,42,,,,,,,
CMYK,PANTONE P 155-9 C,,75.29411764705883,-12,19,,,,,,,
CMYK,PANTONE P 155-10 C,,71.37254901960785,-14,22,,,,,,,
CMYK,PANTONE P 155-11 C,,67.05882352941175,-16,24,,,,,,,
CMYK,PANTONE P 155-12 C,,63.52941176470588,-18,26,,,,,,,
CMYK,PANTONE P 155-13 C,,60.78431372549019,-19,30,,,,,,,
CMYK,PANTONE P 155-14 C,,56.470588235294116,-22,32,,,,,,,
CMYK,PANTONE P 155-15 C,,51.76470588235295,-25,34,,,,,,,
CMYK,PANTONE P 155-16 C,,48.23529411764706,-28,35,,,,,,,
CMYK,PANTONE P 156-1 C,,72.94117647058823,-11,19,,,,,,,
CMYK,PANTONE P 156-2 C,,69.01960784313725,-13,21,,,,,,,
CMYK,PANTONE P 156-3 C,,65.09803921568627,-15,21,,,,,,,
CMYK,PANTONE P 156-4 C,,61.568627450980394,-16,23,,,,,,,
CMYK,PANTONE P 156-5 C,,57.647058823529406,-18,25,,,,,,,
CMYK,PANTONE P 156-6 C,,53.333333333333336,-21,28,,,,,,,
CMYK,PANTONE P 156-7 C,,48.23529411764706,-24,29,,,,,,,
CMYK,PANTONE P 156-8 C,,44.31372549019608,-27,29,,,,,,,
CMYK,PANTONE P 156-9 C,,76.07843137254902,-8,14,,,,,,,
CMYK,PANTONE P 156-10 C,,70.19607843137254,-11,17,,,,,,,
CMYK,PANTONE P 156-11 C,,65.09803921568627,-13,19,,,,,,,
CMYK,PANTONE P 156-12 C,,61.1764705882353,-15,20,,,,,,,
CMYK,PANTONE P 156-13 C,,56.470588235294116,-16,23,,,,,,,
CMYK,PANTONE P 156-14 C,,51.37254901960784,-19,26,,,,,,,
CMYK,PANTONE P 156-15 C,,45.09803921568628,-22,26,,,,,,,
CMYK,PANTONE P 156-16 C,,40.78431372549019,-24,27,,,,,,,
CMYK,PANTONE P 157-1 C,,92.94117647058823,-5,10,,,,,,,
CMYK,PANTONE P 157-2 C,,90.58823529411765,-7,17,,,,,,,
CMYK,PANTONE P 157-3 C,,87.45098039215686,-10,26,,,,,,,
CMYK,PANTONE P 157-4 C,,84.70588235294117,-13,31,,,,,,,
CMYK,PANTONE P 157-5 C,,81.96078431372548,-16,36,,,,,,,
CMYK,PANTONE P 157-6 C,,78.03921568627452,-20,44,,,,,,,
CMYK,PANTONE P 157-7 C,,74.90196078431373,-23,54,,,,,,,
CMYK,PANTONE P 157-8 C,,71.76470588235294,-27,64,,,,,,,
CMYK,PANTONE P 157-9 C,,86.66666666666667,-8,19,,,,,,,
CMYK,PANTONE P 157-10 C,,83.52941176470588,-10,26,,,,,,,
CMYK,PANTONE P 157-11 C,,80.7843137254902,-13,31,,,,,,,
CMYK,PANTONE P 157-12 C,,77.64705882352942,-14,33,,,,,,,
CMYK,PANTONE P 157-13 C,,74.90196078431373,-16,37,,,,,,,
CMYK,PANTONE P 157-14 C,,70.98039215686275,-20,43,,,,,,,
CMYK,PANTONE P 157-15 C,,67.45098039215686,-22,50,,,,,,,
CMYK,PANTONE P 157-16 C,,64.31372549019608,-25,56,,,,,,,
CMYK,PANTONE P 158-1 C,,87.84313725490196,-6,14,,,,,,,
CMYK,PANTONE P 158-2 C,,83.92156862745098,-8,22,,,,,,,
CMYK,PANTONE P 158-3 C,,79.6078431372549,-11,29,,,,,,,
CMYK,PANTONE P 158-4 C,,75.29411764705883,-13,32,,,,,,,
CMYK,PANTONE P 158-5 C,,72.15686274509804,-15,38,,,,,,,
CMYK,PANTONE P 158-6 C,,67.84313725490196,-18,44,,,,,,,
CMYK,PANTONE P 158-7 C,,63.13725490196078,-20,52,,,,,,,
CMYK,PANTONE P 158-8 C,,59.21568627450981,-23,56,,,,,,,
CMYK,PANTONE P 158-9 C,,89.41176470588236,-4,9,,,,,,,
CMYK,PANTONE P 158-10 C,,84.31372549019608,-7,16,,,,,,,
CMYK,PANTONE P 158-11 C,,79.6078431372549,-9,24,,,,,,,
CMYK,PANTONE P 158-12 C,,73.72549019607844,-12,28,,,,,,,
CMYK,PANTONE P 158-13 C,,69.41176470588235,-14,33,,,,,,,
CMYK,PANTONE P 158-14 C,,63.52941176470588,-17,39,,,,,,,
CMYK,PANTONE P 158-15 C,,58.82352941176471,-19,46,,,,,,,
CMYK,PANTONE P 158-16 C,,53.72549019607843,-21,50,,,,,,,
CMYK,PANTONE P 159-1 C,,87.45098039215686,-5,9,,,,,,,
CMYK,PANTONE P 159-2 C,,81.56862745098039,-7,16,,,,,,,
CMYK,PANTONE P 159-3 C,,75.29411764705883,-10,21,,,,,,,
CMYK,PANTONE P 159-4 C,,69.41176470588235,-12,26,,,,,,,
CMYK,PANTONE P 159-5 C,,64.31372549019608,-14,28,,,,,,,
CMYK,PANTONE P 159-6 C,,59.21568627450981,-16,32,,,,,,,
CMYK,PANTONE P 159-7 C,,52.54901960784314,-18,36,,,,,,,
CMYK,PANTONE P 159-8 C,,45.88235294117647,-19,38,,,,,,,
CMYK,PANTONE P 159-9 C,,83.52941176470588,-6,11,,,,,,,
CMYK,PANTONE P 159-10 C,,76.86274509803923,-8,17,,,,,,,
CMYK,PANTONE P 159-11 C,,70.58823529411765,-11,22,,,,,,,
CMYK,PANTONE P 159-12 C,,65.09803921568627,-12,24,,,,,,,
CMYK,PANTONE P 159-13 C,,60.0,-14,27,,,,,,,
CMYK,PANTONE P 159-14 C,,53.72549019607843,-15,31,,,,,,,
CMYK,PANTONE P 159-15 C,,45.88235294117647,-16,32,,,,,,,
CMYK,PANTONE P 159-16 C,,38.82352941176471,-17,31,,,,,,,
CMYK,PANTONE P 160-1 C,,94.90196078431372,-3,6,,,,,,,
CMYK,PANTONE P 160-2 C,,92.94117647058823,-5,14,,,,,,,
CMYK,PANTONE P 160-3 C,,90.19607843137256,-7,24,,,,,,,
CMYK,PANTONE P 160-4 C,,87.84313725490196,-10,32,,,,,,,
CMYK,PANTONE P 160-5 C,,85.49019607843137,-12,39,,,,,,,
CMYK,PANTONE P 160-6 C,,82.74509803921568,-14,47,,,,,,,
CMYK,PANTONE P 160-7 C,,79.2156862745098,-17,63,,,,,,,
CMYK,PANTONE P 160-8 C,,75.68627450980392,-20,73,,,,,,,
CMYK,PANTONE P 160-9 C,,90.58823529411765,-5,16,,,,,,,
CMYK,PANTONE P 160-10 C,,87.84313725490196,-7,23,,,,,,,
CMYK,PANTONE P 160-11 C,,84.70588235294117,-9,29,,,,,,,
CMYK,PANTONE P 160-12 C,,81.96078431372548,-11,35,,,,,,,
CMYK,PANTONE P 160-13 C,,79.6078431372549,-13,40,,,,,,,
CMYK,PANTONE P 160-14 C,,76.07843137254902,-14,48,,,,,,,
CMYK,PANTONE P 160-15 C,,72.15686274509804,-17,59,,,,,,,
CMYK,PANTONE P 160-16 C,,69.01960784313725,-19,66,,,,,,,
CMYK,PANTONE P 161-1 C,,90.98039215686275,-4,10,,,,,,,
CMYK,PANTONE P 161-2 C,,87.05882352941177,-6,18,,,,,,,
CMYK,PANTONE P 161-3 C,,83.13725490196079,-8,24,,,,,,,
CMYK,PANTONE P 161-4 C,,78.82352941176471,-10,29,,,,,,,
CMYK,PANTONE P 161-5 C,,75.29411764705883,-11,34,,,,,,,
CMYK,PANTONE P 161-6 C,,70.98039215686275,-14,40,,,,,,,
CMYK,PANTONE P 161-7 C,,65.88235294117646,-16,48,,,,,,,
CMYK,PANTONE P 161-8 C,,61.96078431372549,-18,54,,,,,,,
CMYK,PANTONE P 161-9 C,,84.31372549019608,-6,19,,,,,,,
CMYK,PANTONE P 161-10 C,,80.3921568627451,-8,23,,,,,,,
CMYK,PANTONE P 161-11 C,,76.47058823529412,-10,28,,,,,,,
CMYK,PANTONE P 161-12 C,,72.54901960784314,-11,31,,,,,,,
CMYK,PANTONE P 161-13 C,,68.62745098039215,-12,35,,,,,,,
CMYK,PANTONE P 161-14 C,,64.70588235294117,-13,40,,,,,,,
CMYK,PANTONE P 161-15 C,,60.3921568627451,-16,45,,,,,,,
CMYK,PANTONE P 161-16 C,,56.07843137254902,-17,50,,,,,,,
CMYK,PANTONE P 162-1 C,,90.98039215686275,-3,6,,,,,,,
CMYK,PANTONE P 162-2 C,,84.70588235294117,-6,14,,,,,,,
CMYK,PANTONE P 162-3 C,,78.43137254901961,-8,20,,,,,,,
CMYK,PANTONE P 162-4 C,,72.15686274509804,-10,26,,,,,,,
CMYK,PANTONE P 162-5 C,,67.05882352941175,-11,30,,,,,,,
CMYK,PANTONE P 162-6 C,,61.96078431372549,-14,36,,,,,,,
CMYK,PANTONE P 162-7 C,,56.07843137254902,-15,43,,,,,,,
CMYK,PANTONE P 162-8 C,,49.01960784313725,-16,45,,,,,,,
CMYK,PANTONE P 162-9 C,,79.2156862745098,-7,18,,,,,,,
CMYK,PANTONE P 162-10 C,,73.72549019607844,-8,23,,,,,,,
CMYK,PANTONE P 162-11 C,,68.62745098039215,-10,26,,,,,,,
CMYK,PANTONE P 162-12 C,,63.52941176470588,-11,28,,,,,,,
CMYK,PANTONE P 162-13 C,,58.43137254901961,-12,31,,,,,,,
CMYK,PANTONE P 162-14 C,,52.54901960784314,-13,35,,,,,,,
CMYK,PANTONE P 162-15 C,,47.45098039215686,-13,39,,,,,,,
CMYK,PANTONE P 162-16 C,,41.568627450980394,-14,37,,,,,,,
CMYK,PANTONE P 163-1 C,,94.90196078431372,-3,8,,,,,,,
CMYK,PANTONE P 163-2 C,,93.33333333333333,-5,17,,,,,,,
CMYK,PANTONE P 163-3 C,,91.37254901960785,-7,26,,,,,,,
CMYK,PANTONE P 163-4 C,,89.80392156862746,-8,33,,,,,,,
CMYK,PANTONE P 163-5 C,,88.62745098039215,-9,39,,,,,,,
CMYK,PANTONE P 163-6 C,,86.66666666666667,-11,47,,,,,,,
CMYK,PANTONE P 163-7 C,,84.70588235294117,-13,59,,,,,,,
CMYK,PANTONE P 163-8 C,,81.56862745098039,-15,75,,,,,,,
CMYK,PANTONE P 163-9 C,,89.80392156862746,-5,18,,,,,,,
CMYK,PANTONE P 163-10 C,,87.05882352941177,-7,25,,,,,,,
CMYK,PANTONE P 163-11 C,,85.88235294117646,-8,32,,,,,,,
CMYK,PANTONE P 163-12 C,,82.74509803921568,-9,35,,,,,,,
CMYK,PANTONE P 163-13 C,,80.7843137254902,-10,39,,,,,,,
CMYK,PANTONE P 163-14 C,,78.43137254901961,-11,46,,,,,,,
CMYK,PANTONE P 163-15 C,,75.29411764705883,-13,55,,,,,,,
CMYK,PANTONE P 163-16 C,,71.37254901960785,-14,64,,,,,,,
CMYK,PANTONE P 164-1 C,,85.88235294117646,-6,21,,,,,,,
CMYK,PANTONE P 164-2 C,,83.52941176470588,-7,26,,,,,,,
CMYK,PANTONE P 164-3 C,,80.3921568627451,-8,32,,,,,,,
CMYK,PANTONE P 164-4 C,,77.25490196078432,-9,36,,,,,,,
CMYK,PANTONE P 164-5 C,,74.90196078431373,-10,41,,,,,,,
CMYK,PANTONE P 164-6 C,,71.37254901960785,-11,47,,,,,,,
CMYK,PANTONE P 164-7 C,,67.45098039215686,-13,55,,,,,,,
CMYK,PANTONE P 164-8 C,,63.13725490196078,-14,60,,,,,,,
CMYK,PANTONE P 164-9 C,,87.05882352941177,-4,13,,,,,,,
CMYK,PANTONE P 164-10 C,,82.74509803921568,-6,22,,,,,,,
CMYK,PANTONE P 164-11 C,,78.03921568627452,-7,27,,,,,,,
CMYK,PANTONE P 164-12 C,,73.72549019607844,-9,32,,,,,,,
CMYK,PANTONE P 164-13 C,,69.80392156862744,-10,37,,,,,,,
CMYK,PANTONE P 164-14 C,,65.88235294117646,-11,42,,,,,,,
CMYK,PANTONE P 164-15 C,,61.568627450980394,-12,51,,,,,,,
CMYK,PANTONE P 164-16 C,,56.470588235294116,-13,52,,,,,,,
CMYK,PANTONE P 165-1 C,,78.03921568627452,-6,20,,,,,,,
CMYK,PANTONE P 165-2 C,,73.72549019607844,-8,24,,,,,,,
CMYK,PANTONE P 165-3 C,,70.19607843137254,-9,27,,,,,,,
CMYK,PANTONE P 165-4 C,,68.62745098039215,-9,33,,,,,,,
CMYK,PANTONE P 165-5 C,,63.52941176470588,-10,35,,,,,,,
CMYK,PANTONE P 165-6 C,,56.86274509803921,-11,38,,,,,,,
CMYK,PANTONE P 165-7 C,,50.98039215686274,-11,41,,,,,,,
CMYK,PANTONE P 165-8 C,,49.01960784313725,-12,44,,,,,,,
CMYK,PANTONE P 165-9 C,,78.82352941176471,-5,16,,,,,,,
CMYK,PANTONE P 165-10 C,,72.94117647058823,-7,22,,,,,,,
CMYK,PANTONE P 165-11 C,,68.23529411764706,-8,26,,,,,,,
CMYK,PANTONE P 165-12 C,,65.49019607843137,-9,30,,,,,,,
CMYK,PANTONE P 165-13 C,,60.0,-9,33,,,,,,,
CMYK,PANTONE P 165-14 C,,51.76470588235295,-10,35,,,,,,,
CMYK,PANTONE P 165-15 C,,44.31372549019608,-11,35,,,,,,,
CMYK,PANTONE P 165-16 C,,40.78431372549019,-11,36,,,,,,,
CMYK,PANTONE P 166-1 C,,93.72549019607843,-4,23,,,,,,,
CMYK,PANTONE P 166-2 C,,92.54901960784314,-5,30,,,,,,,
CMYK,PANTONE P 166-3 C,,91.76470588235294,-7,37,,,,,,,
CMYK,PANTONE P 166-4 C,,90.98039215686275,-7,43,,,,,,,
CMYK,PANTONE P 166-5 C,,89.80392156862746,-8,50,,,,,,,
CMYK,PANTONE P 166-6 C,,89.01960784313725,-9,59,,,,,,,
CMYK,PANTONE P 166-7 C,,87.84313725490196,-9,72,,,,,,,
CMYK,PANTONE P 166-8 C,,86.27450980392157,-11,85,,,,,,,
CMYK,PANTONE P 166-9 C,,89.01960784313725,-5,28,,,,,,,
CMYK,PANTONE P 166-10 C,,87.45098039215686,-6,35,,,,,,,
CMYK,PANTONE P 166-11 C,,85.49019607843137,-7,38,,,,,,,
CMYK,PANTONE P 166-12 C,,84.31372549019608,-7,43,,,,,,,
CMYK,PANTONE P 166-13 C,,82.74509803921568,-8,50,,,,,,,
CMYK,PANTONE P 166-14 C,,81.56862745098039,-8,57,,,,,,,
CMYK,PANTONE P 166-15 C,,78.82352941176471,-9,66,,,,,,,
CMYK,PANTONE P 166-16 C,,76.47058823529412,-10,75,,,,,,,
CMYK,PANTONE P 167-1 C,,85.09803921568627,-5,26,,,,,,,
CMYK,PANTONE P 167-2 C,,83.13725490196079,-6,31,,,,,,,
CMYK,PANTONE P 167-3 C,,80.7843137254902,-7,37,,,,,,,
CMYK,PANTONE P 167-4 C,,78.03921568627452,-7,40,,,,,,,
CMYK,PANTONE P 167-5 C,,74.50980392156863,-8,45,,,,,,,
CMYK,PANTONE P 167-6 C,,71.37254901960785,-8,51,,,,,,,
CMYK,PANTONE P 167-7 C,,68.62745098039215,-9,60,,,,,,,
CMYK,PANTONE P 167-8 C,,65.88235294117646,-9,65,,,,,,,
CMYK,PANTONE P 167-9 C,,80.7843137254902,-6,27,,,,,,,
CMYK,PANTONE P 167-10 C,,78.03921568627452,-6,31,,,,,,,
CMYK,PANTONE P 167-11 C,,75.29411764705883,-7,34,,,,,,,
CMYK,PANTONE P 167-12 C,,72.15686274509804,-7,36,,,,,,,
CMYK,PANTONE P 167-13 C,,69.01960784313725,-8,41,,,,,,,
CMYK,PANTONE P 167-14 C,,64.31372549019608,-9,45,,,,,,,
CMYK,PANTONE P 167-15 C,,61.96078431372549,-9,50,,,,,,,
CMYK,PANTONE P 167-16 C,,59.21568627450981,-9,55,,,,,,,
CMYK,PANTONE P 168-1 C,,78.43137254901961,-5,26,,,,,,,
CMYK,PANTONE P 168-2 C,,75.29411764705883,-6,30,,,,,,,
CMYK,PANTONE P 168-3 C,,72.15686274509804,-6,32,,,,,,,
CMYK,PANTONE P 168-4 C,,69.41176470588235,-7,37,,,,,,,
CMYK,PANTONE P 168-5 C,,65.49019607843137,-7,40,,,,,,,
CMYK,PANTONE P 168-6 C,,61.568627450980394,-8,45,,,,,,,
CMYK,PANTONE P 168-7 C,,57.647058823529406,-8,51,,,,,,,
CMYK,PANTONE P 168-8 C,,53.333333333333336,-8,52,,,,,,,
CMYK,PANTONE P 168-9 C,,89.80392156862746,-2,9,,,,,,,
CMYK,PANTONE P 168-10 C,,81.96078431372548,-4,17,,,,,,,
CMYK,PANTONE P 168-11 C,,76.86274509803923,-5,24,,,,,,,
CMYK,PANTONE P 168-12 C,,70.98039215686275,-6,29,,,,,,,
CMYK,PANTONE P 168-13 C,,65.09803921568627,-7,33,,,,,,,
CMYK,PANTONE P 168-14 C,,58.82352941176471,-7,38,,,,,,,
CMYK,PANTONE P 168-15 C,,50.19607843137255,-7,41,,,,,,,
CMYK,PANTONE P 168-16 C,,43.529411764705884,-7,41,,,,,,,
CMYK,PANTONE P 169-1 C,,90.19607843137256,0,2,,,,,,,
CMYK,PANTONE P 169-2 C,,85.09803921568627,0,3,,,,,,,
CMYK,PANTONE P 169-3 C,,81.17647058823529,-1,6,,,,,,,
CMYK,PANTONE P 169-4 C,,76.07843137254902,-1,6,,,,,,,
CMYK,PANTONE P 169-5 C,,72.54901960784314,-1,8,,,,,,,
CMYK,PANTONE P 169-6 C,,69.01960784313725,-2,8,,,,,,,
CMYK,PANTONE P 169-7 C,,65.88235294117646,-1,9,,,,,,,
CMYK,PANTONE P 169-8 C,,62.745098039215684,-2,11,,,,,,,
CMYK,PANTONE P 169-9 C,,61.1764705882353,-2,13,,,,,,,
CMYK,PANTONE P 169-10 C,,57.25490196078431,-3,12,,,,,,,
CMYK,PANTONE P 169-11 C,,54.11764705882353,-3,11,,,,,,,
CMYK,PANTONE P 169-12 C,,51.37254901960784,-3,10,,,,,,,
CMYK,PANTONE P 169-13 C,,47.84313725490196,-3,9,,,,,,,
CMYK,PANTONE P 169-14 C,,43.529411764705884,-3,8,,,,,,,
CMYK,PANTONE P 169-15 C,,39.6078431372549,-3,8,,,,,,,
CMYK,PANTONE P 169-16 C,,35.294117647058826,-3,7,,,,,,,
CMYK,PANTONE P 170-1 C,,73.72549019607844,2,9,,,,,,,
CMYK,PANTONE P 170-2 C,,69.80392156862744,2,10,,,,,,,
CMYK,PANTONE P 170-3 C,,66.66666666666666,2,11,,,,,,,
CMYK,PANTONE P 170-4 C,,63.52941176470588,3,11,,,,,,,
CMYK,PANTONE P 170-5 C,,60.0,4,12,,,,,,,
CMYK,PANTONE P 170-6 C,,56.86274509803921,3,10,,,,,,,
CMYK,PANTONE P 170-7 C,,53.72549019607843,3,7,,,,,,,
CMYK,PANTONE P 170-8 C,,50.19607843137255,4,7,,,,,,,
CMYK,PANTONE P 170-9 C,,49.01960784313725,3,7,,,,,,,
CMYK,PANTONE P 170-10 C,,46.27450980392157,3,7,,,,,,,
CMYK,PANTONE P 170-11 C,,43.92156862745098,2,7,,,,,,,
CMYK,PANTONE P 170-12 C,,41.17647058823529,1,6,,,,,,,
CMYK,PANTONE P 170-13 C,,38.43137254901961,2,5,,,,,,,
CMYK,PANTONE P 170-14 C,,35.294117647058826,2,5,,,,,,,
CMYK,PANTONE P 170-15 C,,31.76470588235294,1,3,,,,,,,
CMYK,PANTONE P 170-16 C,,28.235294117647058,1,3,,,,,,,
CMYK,PANTONE P 171-1 C,,78.43137254901961,3,2,,,,,,,
CMYK,PANTONE P 171-2 C,,73.72549019607844,4,4,,,,,,,
CMYK,PANTONE P 171-3 C,,68.62745098039215,5,4,,,,,,,
CMYK,PANTONE P 171-4 C,,64.70588235294117,6,5,,,,,,,
CMYK,PANTONE P 171-5 C,,60.78431372549019,7,5,,,,,,,
CMYK,PANTONE P 171-6 C,,57.25490196078431,7,6,,,,,,,
CMYK,PANTONE P 171-7 C,,53.333333333333336,8,5,,,,,,,
CMYK,PANTONE P 171-8 C,,49.80392156862745,8,3,,,,,,,
CMYK,PANTONE P 171-9 C,,49.01960784313725,7,3,,,,,,,
CMYK,PANTONE P 171-10 C,,47.05882352941176,7,3,,,,,,,
CMYK,PANTONE P 171-11 C,,44.70588235294118,6,3,,,,,,,
CMYK,PANTONE P 171-12 C,,43.13725490196079,5,3,,,,,,,
CMYK,PANTONE P 171-13 C,,40.3921568627451,5,3,,,,,,,
CMYK,PANTONE P 171-14 C,,38.03921568627451,4,3,,,,,,,
CMYK,PANTONE P 171-15 C,,34.90196078431372,3,4,,,,,,,
CMYK,PANTONE P 171-16 C,,31.76470588235294,3,3,,,,,,,
CMYK,PANTONE P 172-1 C,,83.52941176470588,1,1,,,,,,,
CMYK,PANTONE P 172-2 C,,77.64705882352942,1,3,,,,,,,
CMYK,PANTONE P 172-3 C,,72.94117647058823,1,4,,,,,,,
CMYK,PANTONE P 172-4 C,,67.84313725490196,1,4,,,,,,,
CMYK,PANTONE P 172-5 C,,63.13725490196078,2,4,,,,,,,
CMYK,PANTONE P 172-6 C,,58.43137254901961,1,4,,,,,,,
CMYK,PANTONE P 172-7 C,,53.72549019607843,-1,2,,,,,,,
CMYK,PANTONE P 172-8 C,,49.01960784313725,0,1,,,,,,,
CMYK,PANTONE P 172-9 C,,49.01960784313725,2,1,,,,,,,
CMYK,PANTONE P 172-10 C,,46.666666666666664,1,1,,,,,,,
CMYK,PANTONE P 172-11 C,,44.31372549019608,1,1,,,,,,,
CMYK,PANTONE P 172-12 C,,41.568627450980394,1,1,,,,,,,
CMYK,PANTONE P 172-13 C,,39.21568627450981,2,0,,,,,,,
CMYK,PANTONE P 172-14 C,,36.07843137254902,1,0,,,,,,,
CMYK,PANTONE P 172-15 C,,32.549019607843135,1,-1,,,,,,,
CMYK,PANTONE P 172-16 C,,29.411764705882355,1,0,,,,,,,
CMYK,PANTONE P 173-1 C,,74.50980392156863,1,0,,,,,,,
CMYK,PANTONE P 173-2 C,,70.58823529411765,1,1,,,,,,,
CMYK,PANTONE P 173-3 C,,67.05882352941175,2,1,,,,,,,
CMYK,PANTONE P 173-4 C,,63.921568627450974,2,0,,,,,,,
CMYK,PANTONE P 173-5 C,,60.0,3,-1,,,,,,,
CMYK,PANTONE P 173-6 C,,56.07843137254902,1,-2,,,,,,,
CMYK,PANTONE P 173-7 C,,52.156862745098046,0,-3,,,,,,,
CMYK,PANTONE P 173-8 C,,49.80392156862745,1,-3,,,,,,,
CMYK,PANTONE P 173-9 C,,49.01960784313725,2,-1,,,,,,,
CMYK,PANTONE P 173-10 C,,46.27450980392157,1,-2,,,,,,,
CMYK,PANTONE P 173-11 C,,44.31372549019608,1,-2,,,,,,,
CMYK,PANTONE P 173-12 C,,41.96078431372549,0,-2,,,,,,,
CMYK,PANTONE P 173-13 C,,40.0,1,-1,,,,,,,
CMYK,PANTONE P 173-14 C,,37.254901960784316,1,-1,,,,,,,
CMYK,PANTONE P 173-15 C,,32.94117647058823,0,-1,,,,,,,
CMYK,PANTONE P 173-16 C,,29.411764705882355,0,-1,,,,,,,
CMYK,PANTONE P 174-1 C,,72.94117647058823,0,-3,,,,,,,
CMYK,PANTONE P 174-2 C,,69.80392156862744,0,-2,,,,,,,
CMYK,PANTONE P 174-3 C,,66.27450980392156,0,-3,,,,,,,
CMYK,PANTONE P 174-4 C,,63.13725490196078,-1,-3,,,,,,,
CMYK,PANTONE P 174-5 C,,59.21568627450981,0,-5,,,,,,,
CMYK,PANTONE P 174-6 C,,55.294117647058826,-1,-5,,,,,,,
CMYK,PANTONE P 174-7 C,,52.54901960784314,-3,-6,,,,,,,
CMYK,PANTONE P 174-8 C,,50.19607843137255,-4,-6,,,,,,,
CMYK,PANTONE P 174-9 C,,49.01960784313725,-3,-6,,,,,,,
CMYK,PANTONE P 174-10 C,,46.666666666666664,-3,-6,,,,,,,
CMYK,PANTONE P 174-11 C,,43.92156862745098,-2,-6,,,,,,,
CMYK,PANTONE P 174-12 C,,41.17647058823529,-2,-6,,,,,,,
CMYK,PANTONE P 174-13 C,,38.43137254901961,-1,-6,,,,,,,
CMYK,PANTONE P 174-14 C,,34.90196078431372,-1,-6,,,,,,,
CMYK,PANTONE P 174-15 C,,31.76470588235294,-1,-6,,,,,,,
CMYK,PANTONE P 174-16 C,,27.84313725490196,-1,-6,,,,,,,
CMYK,PANTONE P 175-1 C,,83.13725490196079,-1,0,,,,,,,
CMYK,PANTONE P 175-2 C,,77.25490196078432,-1,1,,,,,,,
CMYK,PANTONE P 175-3 C,,71.76470588235294,-1,2,,,,,,,
CMYK,PANTONE P 175-4 C,,67.84313725490196,-2,1,,,,,,,
CMYK,PANTONE P 175-5 C,,63.13725490196078,-3,0,,,,,,,
CMYK,PANTONE P 175-6 C,,57.25490196078431,-4,-2,,,,,,,
CMYK,PANTONE P 175-7 C,,52.54901960784314,-7,-3,,,,,,,
CMYK,PANTONE P 175-8 C,,49.01960784313725,-7,-4,,,,,,,
CMYK,PANTONE P 175-9 C,,49.01960784313725,-8,-2,,,,,,,
CMYK,PANTONE P 175-10 C,,47.05882352941176,-7,-1,,,,,,,
CMYK,PANTONE P 175-11 C,,44.70588235294118,-7,-1,,,,,,,
CMYK,PANTONE P 175-12 C,,43.13725490196079,-7,-1,,,,,,,
CMYK,PANTONE P 175-13 C,,40.78431372549019,-7,-1,,,,,,,
CMYK,PANTONE P 175-14 C,,37.254901960784316,-7,0,,,,,,,
CMYK,PANTONE P 175-15 C,,33.72549019607843,-7,0,,,,,,,
CMYK,PANTONE P 175-16 C,,30.19607843137255,-6,-1,,,,,,,
CMYK,PANTONE P 176-1 C,,67.45098039215686,0,6,,,,,,,
CMYK,PANTONE P 176-2 C,,63.921568627450974,0,5,,,,,,,
CMYK,PANTONE P 176-3 C,,60.78431372549019,-1,6,,,,,,,
CMYK,PANTONE P 176-4 C,,56.86274509803921,0,5,,,,,,,
CMYK,PANTONE P 176-5 C,,53.72549019607843,-2,3,,,,,,,
CMYK,PANTONE P 176-6 C,,50.588235294117645,-1,2,,,,,,,
CMYK,PANTONE P 176-7 C,,48.23529411764706,-4,0,,,,,,,
CMYK,PANTONE P 176-8 C,,45.490196078431374,-5,-2,,,,,,,
CMYK,PANTONE P 176-9 C,,43.92156862745098,-4,-3,,,,,,,
CMYK,PANTONE P 176-10 C,,41.96078431372549,-5,-3,,,,,,,
CMYK,PANTONE P 176-11 C,,38.03921568627451,-5,-3,,,,,,,
CMYK,PANTONE P 176-12 C,,36.07843137254902,-3,-4,,,,,,,
CMYK,PANTONE P 176-13 C,,34.11764705882353,-2,-3,,,,,,,
CMYK,PANTONE P 176-14 C,,31.372549019607842,-2,-3,,,,,,,
CMYK,PANTONE P 176-15 C,,28.235294117647058,-3,-3,,,,,,,
CMYK,PANTONE P 176-16 C,,25.882352941176475,-4,-4,,,,,,,
CMYK,PANTONE P 177-1 C,,73.72549019607844,-1,7,,,,,,,
CMYK,PANTONE P 177-2 C,,70.58823529411765,-2,8,,,,,,,
CMYK,PANTONE P 177-3 C,,67.05882352941175,-2,9,,,,,,,
CMYK,PANTONE P 177-4 C,,64.31372549019608,-3,10,,,,,,,
CMYK,PANTONE P 177-5 C,,60.3921568627451,-3,8,,,,,,,
CMYK,PANTONE P 177-6 C,,55.68627450980392,-5,6,,,,,,,
CMYK,PANTONE P 177-7 C,,51.76470588235295,-6,6,,,,,,,
CMYK,PANTONE P 177-8 C,,49.411764705882355,-8,5,,,,,,,
CMYK,PANTONE P 177-9 C,,49.80392156862745,-6,6,,,,,,,
CMYK,PANTONE P 177-10 C,,48.23529411764706,-6,7,,,,,,,
CMYK,PANTONE P 177-11 C,,45.490196078431374,-6,7,,,,,,,
CMYK,PANTONE P 177-12 C,,43.13725490196079,-6,7,,,,,,,
CMYK,PANTONE P 177-13 C,,42.35294117647059,-6,7,,,,,,,
CMYK,PANTONE P 177-14 C,,38.82352941176471,-6,6,,,,,,,
CMYK,PANTONE P 177-15 C,,34.90196078431372,-6,6,,,,,,,
CMYK,PANTONE P 177-16 C,,31.76470588235294,-5,5,,,,,,,
CMYK,PANTONE P 178-1 C,,77.64705882352942,0,7,,,,,,,
CMYK,PANTONE P 178-2 C,,74.50980392156863,-1,10,,,,,,,
CMYK,PANTONE P 178-3 C,,70.58823529411765,-1,10,,,,,,,
CMYK,PANTONE P 178-4 C,,67.84313725490196,-1,12,,,,,,,
CMYK,PANTONE P 178-5 C,,63.921568627450974,-2,12,,,,,,,
CMYK,PANTONE P 178-6 C,,60.3921568627451,-2,11,,,,,,,
CMYK,PANTONE P 178-7 C,,58.03921568627452,-3,11,,,,,,,
CMYK,PANTONE P 178-8 C,,54.90196078431373,-4,10,,,,,,,
CMYK,PANTONE P 178-9 C,,54.11764705882353,-2,10,,,,,,,
CMYK,PANTONE P 178-10 C,,51.37254901960784,-2,10,,,,,,,
CMYK,PANTONE P 178-11 C,,49.01960784313725,-3,10,,,,,,,
CMYK,PANTONE P 178-12 C,,46.666666666666664,-3,9,,,,,,,
CMYK,PANTONE P 178-13 C,,43.529411764705884,-3,9,,,,,,,
CMYK,PANTONE P 178-14 C,,40.3921568627451,-3,8,,,,,,,
CMYK,PANTONE P 178-15 C,,36.470588235294116,-3,7,,,,,,,
CMYK,PANTONE P 178-16 C,,32.549019607843135,-3,6,,,,,,,
CMYK,PANTONE P 179-1 C,,94.90196078431372,0,0,,,,,,,
CMYK,PANTONE P 179-2 C,,88.23529411764706,0,0,,,,,,,
CMYK,PANTONE P 179-3 C,,82.35294117647058,0,-1,,,,,,,
CMYK,PANTONE P 179-4 C,,77.25490196078432,0,-1,,,,,,,
CMYK,PANTONE P 179-5 C,,72.94117647058823,0,-1,,,,,,,
CMYK,PANTONE P 179-6 C,,67.45098039215686,0,-1,,,,,,,
CMYK,PANTONE P 179-7 C,,61.96078431372549,0,-1,,,,,,,
CMYK,PANTONE P 179-8 C,,58.03921568627452,0,-1,,,,,,,
CMYK,PANTONE P 179-9 C,,53.72549019607843,0,-1,,,,,,,
CMYK,PANTONE P 179-10 C,,49.01960784313725,0,-1,,,,,,,
CMYK,PANTONE P 179-11 C,,42.745098039215684,0,-1,,,,,,,
CMYK,PANTONE P 179-12 C,,39.6078431372549,0,-1,,,,,,,
CMYK,PANTONE P 179-13 C,,36.470588235294116,0,-1,,,,,,,
CMYK,PANTONE P 179-14 C,,29.80392156862745,0,-1,,,,,,,
CMYK,PANTONE P 179-15 C,,21.96078431372549,0,0,,,,,,,
CMYK,PANTONE P 179-16 C,,17.254901960784313,1,1,,,,,,,
Metallic Coated,PANTONE 10101 C,,85.09803921568627,-1,0,,,,,,,
Metallic Coated,PANTONE 10102 C,,79.2156862745098,-1,-1,,,,,,,
Metallic Coated,PANTONE 10103 C,,75.29411764705883,-1,-1,,,,,,,
Metallic Coated,PANTONE 10104 C,,71.37254901960785,-1,-2,,,,,,,
Metallic Coated,PANTONE 10105 C,,70.19607843137254,-1,-2,,,,,,,
Metallic Coated,PANTONE Silver 10077 C,,68.62745098039215,-1,-2,,,,,,,
Metallic Coated,PANTONE 10106 C,,68.62745098039215,-6,28,,,,,,,
Metallic Coated,PANTONE 10107 C,,68.23529411764706,-7,37,,,,,,,
Metallic Coated,PANTONE 10108 C,,68.62745098039215,-7,46,,,,,,,
Metallic Coated,PANTONE 10109 C,,68.62745098039215,-7,54,,,,,,,
Metallic Coated,PANTONE 10110 C,,69.41176470588235,-6,63,,,,,,,
Metallic Coated,PANTONE 10111 C,,71.37254901960785,-5,73,,,,,,,
Metallic Coated,PANTONE 10112 C,,68.62745098039215,-5,17,,,,,,,
Metallic Coated,PANTONE 10113 C,,68.23529411764706,-5,29,,,,,,,
Metallic Coated,PANTONE 10114 C,,67.45098039215686,-5,39,,,,,,,
Metallic Coated,PANTONE 10115 C,,67.05882352941175,-5,47,,,,,,,
Metallic Coated,PANTONE 10116 C,,67.45098039215686,-3,56,,,,,,,
Metallic Coated,PANTONE 10117 C,,67.45098039215686,-1,64,,,,,,,
Metallic Coated,PANTONE 10118 C,,67.05882352941175,-3,28,,,,,,,
Metallic Coated,PANTONE 10119 C,,66.66666666666666,-1,38,,,,,,,
Metallic Coated,PANTONE 10120 C,,65.88235294117646,1,46,,,,,,,
Metallic Coated,PANTONE 10121 C,,65.49019607843137,4,54,,,,,,,
Metallic Coated,PANTONE 10122 C,,65.09803921568627,8,61,,,,,,,
Metallic Coated,PANTONE 10123 C,,65.49019607843137,13,69,,,,,,,
Metallic Coated,PANTONE 10124 C,,66.27450980392156,-2,24,,,,,,,
Metallic Coated,PANTONE 10125 C,,65.09803921568627,-1,32,,,,,,,
Metallic Coated,PANTONE 10126 C,,63.13725490196078,2,39,,,,,,,
Metallic Coated,PANTONE 10127 C,,61.568627450980394,5,45,,,,,,,
Metallic Coated,PANTONE 10128 C,,60.3921568627451,10,50,,,,,,,
Metallic Coated,PANTONE 10129 C,,59.6078431372549,16,56,,,,,,,
Metallic Coated,PANTONE 10130 C,,62.35294117647059,9,22,,,,,,,
Metallic Coated,PANTONE 10131 C,,59.21568627450981,13,29,,,,,,,
Metallic Coated,PANTONE 10132 C,,56.86274509803921,16,35,,,,,,,
Metallic Coated,PANTONE 10133 C,,53.72549019607843,19,40,,,,,,,
Metallic Coated,PANTONE 10134 C,,50.98039215686274,22,43,,,,,,,
Metallic Coated,PANTONE 10135 C,,49.01960784313725,24,48,,,,,,,
Metallic Coated,PANTONE 10136 C,,65.09803921568627,4,12,,,,,,,
Metallic Coated,PANTONE 10137 C,,61.568627450980394,8,20,,,,,,,
Metallic Coated,PANTONE 10138 C,,58.43137254901961,12,27,,,,,,,
Metallic Coated,PANTONE 10139 C,,55.294117647058826,16,32,,,,,,,
Metallic Coated,PANTONE 10140 C,,52.54901960784314,18,36,,,,,,,
Metallic Coated,PANTONE 10141 C,,49.411764705882355,21,39,,,,,,,
Metallic Coated,PANTONE 10142 C,,62.35294117647059,12,24,,,,,,,
Metallic Coated,PANTONE 10143 C,,60.0,18,32,,,,,,,
Metallic Coated,PANTONE 10144 C,,58.03921568627452,23,39,,,,,,,
Metallic Coated,PANTONE 10145 C,,56.470588235294116,29,46,,,,,,,
Metallic Coated,PANTONE 10146 C,,55.294117647058826,34,53,,,,,,,
Metallic Coated,PANTONE 10147 C,,54.11764705882353,40,59,,,,,,,
Metallic Coated,PANTONE 10401 C,,63.52941176470588,20,61,,,,,,,
Metallic Coated,PANTONE 10402 C,,63.52941176470588,14,42,,,,,,,
Metallic Coated,PANTONE 10403 C,,59.21568627450981,9,32,,,,,,,
Metallic Coated,PANTONE 10404 C,,61.568627450980394,7,24,,,,,,,
Metallic Coated,PANTONE 10405 C,,63.921568627450974,5,22,,,,,,,
Metallic Coated,PANTONE 10406 C,,65.88235294117646,6,20,,,,,,,
Metallic Coated,PANTONE 10407 C,,67.45098039215686,3,18,,,,,,,
Metallic Coated,PANTONE 10408 C,,63.13725490196078,10,18,,,,,,,
Metallic Coated,PANTONE 10409 C,,54.11764705882353,18,18,,,,,,,
Metallic Coated,PANTONE 10410 C,,50.588235294117645,21,11,,,,,,,
Metallic Coated,PANTONE 10411 C,,60.3921568627451,19,11,,,,,,,
Metallic Coated,PANTONE Rose Gold 10412 C,,63.52941176470588,13,6,,,,,,,
Metallic Coated,PANTONE 10148 C,,61.1764705882353,18,15,,,,,,,
Metallic Coated,PANTONE 10149 C,,58.43137254901961,24,21,,,,,,,
Metallic Coated,PANTONE 10150 C,,55.68627450980392,30,27,,,,,,,
Metallic Coated,PANTONE 10151 C,,53.72549019607843,36,34,,,,,,,
Metallic Coated,PANTONE 10152 C,,52.54901960784314,42,41,,,,,,,
Metallic Coated,PANTONE 10153 C,,51.37254901960784,47,48,,,,,,,
Metallic Coated,PANTONE 10154 C,,63.921568627450974,8,6,,,,,,,
Metallic Coated,PANTONE 10155 C,,59.6078431372549,15,11,,,,,,,
Metallic Coated,PANTONE 10156 C,,56.07843137254902,22,16,,,,,,,
Metallic Coated,PANTONE 10157 C,,52.54901960784314,28,21,,,,,,,
Metallic Coated,PANTONE 10158 C,,49.411764705882355,35,25,,,,,,,
Metallic Coated,PANTONE 10159 C,,47.05882352941176,42,30,,,,,,,
Metallic Coated,PANTONE 10413 C,,49.411764705882355,49,27,,,,,,,
Metallic Coated,PANTONE 10414 C,,43.529411764705884,61,11,,,,,,,
Metallic Coated,PANTONE 10415 C,,44.70588235294118,48,24,,,,,,,
Metallic Coated,PANTONE 10416 C,,39.21568627450981,53,31,,,,,,,
Metallic Coated,PANTONE 10417 C,,41.96078431372549,55,30,,,,,,,
Metallic Coated,PANTONE 10418 C,,35.68627450980392,40,20,,,,,,,
Metallic Coated,PANTONE 10160 C,,59.6078431372549,25,1,,,,,,,
Metallic Coated,PANTONE 10161 C,,56.07843137254902,33,4,,,,,,,
Metallic Coated,PANTONE 10162 C,,53.333333333333336,39,8,,,,,,,
Metallic Coated,PANTONE 10163 C,,50.98039215686274,44,13,,,,,,,
Metallic Coated,PANTONE 10164 C,,49.411764705882355,49,20,,,,,,,
Metallic Coated,PANTONE 10165 C,,48.627450980392155,53,28,,,,,,,
Metallic Coated,PANTONE 10166 C,,58.03921568627452,24,-4,,,,,,,
Metallic Coated,PANTONE 10167 C,,54.509803921568626,33,-3,,,,,,,
Metallic Coated,PANTONE 10168 C,,50.98039215686274,40,-1,,,,,,,
Metallic Coated,PANTONE 10169 C,,47.84313725490196,46,2,,,,,,,
Metallic Coated,PANTONE 10170 C,,45.490196078431374,51,7,,,,,,,
Metallic Coated,PANTONE 10171 C,,43.529411764705884,57,14,,,,,,,
Metallic Coated,PANTONE 10172 C,,57.25490196078431,21,-11,,,,,,,
Metallic Coated,PANTONE 10173 C,,53.333333333333336,28,-12,,,,,,,
Metallic Coated,PANTONE 10174 C,,49.80392156862745,35,-12,,,,,,,
Metallic Coated,PANTONE 10175 C,,46.666666666666664,41,-11,,,,,,,
Metallic Coated,PANTONE 10176 C,,44.31372549019608,47,-9,,,,,,,
Metallic Coated,PANTONE 10177 C,,42.35294117647059,54,-6,,,,,,,
Metallic Coated,PANTONE 10178 C,,61.96078431372549,17,-7,,,,,,,
Metallic Coated,PANTONE 10179 C,,58.43137254901961,24,-9,,,,,,,
Metallic Coated,PANTONE 10180 C,,55.294117647058826,30,-10,,,,,,,
Metallic Coated,PANTONE 10181 C,,52.156862745098046,37,-10,,,,,,,
Metallic Coated,PANTONE 10182 C,,49.411764705882355,43,-9,,,,,,,
Metallic Coated,PANTONE 10183 C,,47.45098039215686,50,-8,,,,,,,
Metallic Coated,PANTONE 10419 C,,59.6078431372549,24,7,,,,,,,
Metallic Coated,PANTONE 10420 C,,57.25490196078431,24,0,,,,,,,
Metallic Coated,PANTONE 10421 C,,42.745098039215684,42,-5,,,,,,,
Metallic Coated,PANTONE 10422 C,,35.294117647058826,41,-11,,,,,,,
Metallic Coated,PANTONE 10423 C,,42.35294117647059,35,-18,,,,,,,
Metallic Coated,PANTONE 10424 C,,29.80392156862745,39,-21,,,,,,,
Metallic Coated,PANTONE 10184 C,,63.13725490196078,14,-9,,,,,,,
Metallic Coated,PANTONE 10185 C,,60.0,21,-12,,,,,,,
Metallic Coated,PANTONE 10186 C,,56.470588235294116,28,-14,,,,,,,
Metallic Coated,PANTONE 10187 C,,53.333333333333336,34,-15,,,,,,,
Metallic Coated,PANTONE 10188 C,,50.98039215686274,41,-16,,,,,,,
Metallic Coated,PANTONE 10189 C,,48.627450980392155,48,-17,,,,,,,
Metallic Coated,PANTONE 10190 C,,62.745098039215684,4,-3,,,,,,,
Metallic Coated,PANTONE 10191 C,,57.25490196078431,7,-4,,,,,,,
Metallic Coated,PANTONE 10192 C,,52.54901960784314,10,-5,,,,,,,
Metallic Coated,PANTONE 10193 C,,47.45098039215686,13,-5,,,,,,,
Metallic Coated,PANTONE 10194 C,,42.745098039215684,15,-6,,,,,,,
Metallic Coated,PANTONE 10195 C,,37.254901960784316,17,-5,,,,,,,
Metallic Coated,PANTONE 10196 C,,62.35294117647059,11,-9,,,,,,,
Metallic Coated,PANTONE 10197 C,,56.86274509803921,19,-12,,,,,,,
Metallic Coated,PANTONE 10198 C,,51.76470588235295,26,-14,,,,,,,
Metallic Coated,PANTONE 10199 C,,47.84313725490196,32,-16,,,,,,,
Metallic Coated,PANTONE 10200 C,,43.92156862745098,37,-16,,,,,,,
Metallic Coated,PANTONE 10201 C,,40.3921568627451,42,-16,,,,,,,
Metallic Coated,PANTONE 10202 C,,56.470588235294116,16,-13,,,,,,,
Metallic Coated,PANTONE 10203 C,,51.37254901960784,22,-15,,,,,,,
Metallic Coated,PANTONE 10204 C,,47.05882352941176,27,-17,,,,,,,
Metallic Coated,PANTONE 10205 C,,42.745098039215684,31,-19,,,,,,,
Metallic Coated,PANTONE 10206 C,,38.43137254901961,35,-19,,,,,,,
Metallic Coated,PANTONE 10207 C,,34.509803921568626,38,-19,,,,,,,
Metallic Coated,PANTONE 10208 C,,60.78431372549019,13,-12,,,,,,,
Metallic Coated,PANTONE 10209 C,,56.470588235294116,19,-16,,,,,,,
Metallic Coated,PANTONE 10210 C,,52.156862745098046,24,-19,,,,,,,
Metallic Coated,PANTONE 10211 C,,48.627450980392155,29,-23,,,,,,,
Metallic Coated,PANTONE 10212 C,,44.70588235294118,34,-26,,,,,,,
Metallic Coated,PANTONE 10213 C,,40.78431372549019,38,-28,,,,,,,
Metallic Coated,PANTONE 10214 C,,55.294117647058826,13,-19,,,,,,,
Metallic Coated,PANTONE 10215 C,,49.80392156862745,18,-26,,,,,,,
Metallic Coated,PANTONE 10216 C,,44.70588235294118,22,-31,,,,,,,
Metallic Coated,PANTONE 10217 C,,39.21568627450981,26,-36,,,,,,,
Metallic Coated,PANTONE 10218 C,,34.11764705882353,30,-40,,,,,,,
Metallic Coated,PANTONE 10219 C,,29.01960784313726,34,-44,,,,,,,
Metallic Coated,PANTONE 10220 C,,62.35294117647059,6,-11,,,,,,,
Metallic Coated,PANTONE 10221 C,,58.43137254901961,9,-16,,,,,,,
Metallic Coated,PANTONE 10222 C,,54.509803921568626,12,-19,,,,,,,
Metallic Coated,PANTONE 10223 C,,50.19607843137255,15,-23,,,,,,,
Metallic Coated,PANTONE 10224 C,,45.88235294117647,18,-28,,,,,,,
Metallic Coated,PANTONE 10225 C,,42.35294117647059,21,-32,,,,,,,
Metallic Coated,PANTONE 10226 C,,61.568627450980394,4,-12,,,,,,,
Metallic Coated,PANTONE 10227 C,,58.43137254901961,6,-16,,,,,,,
Metallic Coated,PANTONE 10228 C,,54.509803921568626,8,-20,,,,,,,
Metallic Coated,PANTONE 10229 C,,49.80392156862745,10,-25,,,,,,,
Metallic Coated,PANTONE 10230 C,,45.490196078431374,13,-29,,,,,,,
Metallic Coated,PANTONE 10231 C,,41.568627450980394,16,-34,,,,,,,
Metallic Coated,PANTONE 10232 C,,55.294117647058826,6,-18,,,,,,,
Metallic Coated,PANTONE 10233 C,,49.80392156862745,8,-23,,,,,,,
Metallic Coated,PANTONE 10234 C,,44.31372549019608,11,-27,,,,,,,
Metallic Coated,PANTONE 10235 C,,38.82352941176471,13,-31,,,,,,,
Metallic Coated,PANTONE 10236 C,,33.72549019607843,15,-35,,,,,,,
Metallic Coated,PANTONE 10237 C,,35.68627450980392,15,-33,,,,,,,
Metallic Coated,PANTONE 10425 C,,34.509803921568626,7,-41,,,,,,,
Metallic Coated,PANTONE 10426 C,,29.411764705882355,5,-31,,,,,,,
Metallic Coated,PANTONE 10427 C,,26.666666666666668,9,-42,,,,,,,
Metallic Coated,PANTONE 10428 C,,29.01960784313726,20,-41,,,,,,,
Metallic Coated,PANTONE 10429 C,,23.52941176470588,21,-35,,,,,,,
Metallic Coated,PANTONE 10430 C,,22.745098039215687,17,-28,,,,,,,
Metallic Coated,PANTONE 10238 C,,57.647058823529406,4,-18,,,,,,,
Metallic Coated,PANTONE 10239 C,,52.94117647058824,6,-24,,,,,,,
Metallic Coated,PANTONE 10240 C,,47.84313725490196,8,-30,,,,,,,
Metallic Coated,PANTONE 10241 C,,42.745098039215684,11,-36,,,,,,,
Metallic Coated,PANTONE 10242 C,,37.64705882352941,14,-41,,,,,,,
Metallic Coated,PANTONE 10243 C,,32.94117647058823,18,-47,,,,,,,
Metallic Coated,PANTONE 10244 C,,54.509803921568626,-2,-22,,,,,,,
Metallic Coated,PANTONE 10245 C,,49.411764705882355,-2,-29,,,,,,,
Metallic Coated,PANTONE 10246 C,,43.92156862745098,0,-35,,,,,,,
Metallic Coated,PANTONE 10247 C,,38.82352941176471,3,-41,,,,,,,
Metallic Coated,PANTONE 10248 C,,34.11764705882353,6,-46,,,,,,,
Metallic Coated,PANTONE 10249 C,,29.01960784313726,11,-51,,,,,,,
Metallic Coated,PANTONE 10250 C,,63.52941176470588,-2,-10,,,,,,,
Metallic Coated,PANTONE 10251 C,,58.82352941176471,-2,-17,,,,,,,
Metallic Coated,PANTONE 10252 C,,54.509803921568626,-1,-23,,,,,,,
Metallic Coated,PANTONE 10253 C,,49.80392156862745,0,-29,,,,,,,
Metallic Coated,PANTONE 10254 C,,45.09803921568628,2,-34,,,,,,,
Metallic Coated,PANTONE 10255 C,,40.78431372549019,4,-40,,,,,,,
Metallic Coated,PANTONE 10256 C,,59.6078431372549,-5,-16,,,,,,,
Metallic Coated,PANTONE 10257 C,,56.07843137254902,-5,-22,,,,,,,
Metallic Coated,PANTONE 10258 C,,51.76470588235295,-5,-27,,,,,,,
Metallic Coated,PANTONE 10259 C,,47.45098039215686,-4,-33,,,,,,,
Metallic Coated,PANTONE 10260 C,,43.13725490196079,-3,-39,,,,,,,
Metallic Coated,PANTONE 10261 C,,38.43137254901961,0,-45,,,,,,,
Metallic Coated,PANTONE 10262 C,,62.35294117647059,-4,-7,,,,,,,
Metallic Coated,PANTONE 10263 C,,56.470588235294116,-6,-11,,,,,,,
Metallic Coated,PANTONE 10264 C,,50.98039215686274,-7,-14,,,,,,,
Metallic Coated,PANTONE 10265 C,,45.88235294117647,-8,-16,,,,,,,
Metallic Coated,PANTONE 10266 C,,40.78431372549019,-9,-17,,,,,,,
Metallic Coated,PANTONE 10267 C,,35.68627450980392,-9,-19,,,,,,,
Metallic Coated,PANTONE 10431 C,,63.52941176470588,-9,-8,,,,,,,
Metallic Coated,PANTONE 10432 C,,50.19607843137255,-9,-12,,,,,,,
Metallic Coated,PANTONE 10433 C,,43.529411764705884,-23,-30,,,,,,,
Metallic Coated,PANTONE 10434 C,,36.470588235294116,-17,-29,,,,,,,
Metallic Coated,PANTONE 10435 C,,50.19607843137255,-1,-6,,,,,,,
Metallic Coated,PANTONE 10436 C,,45.88235294117647,-2,-4,,,,,,,
Metallic Coated,PANTONE 10268 C,,60.78431372549019,-10,-16,,,,,,,
Metallic Coated,PANTONE 10269 C,,56.86274509803921,-12,-22,,,,,,,
Metallic Coated,PANTONE 10270 C,,53.333333333333336,-13,-27,,,,,,,
Metallic Coated,PANTONE 10271 C,,49.411764705882355,-14,-32,,,,,,,
Metallic Coated,PANTONE 10272 C,,45.490196078431374,-14,-38,,,,,,,
Metallic Coated,PANTONE 10273 C,,41.96078431372549,-12,-43,,,,,,,
Metallic Coated,PANTONE 10274 C,,62.35294117647059,-13,-14,,,,,,,
Metallic Coated,PANTONE 10275 C,,59.21568627450981,-17,-18,,,,,,,
Metallic Coated,PANTONE 10276 C,,56.86274509803921,-20,-23,,,,,,,
Metallic Coated,PANTONE 10277 C,,53.72549019607843,-23,-27,,,,,,,
Metallic Coated,PANTONE 10278 C,,50.98039215686274,-25,-32,,,,,,,
Metallic Coated,PANTONE 10279 C,,48.627450980392155,-27,-37,,,,,,,
Metallic Coated,PANTONE 10280 C,,62.745098039215684,-12,-8,,,,,,,
Metallic Coated,PANTONE 10281 C,,59.21568627450981,-16,-11,,,,,,,
Metallic Coated,PANTONE 10282 C,,55.68627450980392,-19,-13,,,,,,,
Metallic Coated,PANTONE 10283 C,,52.156862745098046,-23,-16,,,,,,,
Metallic Coated,PANTONE 10284 C,,48.627450980392155,-26,-18,,,,,,,
Metallic Coated,PANTONE 10285 C,,44.70588235294118,-28,-20,,,,,,,
Metallic Coated,PANTONE 10286 C,,63.921568627450974,-15,-8,,,,,,,
Metallic Coated,PANTONE 10287 C,,61.568627450980394,-20,-10,,,,,,,
Metallic Coated,PANTONE 10288 C,,59.21568627450981,-25,-12,,,,,,,
Metallic Coated,PANTONE 10289 C,,56.86274509803921,-30,-14,,,,,,,
Metallic Coated,PANTONE 10290 C,,54.11764705882353,-36,-16,,,,,,,
Metallic Coated,PANTONE 10291 C,,51.76470588235295,-42,-18,,,,,,,
Metallic Coated,PANTONE 10437 C,,44.70588235294118,-19,7,,,,,,,
Metallic Coated,PANTONE 10438 C,,56.07843137254902,-32,15,,,,,,,
Metallic Coated,PANTONE 10439 C,,55.294117647058826,-31,4,,,,,,,
Metallic Coated,PANTONE 10440 C,,50.19607843137255,-30,-15,,,,,,,
Metallic Coated,PANTONE 10441 C,,38.03921568627451,-23,-15,,,,,,,
Metallic Coated,PANTONE 10442 C,,36.07843137254902,-11,-9,,,,,,,
Metallic Coated,PANTONE 10292 C,,65.49019607843137,-16,-3,,,,,,,
Metallic Coated,PANTONE 10293 C,,63.921568627450974,-22,-3,,,,,,,
Metallic Coated,PANTONE 10294 C,,61.568627450980394,-28,-4,,,,,,,
Metallic Coated,PANTONE 10295 C,,59.6078431372549,-35,-3,,,,,,,
Metallic Coated,PANTONE 10296 C,,58.03921568627452,-42,-3,,,,,,,
Metallic Coated,PANTONE 10297 C,,56.470588235294116,-49,-3,,,,,,,
Metallic Coated,PANTONE 10298 C,,63.921568627450974,-15,9,,,,,,,
Metallic Coated,PANTONE 10299 C,,61.1764705882353,-20,12,,,,,,,
Metallic Coated,PANTONE 10300 C,,58.43137254901961,-25,15,,,,,,,
Metallic Coated,PANTONE 10301 C,,56.07843137254902,-30,18,,,,,,,
Metallic Coated,PANTONE 10302 C,,53.72549019607843,-35,21,,,,,,,
Metallic Coated,PANTONE 10303 C,,50.588235294117645,-42,24,,,,,,,
Metallic Coated,PANTONE 10304 C,,64.70588235294117,-14,14,,,,,,,
Metallic Coated,PANTONE 10305 C,,62.35294117647059,-18,19,,,,,,,
Metallic Coated,PANTONE 10306 C,,60.0,-23,23,,,,,,,
Metallic Coated,PANTONE 10307 C,,57.647058823529406,-28,27,,,,,,,
Metallic Coated,PANTONE 10308 C,,55.68627450980392,-33,30,,,,,,,
Metallic Coated,PANTONE 10309 C,,52.94117647058824,-39,33,,,,,,,
Metallic Coated,PANTONE 10310 C,,64.70588235294117,-6,4,,,,,,,
Metallic Coated,PANTONE 10311 C,,60.3921568627451,-8,7,,,,,,,
Metallic Coated,PANTONE 10312 C,,56.07843137254902,-11,10,,,,,,,
Metallic Coated,PANTONE 10313 C,,52.156862745098046,-12,12,,,,,,,
Metallic Coated,PANTONE 10314 C,,47.84313725490196,-14,13,,,,,,,
Metallic Coated,PANTONE 10315 C,,43.529411764705884,-16,14,,,,,,,
Metallic Coated,PANTONE 10316 C,,66.66666666666666,-13,19,,,,,,,
Metallic Coated,PANTONE 10317 C,,65.49019607843137,-18,26,,,,,,,
Metallic Coated,PANTONE 10318 C,,63.921568627450974,-23,32,,,,,,,
Metallic Coated,PANTONE 10319 C,,62.745098039215684,-28,37,,,,,,,
Metallic Coated,PANTONE 10320 C,,61.568627450980394,-33,43,,,,,,,
Metallic Coated,PANTONE 10321 C,,60.3921568627451,-39,49,,,,,,,
Metallic Coated,PANTONE 10322 C,,67.84313725490196,-10,25,,,,,,,
Metallic Coated,PANTONE 10323 C,,66.66666666666666,-13,34,,,,,,,
Metallic Coated,PANTONE 10324 C,,66.66666666666666,-15,42,,,,,,,
Metallic Coated,PANTONE 10325 C,,65.49019607843137,-18,48,,,,,,,
Metallic Coated,PANTONE 10326 C,,65.09803921568627,-22,55,,,,,,,
Metallic Coated,PANTONE 10327 C,,65.49019607843137,-26,62,,,,,,,
Metallic Coated,PANTONE 10328 C,,63.52941176470588,-8,17,,,,,,,
Metallic Coated,PANTONE 10329 C,,60.3921568627451,-10,21,,,,,,,
Metallic Coated,PANTONE 10330 C,,57.25490196078431,-12,25,,,,,,,
Metallic Coated,PANTONE 10331 C,,53.72549019607843,-13,28,,,,,,,
Metallic Coated,PANTONE 10332 C,,50.588235294117645,-14,31,,,,,,,
Metallic Coated,PANTONE 10333 C,,46.27450980392157,-16,32,,,,,,,
Metallic Coated,PANTONE 10334 C,,62.745098039215684,-2,11,,,,,,,
Metallic Coated,PANTONE 10335 C,,59.21568627450981,-3,16,,,,,,,
Metallic Coated,PANTONE 10336 C,,56.07843137254902,-3,19,,,,,,,
Metallic Coated,PANTONE 10337 C,,52.156862745098046,-4,22,,,,,,,
Metallic Coated,PANTONE 10338 C,,48.627450980392155,-4,25,,,,,,,
Metallic Coated,PANTONE 10339 C,,44.31372549019608,-5,27,,,,,,,
Metallic Coated,PANTONE 10340 C,,62.35294117647059,0,14,,,,,,,
Metallic Coated,PANTONE 10341 C,,59.21568627450981,1,19,,,,,,,
Metallic Coated,PANTONE 10342 C,,55.68627450980392,1,23,,,,,,,
Metallic Coated,PANTONE 10343 C,,52.156862745098046,1,26,,,,,,,
Metallic Coated,PANTONE 10344 C,,48.23529411764706,1,29,,,,,,,
Metallic Coated,PANTONE 10345 C,,44.31372549019608,1,31,,,,,,,
Metallic Coated,PANTONE 10346 C,,62.35294117647059,3,15,,,,,,,
Metallic Coated,PANTONE 10347 C,,59.21568627450981,4,20,,,,,,,
Metallic Coated,PANTONE 10348 C,,56.470588235294116,5,24,,,,,,,
Metallic Coated,PANTONE 10349 C,,53.333333333333336,6,27,,,,,,,
Metallic Coated,PANTONE 10350 C,,49.80392156862745,6,30,,,,,,,
Metallic Coated,PANTONE 10351 C,,46.666666666666664,7,34,,,,,,,
Metallic Coated,PANTONE 10352 C,,65.88235294117646,2,10,,,,,,,
Metallic Coated,PANTONE 10353 C,,62.35294117647059,4,17,,,,,,,
Metallic Coated,PANTONE 10354 C,,59.21568627450981,6,23,,,,,,,
Metallic Coated,PANTONE 10355 C,,55.68627450980392,7,28,,,,,,,
Metallic Coated,PANTONE 10356 C,,52.54901960784314,9,32,,,,,,,
Metallic Coated,PANTONE 10357 C,,49.01960784313725,9,35,,,,,,,
Metallic Coated,PANTONE 10358 C,,61.1764705882353,4,14,,,,,,,
Metallic Coated,PANTONE 10359 C,,57.25490196078431,5,19,,,,,,,
Metallic Coated,PANTONE 10360 C,,53.72549019607843,7,23,,,,,,,
Metallic Coated,PANTONE 10361 C,,49.80392156862745,8,26,,,,,,,
Metallic Coated,PANTONE 10362 C,,45.490196078431374,10,28,,,,,,,
Metallic Coated,PANTONE 10363 C,,41.568627450980394,10,29,,,,,,,
Metallic Coated,PANTONE 10364 C,,63.921568627450974,4,11,,,,,,,
Metallic Coated,PANTONE 10365 C,,59.6078431372549,8,18,,,,,,,
Metallic Coated,PANTONE 10366 C,,55.294117647058826,12,23,,,,,,,
Metallic Coated,PANTONE 10367 C,,51.37254901960784,14,27,,,,,,,
Metallic Coated,PANTONE 10368 C,,47.05882352941176,16,30,,,,,,,
Metallic Coated,PANTONE 10369 C,,43.13725490196079,18,31,,,,,,,
Metallic Coated,PANTONE 10370 C,,63.13725490196078,2,6,,,,,,,
Metallic Coated,PANTONE 10371 C,,58.03921568627452,4,9,,,,,,,
Metallic Coated,PANTONE 10372 C,,53.333333333333336,5,12,,,,,,,
Metallic Coated,PANTONE 10373 C,,48.627450980392155,7,14,,,,,,,
Metallic Coated,PANTONE 10374 C,,43.529411764705884,8,16,,,,,,,
Metallic Coated,PANTONE 10375 C,,38.82352941176471,8,17,,,,,,,
Metallic Coated,PANTONE 10376 C,,58.43137254901961,3,5,,,,,,,
Metallic Coated,PANTONE 10377 C,,53.333333333333336,4,7,,,,,,,
Metallic Coated,PANTONE 10378 C,,48.23529411764706,5,9,,,,,,,
Metallic Coated,PANTONE 10379 C,,43.92156862745098,6,10,,,,,,,
Metallic Coated,PANTONE 10380 C,,39.21568627450981,7,11,,,,,,,
Metallic Coated,PANTONE 10381 C,,34.11764705882353,7,11,,,,,,,
Metallic Coated,PANTONE 10443 C,,60.78431372549019,16,14,,,,,,,
Metallic Coated,PANTONE 10444 C,,53.333333333333336,12,7,,,,,,,
Metallic Coated,PANTONE 10445 C,,55.68627450980392,9,7,,,,,,,
Metallic Coated,PANTONE 10446 C,,58.43137254901961,6,4,,,,,,,
Metallic Coated,PANTONE 10447 C,,53.72549019607843,5,2,,,,,,,
Metallic Coated,PANTONE 10448 C,,60.0,2,1,,,,,,,
Metallic Coated,PANTONE 10382 C,,60.0,2,-1,,,,,,,
Metallic Coated,PANTONE 10383 C,,52.94117647058824,3,-1,,,,,,,
Metallic Coated,PANTONE 10384 C,,46.666666666666664,4,-1,,,,,,,
Metallic Coated,PANTONE 10385 C,,40.3921568627451,4,0,,,,,,,
Metallic Coated,PANTONE 10386 C,,34.90196078431372,4,0,,,,,,,
Metallic Coated,PANTONE 10387 C,,29.411764705882355,4,0,,,,,,,
Metallic Coated,PANTONE 10449 C,,74.90196078431373,-2,2,,,,,,,
Metallic Coated,PANTONE 10450 C,,70.19607843137254,-1,-1,,,,,,,
Metallic Coated,PANTONE 10451 C,,48.23529411764706,-1,1,,,,,,,
Metallic Coated,PANTONE 10452 C,,41.96078431372549,0,-3,,,,,,,
Metallic Coated,PANTONE 10453 C,,38.03921568627451,-2,-4,,,,,,,
Metallic Coated,PANTONE 10454 C,,31.372549019607842,-1,-1,,,,,,,
Metallic Coated,PANTONE 10388 C,,59.21568627450981,-1,-3,,,,,,,
Metallic Coated,PANTONE 10389 C,,52.94117647058824,-2,-4,,,,,,,
Metallic Coated,PANTONE 10390 C,,47.05882352941176,-2,-4,,,,,,,
Metallic Coated,PANTONE 10391 C,,40.3921568627451,-2,-4,,,,,,,
Metallic Coated,PANTONE 10392 C,,34.90196078431372,-2,-4,,,,,,,
Metallic Coated,PANTONE 10393 C,,29.411764705882355,-2,-4,,,,,,,
Metallic Coated,PANTONE 10394 C,,51.76470588235295,0,1,,,,,,,
Metallic Coated,PANTONE 10395 C,,45.490196078431374,0,2,,,,,,,
Metallic Coated,PANTONE 10396 C,,38.82352941176471,0,2,,,,,,,
Metallic Coated,PANTONE 10397 C,,32.94117647058823,0,2,,,,,,,
Metallic Coated,PANTONE 10398 C,,27.058823529411764,0,2,,,,,,,
Metallic Coated,PANTONE 10399 C,,21.568627450980394,0,1,,,,,,,
Metallic Coated,PANTONE 871 C,,50.588235294117645,3,26,,,,,,,
Metallic Coated,PANTONE 872 C,,49.80392156862745,5,25,,,,,,,
Metallic Coated,PANTONE 873 C,,49.411764705882355,7,24,,,,,,,
Metallic Coated,PANTONE 874 C,,47.84313725490196,8,22,,,,,,,
Metallic Coated,PANTONE 875 C,,47.84313725490196,11,19,,,,,,,
Metallic Coated,PANTONE 876 C,,47.05882352941176,15,21,,,,,,,
Metallic Coated,PANTONE 877 C,,59.6078431372549,-1,-2,,,,,,,
Metallic Coated,PANTONE 8001 C,,57.647058823529406,0,1,,,,,,,
Metallic Coated,PANTONE 8002 C,,55.68627450980392,1,5,,,,,,,
Metallic Coated,PANTONE 8003 C,,54.11764705882353,2,7,,,,,,,
Metallic Coated,PANTONE 8004 C,,52.156862745098046,4,11,,,,,,,
Metallic Coated,PANTONE 8005 C,,49.411764705882355,6,16,,,,,,,
Metallic Coated,PANTONE 8006 C,,49.411764705882355,7,18,,,,,,,
Metallic Coated,PANTONE 8020 C,,58.03921568627452,5,10,,,,,,,
Metallic Coated,PANTONE 8021 C,,56.470588235294116,10,14,,,,,,,
Metallic Coated,PANTONE 8022 C,,53.72549019607843,19,25,,,,,,,
Metallic Coated,PANTONE 8023 C,,50.19607843137255,26,32,,,,,,,
Metallic Coated,PANTONE 8024 C,,48.627450980392155,32,41,,,,,,,
Metallic Coated,PANTONE 8025 C,,45.88235294117647,35,43,,,,,,,
Metallic Coated,PANTONE 8040 C,,60.0,1,2,,,,,,,
Metallic Coated,PANTONE 8041 C,,56.86274509803921,8,8,,,,,,,
Metallic Coated,PANTONE 8042 C,,54.90196078431373,13,11,,,,,,,
Metallic Coated,PANTONE 8043 C,,52.54901960784314,21,18,,,,,,,
Metallic Coated,PANTONE 8044 C,,48.627450980392155,28,26,,,,,,,
Metallic Coated,PANTONE 8045 C,,46.27450980392157,30,29,,,,,,,
Metallic Coated,PANTONE 8060 C,,57.647058823529406,8,-1,,,,,,,
Metallic Coated,PANTONE 8061 C,,54.509803921568626,15,0,,,,,,,
Metallic Coated,PANTONE 8062 C,,51.76470588235295,22,2,,,,,,,
Metallic Coated,PANTONE 8063 C,,49.01960784313725,30,6,,,,,,,
Metallic Coated,PANTONE 8064 C,,47.45098039215686,30,10,,,,,,,
Metallic Coated,PANTONE 8065 C,,45.09803921568628,32,14,,,,,,,
Metallic Coated,PANTONE 8080 C,,58.43137254901961,6,-5,,,,,,,
Metallic Coated,PANTONE 8081 C,,52.54901960784314,20,-10,,,,,,,
Metallic Coated,PANTONE 8082 C,,49.411764705882355,28,-12,,,,,,,
Metallic Coated,PANTONE 8083 C,,45.88235294117647,39,-14,,,,,,,
Metallic Coated,PANTONE 8084 C,,42.35294117647059,48,-8,,,,,,,
Metallic Coated,PANTONE 8085 C,,39.6078431372549,51,-2,,,,,,,
Metallic Coated,PANTONE 8100 C,,55.294117647058826,11,-10,,,,,,,
Metallic Coated,PANTONE 8101 C,,50.98039215686274,20,-15,,,,,,,
Metallic Coated,PANTONE 8102 C,,47.45098039215686,27,-18,,,,,,,
Metallic Coated,PANTONE 8103 C,,43.13725490196079,37,-22,,,,,,,
Metallic Coated,PANTONE 8104 C,,40.0,45,-18,,,,,,,
Metallic Coated,PANTONE 8105 C,,36.07843137254902,47,-12,,,,,,,
Metallic Coated,PANTONE 8120 C,,57.647058823529406,5,-8,,,,,,,
Metallic Coated,PANTONE 8121 C,,54.509803921568626,10,-12,,,,,,,
Metallic Coated,PANTONE 8122 C,,49.411764705882355,18,-17,,,,,,,
Metallic Coated,PANTONE 8123 C,,45.490196078431374,28,-24,,,,,,,
Metallic Coated,PANTONE 8124 C,,41.96078431372549,34,-19,,,,,,,
Metallic Coated,PANTONE 8125 C,,39.21568627450981,34,-15,,,,,,,
Metallic Coated,PANTONE 8140 C,,53.72549019607843,8,-13,,,,,,,
Metallic Coated,PANTONE 8141 C,,49.80392156862745,12,-19,,,,,,,
Metallic Coated,PANTONE 8142 C,,44.70588235294118,19,-27,,,,,,,
Metallic Coated,PANTONE 8143 C,,39.6078431372549,25,-33,,,,,,,
Metallic Coated,PANTONE 8144 C,,39.6078431372549,23,-23,,,,,,,
Metallic Coated,PANTONE 8145 C,,36.07843137254902,24,-20,,,,,,,
Metallic Coated,PANTONE 8160 C,,58.03921568627452,1,-8,,,,,,,
Metallic Coated,PANTONE 8161 C,,53.72549019607843,4,-14,,,,,,,
Metallic Coated,PANTONE 8162 C,,44.31372549019608,11,-29,,,,,,,
Metallic Coated,PANTONE 8163 C,,39.21568627450981,17,-38,,,,,,,
Metallic Coated,PANTONE 8164 C,,36.07843137254902,19,-37,,,,,,,
Metallic Coated,PANTONE 8165 C,,32.549019607843135,21,-37,,,,,,,
Metallic Coated,PANTONE 8180 C,,59.21568627450981,-3,-7,,,,,,,
Metallic Coated,PANTONE 8181 C,,52.156862745098046,-3,-19,,,,,,,
Metallic Coated,PANTONE 8182 C,,46.666666666666664,-2,-29,,,,,,,
Metallic Coated,PANTONE 8183 C,,41.17647058823529,0,-39,,,,,,,
Metallic Coated,PANTONE 8184 C,,35.68627450980392,0,-39,,,,,,,
Metallic Coated,PANTONE 8185 C,,32.15686274509804,0,-36,,,,,,,
Metallic Coated,PANTONE 8200 C,,57.647058823529406,-7,-10,,,,,,,
Metallic Coated,PANTONE 8201 C,,54.509803921568626,-9,-15,,,,,,,
Metallic Coated,PANTONE 8202 C,,51.37254901960784,-12,-22,,,,,,,
Metallic Coated,PANTONE 8203 C,,47.05882352941176,-15,-30,,,,,,,
Metallic Coated,PANTONE 8204 C,,45.88235294117647,-15,-21,,,,,,,
Metallic Coated,PANTONE 8205 C,,43.13725490196079,-15,-18,,,,,,,
Metallic Coated,PANTONE 8220 C,,57.25490196078431,-8,-10,,,,,,,
Metallic Coated,PANTONE 8221 C,,55.294117647058826,-12,-15,,,,,,,
Metallic Coated,PANTONE 8222 C,,53.333333333333336,-17,-21,,,,,,,
Metallic Coated,PANTONE 8223 C,,49.80392156862745,-21,-26,,,,,,,
Metallic Coated,PANTONE 8224 C,,44.31372549019608,-25,-23,,,,,,,
Metallic Coated,PANTONE 8225 C,,40.78431372549019,-24,-20,,,,,,,
Metallic Coated,PANTONE 8240 C,,59.6078431372549,-5,-5,,,,,,,
Metallic Coated,PANTONE 8241 C,,55.68627450980392,-13,-11,,,,,,,
Metallic Coated,PANTONE 8242 C,,54.11764705882353,-19,-15,,,,,,,
Metallic Coated,PANTONE 8243 C,,51.37254901960784,-24,-19,,,,,,,
Metallic Coated,PANTONE 8244 C,,48.627450980392155,-22,-11,,,,,,,
Metallic Coated,PANTONE 8245 C,,46.27450980392157,-23,-9,,,,,,,
Metallic Coated,PANTONE 8260 C,,57.647058823529406,-9,-5,,,,,,,
Metallic Coated,PANTONE 8261 C,,56.07843137254902,-13,-7,,,,,,,
Metallic Coated,PANTONE 8262 C,,52.94117647058824,-19,-9,,,,,,,
Metallic Coated,PANTONE 8263 C,,49.80392156862745,-26,-10,,,,,,,
Metallic Coated,PANTONE 8264 C,,45.490196078431374,-27,-6,,,,,,,
Metallic Coated,PANTONE 8265 C,,40.78431372549019,-28,-3,,,,,,,
Metallic Coated,PANTONE 8280 C,,60.0,-9,-3,,,,,,,
Metallic Coated,PANTONE 8281 C,,58.43137254901961,-15,-4,,,,,,,
Metallic Coated,PANTONE 8282 C,,57.25490196078431,-21,-4,,,,,,,
Metallic Coated,PANTONE 8283 C,,56.470588235294116,-30,-5,,,,,,,
Metallic Coated,PANTONE 8284 C,,54.11764705882353,-24,1,,,,,,,
Metallic Coated,PANTONE 8285 C,,52.54901960784314,-27,5,,,,,,,
Metallic Coated,PANTONE 8300 C,,60.0,-9,2,,,,,,,
Metallic Coated,PANTONE 8301 C,,58.82352941176471,-15,5,,,,,,,
Metallic Coated,PANTONE 8302 C,,58.03921568627452,-22,8,,,,,,,
Metallic Coated,PANTONE 8303 C,,56.470588235294116,-30,12,,,,,,,
Metallic Coated,PANTONE 8304 C,,54.11764705882353,-24,15,,,,,,,
Metallic Coated,PANTONE 8305 C,,51.37254901960784,-24,18,,,,,,,
Metallic Coated,PANTONE 8320 C,,60.78431372549019,-5,3,,,,,,,
Metallic Coated,PANTONE 8321 C,,59.6078431372549,-13,13,,,,,,,
Metallic Coated,PANTONE 8322 C,,59.21568627450981,-18,19,,,,,,,
Metallic Coated,PANTONE 8323 C,,58.43137254901961,-26,27,,,,,,,
Metallic Coated,PANTONE 8324 C,,58.03921568627452,-20,28,,,,,,,
Metallic Coated,PANTONE 8325 C,,54.509803921568626,-19,31,,,,,,,
Metallic Coated,PANTONE 8340 C,,60.78431372549019,-6,12,,,,,,,
Metallic Coated,PANTONE 8341 C,,60.78431372549019,-9,19,,,,,,,
Metallic Coated,PANTONE 8342 C,,61.568627450980394,-13,28,,,,,,,
Metallic Coated,PANTONE 8343 C,,60.78431372549019,-17,37,,,,,,,
Metallic Coated,PANTONE 8344 C,,58.82352941176471,-17,46,,,,,,,
Metallic Coated,PANTONE 8345 C,,56.470588235294116,-15,50,,,,,,,
Metallic Coated,PANTONE 8360 C,,61.1764705882353,-5,15,,,,,,,
Metallic Coated,PANTONE 8361 C,,61.568627450980394,-6,24,,,,,,,
Metallic Coated,PANTONE 8362 C,,62.35294117647059,-6,34,,,,,,,
Metallic Coated,PANTONE 8363 C,,63.52941176470588,-6,47,,,,,,,
Metallic Coated,PANTONE 8364 C,,60.78431372549019,-2,44,,,,,,,
Metallic Coated,PANTONE 8365 C,,59.6078431372549,0,48,,,,,,,
Metallic Coated,PANTONE 8380 C,,60.3921568627451,-2,6,,,,,,,
Metallic Coated,PANTONE 8381 C,,60.3921568627451,-1,14,,,,,,,
Metallic Coated,PANTONE 8382 C,,60.0,0,22,,,,,,,
Metallic Coated,PANTONE 8383 C,,59.6078431372549,3,29,,,,,,,
Metallic Coated,PANTONE 8384 C,,57.25490196078431,8,41,,,,,,,
Metallic Coated,PANTONE 8385 C,,55.68627450980392,10,45,,,,,,,
Metallic Coated,PANTONE 8400 C,,56.07843137254902,-1,-1,,,,,,,
Metallic Coated,PANTONE 8401 C,,52.94117647058824,0,0,,,,,,,
Metallic Coated,PANTONE 8402 C,,46.27450980392157,0,0,,,,,,,
Metallic Coated,PANTONE 8403 C,,40.0,0,1,,,,,,,
Metallic Coated,PANTONE 8404 C,,33.33333333333333,1,4,,,,,,,
Metallic Coated,PANTONE 8405 C,,29.411764705882355,2,5,,,,,,,
Metallic Coated,PANTONE 8420 C,,58.82352941176471,1,0,,,,,,,
Metallic Coated,PANTONE 8421 C,,53.333333333333336,0,0,,,,,,,
Metallic Coated,PANTONE 8422 C,,47.84313725490196,1,0,,,,,,,
Metallic Coated,PANTONE 8423 C,,41.17647058823529,3,1,,,,,,,
Metallic Coated,PANTONE 8424 C,,36.86274509803922,5,5,,,,,,,
Metallic Coated,PANTONE 8425 C,,34.11764705882353,6,6,,,,,,,
Metallic Coated,PANTONE 8440 C,,56.86274509803921,8,2,,,,,,,
Metallic Coated,PANTONE 8441 C,,55.294117647058826,15,6,,,,,,,
Metallic Coated,PANTONE 8442 C,,52.54901960784314,22,9,,,,,,,
Metallic Coated,PANTONE 8443 C,,49.80392156862745,31,15,,,,,,,
Metallic Coated,PANTONE 8444 C,,47.45098039215686,38,23,,,,,,,
Metallic Coated,PANTONE 8445 C,,45.09803921568628,40,27,,,,,,,
Metallic Coated,PANTONE 8460 C,,58.03921568627452,2,-3,,,,,,,
Metallic Coated,PANTONE 8461 C,,52.94117647058824,6,-4,,,,,,,
Metallic Coated,PANTONE 8462 C,,49.411764705882355,8,-4,,,,,,,
Metallic Coated,PANTONE 8463 C,,44.31372549019608,11,-5,,,,,,,
Metallic Coated,PANTONE 8464 C,,37.64705882352941,18,-2,,,,,,,
Metallic Coated,PANTONE 8465 C,,35.68627450980392,19,1,,,,,,,
Metallic Coated,PANTONE 8480 C,,40.0,-9,-16,,,,,,,
Metallic Coated,PANTONE 8481 C,,39.6078431372549,-2,-16,,,,,,,
Metallic Coated,PANTONE 8482 C,,34.11764705882353,-8,-20,,,,,,,
Metallic Coated,PANTONE 8483 C,,26.666666666666668,-6,-27,,,,,,,
Metallic Coated,PANTONE 8484 C,,32.94117647058823,-7,-30,,,,,,,
Metallic Coated,PANTONE 8485 C,,37.254901960784316,-7,-32,,,,,,,
Metallic Coated,PANTONE 8500 C,,52.54901960784314,-7,-1,,,,,,,
Metallic Coated,PANTONE 8501 C,,47.05882352941176,-14,3,,,,,,,
Metallic Coated,PANTONE 8502 C,,38.82352941176471,-11,-8,,,,,,,
Metallic Coated,PANTONE 8503 C,,23.92156862745098,-6,-7,,,,,,,
Metallic Coated,PANTONE 8504 C,,30.980392156862745,-8,-14,,,,,,,
Metallic Coated,PANTONE 8505 C,,34.11764705882353,-8,-14,,,,,,,
Metallic Coated,PANTONE 8520 C,,49.01960784313725,-3,14,,,,,,,
Metallic Coated,PANTONE 8521 C,,34.509803921568626,-4,9,,,,,,,
Metallic Coated,PANTONE 8522 C,,29.411764705882355,-7,4,,,,,,,
Metallic Coated,PANTONE 8523 C,,23.52941176470588,-7,2,,,,,,,
Metallic Coated,PANTONE 8524 C,,29.01960784313726,-10,-3,,,,,,,
Metallic Coated,PANTONE 8525 C,,32.15686274509804,-10,-5,,,,,,,
Metallic Coated,PANTONE 8540 C,,39.21568627450981,27,9,,,,,,,
Metallic Coated,PANTONE 8541 C,,33.33333333333333,21,5,,,,,,,
Metallic Coated,PANTONE 8542 C,,26.666666666666668,25,6,,,,,,,
Metallic Coated,PANTONE 8543 C,,26.27450980392157,22,-3,,,,,,,
Metallic Coated,PANTONE 8544 C,,29.80392156862745,22,-7,,,,,,,
Metallic Coated,PANTONE 8545 C,,30.58823529411765,20,-8,,,,,,,
Metallic Coated,PANTONE 8560 C,,37.254901960784316,19,18,,,,,,,
Metallic Coated,PANTONE 8561 C,,34.90196078431372,23,11,,,,,,,
Metallic Coated,PANTONE 8562 C,,32.15686274509804,25,7,,,,,,,
Metallic Coated,PANTONE 8563 C,,34.11764705882353,20,12,,,,,,,
Metallic Coated,PANTONE 8564 C,,37.254901960784316,19,8,,,,,,,
Metallic Coated,PANTONE 8565 C,,37.64705882352941,17,6,,,,,,,
Metallic Coated,PANTONE 8580 C,,49.01960784313725,13,34,,,,,,,
Metallic Coated,PANTONE 8581 C,,41.96078431372549,14,30,,,,,,,
Metallic Coated,PANTONE 8582 C,,39.21568627450981,15,30,,,,,,,
Metallic Coated,PANTONE 8583 C,,32.94117647058823,16,30,,,,,,,
Metallic Coated,PANTONE 8584 C,,34.11764705882353,14,26,,,,,,,
Metallic Coated,PANTONE 8585 C,,36.86274509803922,12,24,,,,,,,
Metallic Coated,PANTONE 8600 C,,36.86274509803922,2,2,,,,,,,
Metallic Coated,PANTONE 8601 C,,29.411764705882355,3,2,,,,,,,
Metallic Coated,PANTONE 8602 C,,24.705882352941178,2,-3,,,,,,,
Metallic Coated,PANTONE 8603 C,,20.0,1,-7,,,,,,,
Metallic Coated,PANTONE 8604 C,,23.92156862745098,0,-11,,,,,,,
Metallic Coated,PANTONE 8605 C,,27.84313725490196,-1,-12,,,,,,,
Metallic Coated,PANTONE 8620 C,,41.17647058823529,8,20,,,,,,,
Metallic Coated,PANTONE 8621 C,,34.11764705882353,7,15,,,,,,,
Metallic Coated,PANTONE 8622 C,,29.411764705882355,5,12,,,,,,,
Metallic Coated,PANTONE 8623 C,,25.098039215686274,3,6,,,,,,,
Metallic Coated,PANTONE 8624 C,,25.882352941176475,2,4,,,,,,,
Metallic Coated,PANTONE 8625 C,,27.450980392156865,1,3,,,,,,,
Metallic Coated,PANTONE 8640 C,,54.11764705882353,7,45,,,,,,,
Metallic Coated,PANTONE 8641 C,,58.03921568627452,6,54,,,,,,,
Metallic Coated,PANTONE 8642 C,,59.6078431372549,6,61,,,,,,,
Metallic Coated,PANTONE 8643 C,,59.21568627450981,6,65,,,,,,,
Metallic Coated,PANTONE 8644 C,,61.1764705882353,1,61,,,,,,,
Metallic Coated,PANTONE 8645 C,,61.568627450980394,-2,54,,,,,,,
Metallic Coated,PANTONE 8660 C,,51.37254901960784,3,40,,,,,,,
Metallic Coated,PANTONE 8661 C,,51.76470588235295,-3,50,,,,,,,
Metallic Coated,PANTONE 8662 C,,52.94117647058824,-7,51,,,,,,,
Metallic Coated,PANTONE 8663 C,,53.333333333333336,-13,55,,,,,,,
Metallic Coated,PANTONE 8664 C,,57.25490196078431,-15,50,,,,,,,
Metallic Coated,PANTONE 8665 C,,58.03921568627452,-16,45,,,,,,,
Metallic Coated,PANTONE 8680 C,,47.84313725490196,-2,30,,,,,,,
Metallic Coated,PANTONE 8681 C,,50.19607843137255,-10,38,,,,,,,
Metallic Coated,PANTONE 8682 C,,49.80392156862745,-18,41,,,,,,,
Metallic Coated,PANTONE 8683 C,,51.76470588235295,-28,44,,,,,,,
Metallic Coated,PANTONE 8684 C,,51.76470588235295,-27,39,,,,,,,
Metallic Coated,PANTONE 8685 C,,53.72549019607843,-27,34,,,,,,,
Metallic Coated,PANTONE 8700 C,,47.45098039215686,-7,21,,,,,,,
Metallic Coated,PANTONE 8701 C,,47.84313725490196,-14,27,,,,,,,
Metallic Coated,PANTONE 8702 C,,47.84313725490196,-23,28,,,,,,,
Metallic Coated,PANTONE 8703 C,,47.84313725490196,-33,29,,,,,,,
Metallic Coated,PANTONE 8704 C,,50.98039215686274,-33,23,,,,,,,
Metallic Coated,PANTONE 8705 C,,52.54901960784314,-32,19,,,,,,,
Metallic Coated,PANTONE 8720 C,,43.13725490196079,-17,9,,,,,,,
Metallic Coated,PANTONE 8721 C,,45.490196078431374,-18,13,,,,,,,
Metallic Coated,PANTONE 8722 C,,43.529411764705884,-26,8,,,,,,,
Metallic Coated,PANTONE 8723 C,,46.666666666666664,-36,9,,,,,,,
Metallic Coated,PANTONE 8724 C,,50.19607843137255,-35,4,,,,,,,
Metallic Coated,PANTONE 8725 C,,51.76470588235295,-33,1,,,,,,,
Metallic Coated,PANTONE 8740 C,,40.78431372549019,-15,0,,,,,,,
Metallic Coated,PANTONE 8741 C,,38.82352941176471,-24,3,,,,,,,
Metallic Coated,PANTONE 8742 C,,40.0,-24,-1,,,,,,,
Metallic Coated,PANTONE 8743 C,,38.43137254901961,-31,-9,,,,,,,
Metallic Coated,PANTONE 8744 C,,41.96078431372549,-29,-13,,,,,,,
Metallic Coated,PANTONE 8745 C,,44.70588235294118,-27,-15,,,,,,,
Metallic Coated,PANTONE 8760 C,,37.254901960784316,-21,-7,,,,,,,
Metallic Coated,PANTONE 8761 C,,34.90196078431372,-26,-15,,,,,,,
Metallic Coated,PANTONE 8762 C,,34.90196078431372,-15,-12,,,,,,,
Metallic Coated,PANTONE 8763 C,,31.76470588235294,-17,-22,,,,,,,
Metallic Coated,PANTONE 8764 C,,36.07843137254902,-16,-25,,,,,,,
Metallic Coated,PANTONE 8765 C,,39.6078431372549,-15,-26,,,,,,,
Metallic Coated,PANTONE 8780 C,,26.27450980392157,10,-22,,,,,,,
Metallic Coated,PANTONE 8781 C,,28.235294117647058,2,-18,,,,,,,
Metallic Coated,PANTONE 8782 C,,24.313725490196077,13,-37,,,,,,,
Metallic Coated,PANTONE 8783 C,,22.745098039215687,6,-36,,,,,,,
Metallic Coated,PANTONE 8784 C,,28.235294117647058,4,-37,,,,,,,
Metallic Coated,PANTONE 8785 C,,32.15686274509804,4,-37,,,,,,,
Metallic Coated,PANTONE 8800 C,,27.84313725490196,20,-15,,,,,,,
Metallic Coated,PANTONE 8801 C,,27.84313725490196,19,-19,,,,,,,
Metallic Coated,PANTONE 8802 C,,23.137254901960784,22,-29,,,,,,,
Metallic Coated,PANTONE 8803 C,,23.92156862745098,24,-25,,,,,,,
Metallic Coated,PANTONE 8804 C,,27.450980392156865,22,-28,,,,,,,
Metallic Coated,PANTONE 8805 C,,31.372549019607842,20,-30,,,,,,,
Metallic Coated,PANTONE 8820 C,,37.254901960784316,35,-3,,,,,,,
Metallic Coated,PANTONE 8821 C,,33.72549019607843,41,-8,,,,,,,
Metallic Coated,PANTONE 8822 C,,31.372549019607842,31,-18,,,,,,,
Metallic Coated,PANTONE 8823 C,,26.666666666666668,35,-25,,,,,,,
Metallic Coated,PANTONE 8824 C,,30.58823529411765,31,-28,,,,,,,
Metallic Coated,PANTONE 8825 C,,31.76470588235294,31,-32,,,,,,,
Metallic Coated,PANTONE 8840 C,,38.03921568627451,38,3,,,,,,,
Metallic Coated,PANTONE 8841 C,,35.294117647058826,44,0,,,,,,,
Metallic Coated,PANTONE 8842 C,,32.94117647058823,50,-5,,,,,,,
Metallic Coated,PANTONE 8843 C,,30.980392156862745,49,-14,,,,,,,
Metallic Coated,PANTONE 8844 C,,32.94117647058823,45,-19,,,,,,,
Metallic Coated,PANTONE 8845 C,,35.294117647058826,38,-21,,,,,,,
Metallic Coated,PANTONE 8860 C,,40.78431372549019,36,19,,,,,,,
Metallic Coated,PANTONE 8861 C,,38.43137254901961,39,13,,,,,,,
Metallic Coated,PANTONE 8862 C,,36.86274509803922,47,11,,,,,,,
Metallic Coated,PANTONE 8863 C,,34.509803921568626,52,13,,,,,,,
Metallic Coated,PANTONE 8864 C,,36.07843137254902,48,4,,,,,,,
Metallic Coated,PANTONE 8865 C,,37.64705882352941,42,-2,,,,,,,
Metallic Coated,PANTONE 8880 C,,42.35294117647059,31,16,,,,,,,
Metallic Coated,PANTONE 8881 C,,41.17647058823529,40,11,,,,,,,
Metallic Coated,PANTONE 8882 C,,41.17647058823529,49,6,,,,,,,
Metallic Coated,PANTONE 8883 C,,41.17647058823529,50,22,,,,,,,
Metallic Coated,PANTONE 8884 C,,41.568627450980394,45,16,,,,,,,
Metallic Coated,PANTONE 8885 C,,42.745098039215684,41,11,,,,,,,
Metallic Coated,PANTONE 8900 C,,45.09803921568628,34,31,,,,,,,
Metallic Coated,PANTONE 8901 C,,47.84313725490196,42,33,,,,,,,
Metallic Coated,PANTONE 8902 C,,48.627450980392155,43,23,,,,,,,
Metallic Coated,PANTONE 8903 C,,47.84313725490196,50,26,,,,,,,
Metallic Coated,PANTONE 8904 C,,49.01960784313725,46,19,,,,,,,
Metallic Coated,PANTONE 8905 C,,48.627450980392155,42,15,,,,,,,
Metallic Coated,PANTONE 8920 C,,47.45098039215686,27,28,,,,,,,
Metallic Coated,PANTONE 8921 C,,47.84313725490196,39,43,,,,,,,
Metallic Coated,PANTONE 8922 C,,47.84313725490196,41,55,,,,,,,
Metallic Coated,PANTONE 8923 C,,47.05882352941176,45,48,,,,,,,
Metallic Coated,PANTONE 8924 C,,47.45098039215686,41,41,,,,,,,
Metallic Coated,PANTONE 8925 C,,47.84313725490196,37,35,,,,,,,
Metallic Coated,PANTONE 8940 C,,48.627450980392155,22,43,,,,,,,
Metallic Coated,PANTONE 8941 C,,49.01960784313725,27,49,,,,,,,
Metallic Coated,PANTONE 8942 C,,48.23529411764706,32,55,,,,,,,
Metallic Coated,PANTONE 8943 C,,50.588235294117645,38,61,,,,,,,
Metallic Coated,PANTONE 8944 C,,50.98039215686274,34,54,,,,,,,
Metallic Coated,PANTONE 8945 C,,50.19607843137255,29,44,,,,,,,
Metallic Coated,PANTONE 8960 C,,50.98039215686274,13,43,,,,,,,
Metallic Coated,PANTONE 8961 C,,50.19607843137255,21,49,,,,,,,
Metallic Coated,PANTONE 8962 C,,52.156862745098046,22,61,,,,,,,
Metallic Coated,PANTONE 8963 C,,51.37254901960784,30,60,,,,,,,
Metallic Coated,PANTONE 8964 C,,50.98039215686274,25,51,,,,,,,
Metallic Coated,PANTONE 8965 C,,51.76470588235295,20,44,,,,,,,
Solid Coated,PANTONE Yellow 012 C,,87.45098039215686,2,109,,,,,,,
Solid Coated,PANTONE Bright Red C,,57.25490196078431,72,61,,,,,,,
Solid Coated,PANTONE Pink C,,50.98039215686274,72,-16,,,,,,,
Solid Coated,PANTONE Medium Purple C,,20.784313725490197,50,-60,,,,,,,
Solid Coated,PANTONE Dark Blue C,,20.784313725490197,29,-69,,,,,,,
Solid Coated,PANTONE 100 C,,91.76470588235294,-8,65,,,,,,,
Solid Coated,PANTONE 101 C,,91.37254901960785,-8,75,,,,,,,
Solid Coated,PANTONE 102 C,,90.19607843137256,-5,106,,,,,,,
Solid Coated,PANTONE Yellow C,,88.62745098039215,-2,110,,,,,,,
Solid Coated,PANTONE 103 C,,69.80392156862744,0,83,,,,,,,
Solid Coated,PANTONE 104 C,,63.52941176470588,-1,70,,,,,,,
Solid Coated,PANTONE 105 C,,51.37254901960784,-1,45,,,,,,,
Solid Coated,PANTONE 7401 C,,90.19607843137256,1,32,,,,,,,
Solid Coated,PANTONE 7402 C,,86.66666666666667,1,34,,,,,,,
Solid Coated,PANTONE 7403 C,,85.88235294117646,2,43,,,,,,,
Solid Coated,PANTONE 7404 C,,87.45098039215686,-1,73,,,,,,,
Solid Coated,PANTONE 7405 C,,83.52941176470588,2,89,,,,,,,
Solid Coated,PANTONE 7406 C,,81.17647058823529,6,88,,,,,,,
Solid Coated,PANTONE 7407 C,,68.62745098039215,11,46,,,,,,,
Solid Coated,PANTONE 2001 C,,90.98039215686275,-1,38,,,,,,,
Solid Coated,PANTONE 2002 C,,90.19607843137256,-1,51,,,,,,,
Solid Coated,PANTONE 2003 C,,90.19607843137256,-2,61,,,,,,,
Solid Coated,PANTONE 2004 C,,89.01960784313725,2,51,,,,,,,
Solid Coated,PANTONE 2005 C,,88.23529411764706,6,47,,,,,,,
Solid Coated,PANTONE 2006 C,,79.2156862745098,9,60,,,,,,,
Solid Coated,PANTONE 2007 C,,72.15686274509804,15,68,,,,,,,
Solid Coated,PANTONE 106 C,,90.58823529411765,-5,74,,,,,,,
Solid Coated,PANTONE 107 C,,89.80392156862746,-3,84,,,,,,,
Solid Coated,PANTONE 108 C,,88.23529411764706,0,94,,,,,,,
Solid Coated,PANTONE 109 C,,86.27450980392157,5,98,,,,,,,
Solid Coated,PANTONE 110 C,,72.54901960784314,9,88,,,,,,,
Solid Coated,PANTONE 111 C,,59.21568627450981,4,68,,,,,,,
Solid Coated,PANTONE 112 C,,56.07843137254902,2,57,,,,,,,
Solid Coated,PANTONE 113 C,,89.41176470588236,-2,69,,,,,,,
Solid Coated,PANTONE 114 C,,89.01960784313725,-1,75,,,,,,,
Solid Coated,PANTONE 115 C,,87.84313725490196,1,82,,,,,,,
Solid Coated,PANTONE 116 C,,85.09803921568627,8,89,,,,,,,
Solid Coated,PANTONE 117 C,,65.88235294117646,11,78,,,,,,,
Solid Coated,PANTONE 118 C,,58.03921568627452,8,66,,,,,,,
Solid Coated,PANTONE 119 C,,49.411764705882355,2,45,,,,,,,
Solid Coated,PANTONE 127 C,,88.23529411764706,-1,56,,,,,,,
Solid Coated,PANTONE 128 C,,85.88235294117646,1,67,,,,,,,
Solid Coated,PANTONE 129 C,,84.70588235294117,3,71,,,,,,,
Solid Coated,PANTONE 130 C,,75.29411764705883,22,82,,,,,,,
Solid Coated,PANTONE 131 C,,63.13725490196078,20,73,,,,,,,
Solid Coated,PANTONE 132 C,,52.54901960784314,12,59,,,,,,,
Solid Coated,PANTONE 133 C,,38.43137254901961,4,36,,,,,,,
Solid Coated,PANTONE 4001 C,,87.05882352941177,-1,32,,,,,,,
Solid Coated,PANTONE 4002 C,,80.3921568627451,1,37,,,,,,,
Solid Coated,PANTONE 4003 C,,80.7843137254902,-1,26,,,,,,,
Solid Coated,PANTONE 4004 C,,74.90196078431373,0,34,,,,,,,
Solid Coated,PANTONE 4005 C,,71.37254901960785,2,28,,,,,,,
Solid Coated,PANTONE 4006 C,,68.23529411764706,4,29,,,,,,,
Solid Coated,PANTONE 4007 C,,63.13725490196078,4,31,,,,,,,
Solid Coated,PANTONE 1205 C,,89.80392156862746,1,43,,,,,,,
Solid Coated,PANTONE 1215 C,,87.84313725490196,4,54,,,,,,,
Solid Coated,PANTONE 1225 C,,84.31372549019608,12,69,,,,,,,
Solid Coated,PANTONE 1235 C,,80.3921568627451,20,79,,,,,,,
Solid Coated,PANTONE 1245 C,,64.70588235294117,13,65,,,,,,,
Solid Coated,PANTONE 1255 C,,58.03921568627452,9,56,,,,,,,
Solid Coated,PANTONE 1265 C,,47.45098039215686,6,42,,,,,,,
Solid Coated,PANTONE 120 C,,88.23529411764706,2,61,,,,,,,
Solid Coated,PANTONE 121 C,,87.45098039215686,4,66,,,,,,,
Solid Coated,PANTONE 122 C,,86.27450980392157,7,73,,,,,,,
Solid Coated,PANTONE 123 C,,83.92156862745098,12,77,,,,,,,
Solid Coated,PANTONE 124 C,,74.50980392156863,16,80,,,,,,,
Solid Coated,PANTONE 125 C,,59.21568627450981,13,65,,,,,,,
Solid Coated,PANTONE 126 C,,52.156862745098046,8,54,,,,,,,
Solid Coated,PANTONE 7548 C,,83.92156862745098,12,103,,,,,,,
Solid Coated,PANTONE 7549 C,,79.6078431372549,19,94,,,,,,,
Solid Coated,PANTONE 7550 C,,65.09803921568627,18,77,,,,,,,
Solid Coated,PANTONE 7551 C,,57.25490196078431,15,65,,,,,,,
Solid Coated,PANTONE 7552 C,,38.03921568627451,9,36,,,,,,,
Solid Coated,PANTONE 7553 C,,30.980392156862745,6,24,,,,,,,
Solid Coated,PANTONE 7554 C,,26.666666666666668,4,14,,,,,,,
Solid Coated,PANTONE 7555 C,,69.01960784313725,12,69,,,,,,,
Solid Coated,PANTONE 7556 C,,61.1764705882353,10,59,,,,,,,
Solid Coated,PANTONE 7557 C,,54.509803921568626,7,50,,,,,,,
Solid Coated,PANTONE 7558 C,,50.588235294117645,9,45,,,,,,,
Solid Coated,PANTONE 7559 C,,47.84313725490196,10,41,,,,,,,
Solid Coated,PANTONE 7560 C,,43.529411764705884,7,33,,,,,,,
Solid Coated,PANTONE 7561 C,,40.0,2,25,,,,,,,
Solid Coated,PANTONE 134 C,,86.66666666666667,8,54,,,,,,,
Solid Coated,PANTONE 135 C,,83.92156862745098,13,61,,,,,,,
Solid Coated,PANTONE 136 C,,82.35294117647058,17,70,,,,,,,
Solid Coated,PANTONE 137 C,,76.07843137254902,31,81,,,,,,,
Solid Coated,PANTONE 138 C,,62.35294117647059,35,76,,,,,,,
Solid Coated,PANTONE 139 C,,52.54901960784314,22,59,,,,,,,
Solid Coated,PANTONE 140 C,,38.03921568627451,10,36,,,,,,,
Solid Coated,PANTONE 2008 C,,80.7843137254902,12,46,,,,,,,
Solid Coated,PANTONE 2009 C,,78.43137254901961,16,50,,,,,,,
Solid Coated,PANTONE 2010 C,,78.82352941176471,27,99,,,,,,,
Solid Coated,PANTONE 2011 C,,71.37254901960785,28,63,,,,,,,
Solid Coated,PANTONE 2012 C,,70.58823529411765,30,77,,,,,,,
Solid Coated,PANTONE 2013 C,,74.50980392156863,38,95,,,,,,,
Solid Coated,PANTONE 2014 C,,54.90196078431373,25,67,,,,,,,
Solid Coated,PANTONE 1345 C,,86.27450980392157,10,42,,,,,,,
Solid Coated,PANTONE 1355 C,,83.92156862745098,15,51,,,,,,,
Solid Coated,PANTONE 1365 C,,80.0,23,64,,,,,,,
Solid Coated,PANTONE 1375 C,,74.90196078431373,34,75,,,,,,,
Solid Coated,PANTONE 1385 C,,60.78431372549019,33,68,,,,,,,
Solid Coated,PANTONE 1395 C,,46.27450980392157,20,48,,,,,,,
Solid Coated,PANTONE 1405 C,,35.294117647058826,12,32,,,,,,,
Solid Coated,PANTONE 141 C,,82.74509803921568,8,58,,,,,,,
Solid Coated,PANTONE 142 C,,80.3921568627451,12,64,,,,,,,
Solid Coated,PANTONE 143 C,,77.64705882352942,16,69,,,,,,,
Solid Coated,PANTONE 144 C,,67.84313725490196,35,76,,,,,,,
Solid Coated,PANTONE 145 C,,61.1764705882353,28,68,,,,,,,
Solid Coated,PANTONE 146 C,,51.37254901960784,20,54,,,,,,,
Solid Coated,PANTONE 147 C,,40.3921568627451,5,31,,,,,,,
Solid Coated,PANTONE 4008 C,,76.86274509803923,19,74,,,,,,,
Solid Coated,PANTONE 4009 C,,72.54901960784314,28,56,,,,,,,
Solid Coated,PANTONE 4010 C,,60.0,47,66,,,,,,,
Solid Coated,PANTONE 4011 C,,61.568627450980394,42,42,,,,,,,
Solid Coated,PANTONE 4012 C,,62.745098039215684,45,52,,,,,,,
Solid Coated,PANTONE 4013 C,,56.86274509803921,35,54,,,,,,,
Solid Coated,PANTONE 4014 C,,52.94117647058824,32,33,,,,,,,
Solid Coated,PANTONE 3514 C,,78.82352941176471,14,91,,,,,,,
Solid Coated,PANTONE 3596 C,,78.03921568627452,8,29,,,,,,,
Solid Coated,PANTONE 3547 C,,63.921568627450974,14,64,,,,,,,
Solid Coated,PANTONE 3588 C,,72.94117647058823,38,71,,,,,,,
Solid Coated,PANTONE 3564 C,,61.96078431372549,49,94,,,,,,,
Solid Coated,PANTONE 2428 C,,65.49019607843137,29,60,,,,,,,
Solid Coated,PANTONE 2429 C,,52.54901960784314,38,54,,,,,,,
Solid Coated,PANTONE 4015 C,,79.6078431372549,-4,50,,,,,,,
Solid Coated,PANTONE 4016 C,,77.25490196078432,-1,65,,,,,,,
Solid Coated,PANTONE 4017 C,,76.86274509803923,5,64,,,,,,,
Solid Coated,PANTONE 4018 C,,73.72549019607844,3,56,,,,,,,
Solid Coated,PANTONE 4019 C,,69.80392156862744,2,49,,,,,,,
Solid Coated,PANTONE 4020 C,,67.05882352941175,3,73,,,,,,,
Solid Coated,PANTONE 4021 C,,62.35294117647059,4,51,,,,,,,
Solid Coated,PANTONE 7408 C,,80.3921568627451,12,83,,,,,,,
Solid Coated,PANTONE 7409 C,,77.25490196078432,16,73,,,,,,,
Solid Coated,PANTONE 7410 C,,78.43137254901961,26,41,,,,,,,
Solid Coated,PANTONE 7411 C,,73.33333333333333,21,47,,,,,,,
Solid Coated,PANTONE 7412 C,,62.745098039215684,27,54,,,,,,,
Solid Coated,PANTONE 7413 C,,64.70588235294117,32,57,,,,,,,
Solid Coated,PANTONE 7414 C,,55.294117647058826,30,58,,,,,,,
Solid Coated,PANTONE 7562 C,,66.27450980392156,7,36,,,,,,,
Solid Coated,PANTONE 7563 C,,68.62745098039215,16,62,,,,,,,
Solid Coated,PANTONE 7564 C,,65.49019607843137,26,70,,,,,,,
Solid Coated,PANTONE 7565 C,,59.6078431372549,29,58,,,,,,,
Solid Coated,PANTONE 7566 C,,50.588235294117645,28,40,,,,,,,
Solid Coated,PANTONE 7567 C,,41.568627450980394,21,30,,,,,,,
Solid Coated,PANTONE 7568 C,,38.03921568627451,15,23,,,,,,,
Solid Coated,PANTONE 7569 C,,64.31372549019608,26,61,,,,,,,
Solid Coated,PANTONE 7570 C,,62.745098039215684,28,57,,,,,,,
Solid Coated,PANTONE 7571 C,,59.6078431372549,25,52,,,,,,,
Solid Coated,PANTONE 7572 C,,54.90196078431373,24,45,,,,,,,
Solid Coated,PANTONE 7573 C,,49.80392156862745,24,43,,,,,,,
Solid Coated,PANTONE 7574 C,,49.80392156862745,18,36,,,,,,,
Solid Coated,PANTONE 7575 C,,43.13725490196079,13,31,,,,,,,
Solid Coated,PANTONE 4022 C,,74.50980392156863,5,30,,,,,,,
Solid Coated,PANTONE 4023 C,,74.50980392156863,4,43,,,,,,,
Solid Coated,PANTONE 4024 C,,73.33333333333333,9,41,,,,,,,
Solid Coated,PANTONE 4025 C,,70.19607843137254,16,52,,,,,,,
Solid Coated,PANTONE 4026 C,,61.96078431372549,14,48,,,,,,,
Solid Coated,PANTONE 4027 C,,45.88235294117647,13,43,,,,,,,
Solid Coated,PANTONE 4028 C,,43.529411764705884,10,35,,,,,,,
Solid Coated,PANTONE 4029 C,,83.92156862745098,6,23,,,,,,,
Solid Coated,PANTONE 4030 C,,84.31372549019608,11,20,,,,,,,
Solid Coated,PANTONE 4031 C,,83.92156862745098,10,12,,,,,,,
Solid Coated,PANTONE 4032 C,,85.09803921568627,14,12,,,,,,,
Solid Coated,PANTONE 4033 C,,81.56862745098039,20,17,,,,,,,
Solid Coated,PANTONE 4034 C,,66.66666666666666,19,25,,,,,,,
Solid Coated,PANTONE 4035 C,,66.27450980392156,18,25,,,,,,,
Solid Coated,PANTONE 148 C,,85.49019607843137,13,39,,,,,,,
Solid Coated,PANTONE 149 C,,83.52941176470588,17,45,,,,,,,
Solid Coated,PANTONE 150 C,,79.6078431372549,25,56,,,,,,,
Solid Coated,PANTONE 151 C,,69.41176470588235,47,78,,,,,,,
Solid Coated,PANTONE 152 C,,61.96078431372549,43,72,,,,,,,
Solid Coated,PANTONE 153 C,,54.509803921568626,31,58,,,,,,,
Solid Coated,PANTONE 154 C,,45.490196078431374,24,46,,,,,,,
Solid Coated,PANTONE 155 C,,85.49019607843137,7,28,,,,,,,
Solid Coated,PANTONE 156 C,,80.3921568627451,14,39,,,,,,,
Solid Coated,PANTONE 157 C,,72.94117647058823,26,51,,,,,,,
Solid Coated,PANTONE 158 C,,63.52941176470588,43,63,,,,,,,
Solid Coated,PANTONE 159 C,,54.11764705882353,43,58,,,,,,,
Solid Coated,PANTONE 160 C,,45.490196078431374,31,45,,,,,,,
Solid Coated,PANTONE 161 C,,29.80392156862745,14,24,,,,,,,
Solid Coated,PANTONE 1485 C,,79.6078431372549,29,53,,,,,,,
Solid Coated,PANTONE 1495 C,,73.33333333333333,43,75,,,,,,,
Solid Coated,PANTONE 1505 C,,65.88235294117646,58,92,,,,,,,
Solid Coated,PANTONE Orange 021 C,,60.78431372549019,65,85,,,,,,,
Solid Coated,PANTONE 1525 C,,46.666666666666664,45,62,,,,,,,
Solid Coated,PANTONE 1535 C,,39.6078431372549,32,47,,,,,,,
Solid Coated,PANTONE 1545 C,,29.01960784313726,18,28,,,,,,,
Solid Coated,PANTONE 1555 C,,81.56862745098039,24,32,,,,,,,
Solid Coated,PANTONE 1565 C,,76.07843137254902,35,45,,,,,,,
Solid Coated,PANTONE 1575 C,,69.01960784313725,49,64,,,,,,,
Solid Coated,PANTONE 1585 C,,65.09803921568627,57,71,,,,,,,
Solid Coated,PANTONE 1595 C,,56.470588235294116,46,60,,,,,,,
Solid Coated,PANTONE 1605 C,,46.27450980392157,32,44,,,,,,,
Solid Coated,PANTONE 1615 C,,38.82352941176471,27,36,,,,,,,
Solid Coated,PANTONE 712 C,,84.70588235294117,14,30,,,,,,,
Solid Coated,PANTONE 713 C,,81.96078431372548,19,37,,,,,,,
Solid Coated,PANTONE 714 C,,77.25490196078432,26,49,,,,,,,
Solid Coated,PANTONE 715 C,,69.80392156862744,36,65,,,,,,,
Solid Coated,PANTONE 716 C,,63.52941176470588,42,73,,,,,,,
Solid Coated,PANTONE 717 C,,55.294117647058826,45,69,,,,,,,
Solid Coated,PANTONE 718 C,,48.627450980392155,44,61,,,,,,,
Solid Coated,PANTONE 2015 C,,85.88235294117646,11,25,,,,,,,
Solid Coated,PANTONE 2016 C,,81.56862745098039,25,47,,,,,,,
Solid Coated,PANTONE 2017 C,,77.25490196078432,23,45,,,,,,,
Solid Coated,PANTONE 2018 C,,68.23529411764706,54,88,,,,,,,
Solid Coated,PANTONE 2019 C,,58.43137254901961,40,69,,,,,,,
Solid Coated,PANTONE 2020 C,,49.80392156862745,41,62,,,,,,,
Solid Coated,PANTONE 2021 C,,41.96078431372549,34,46,,,,,,,
Solid Coated,PANTONE 2022 C,,77.64705882352942,29,28,,,,,,,
Solid Coated,PANTONE 2023 C,,72.15686274509804,38,37,,,,,,,
Solid Coated,PANTONE 2024 C,,67.05882352941175,48,44,,,,,,,
Solid Coated,PANTONE 2025 C,,72.15686274509804,46,63,,,,,,,
Solid Coated,PANTONE 2026 C,,61.96078431372549,57,53,,,,,,,
Solid Coated,PANTONE 2027 C,,58.43137254901961,61,46,,,,,,,
Solid Coated,PANTONE 2028 C,,53.72549019607843,70,69,,,,,,,
Solid Coated,PANTONE 162 C,,82.74509803921568,22,25,,,,,,,
Solid Coated,PANTONE 163 C,,75.68627450980392,36,42,,,,,,,
Solid Coated,PANTONE 164 C,,69.41176470588235,49,58,,,,,,,
Solid Coated,PANTONE 165 C,,64.70588235294117,58,67,,,,,,,
Solid Coated,PANTONE 166 C,,56.07843137254902,56,66,,,,,,,
Solid Coated,PANTONE 167 C,,49.80392156862745,42,52,,,,,,,
Solid Coated,PANTONE 168 C,,31.76470588235294,25,29,,,,,,,
Solid Coated,PANTONE 7576 C,,64.70588235294117,31,44,,,,,,,
Solid Coated,PANTONE 7577 C,,63.52941176470588,36,52,,,,,,,
Solid Coated,PANTONE 7578 C,,59.21568627450981,43,53,,,,,,,
Solid Coated,PANTONE 7579 C,,55.68627450980392,52,53,,,,,,,
Solid Coated,PANTONE 7580 C,,49.80392156862745,45,42,,,,,,,
Solid Coated,PANTONE 7581 C,,38.82352941176471,25,25,,,,,,,
Solid Coated,PANTONE 7582 C,,33.72549019607843,12,16,,,,,,,
Solid Coated,PANTONE 2430 C,,70.98039215686275,17,29,,,,,,,
Solid Coated,PANTONE 2431 C,,68.23529411764706,25,46,,,,,,,
Solid Coated,PANTONE 2432 C,,66.66666666666666,28,41,,,,,,,
Solid Coated,PANTONE 2433 C,,62.35294117647059,36,41,,,,,,,
Solid Coated,PANTONE 2434 C,,63.13725490196078,41,35,,,,,,,
Solid Coated,PANTONE 2435 C,,56.470588235294116,31,28,,,,,,,
Solid Coated,PANTONE 2436 C,,48.627450980392155,40,33,,,,,,,
Solid Coated,PANTONE 1625 C,,77.25490196078432,35,29,,,,,,,
Solid Coated,PANTONE 1635 C,,72.54901960784314,45,39,,,,,,,
Solid Coated,PANTONE 1645 C,,65.49019607843137,58,58,,,,,,,
Solid Coated,PANTONE 1655 C,,60.0,67,72,,,,,,,
Solid Coated,PANTONE 1665 C,,52.94117647058824,59,64,,,,,,,
Solid Coated,PANTONE 1675 C,,43.13725490196079,42,44,,,,,,,
Solid Coated,PANTONE 1685 C,,34.509803921568626,31,32,,,,,,,
Solid Coated,PANTONE 169 C,,80.7843137254902,29,17,,,,,,,
Solid Coated,PANTONE 170 C,,71.37254901960785,48,34,,,,,,,
Solid Coated,PANTONE 171 C,,63.13725490196078,63,56,,,,,,,
Solid Coated,PANTONE 172 C,,58.82352941176471,68,67,,,,,,,
Solid Coated,PANTONE 173 C,,50.588235294117645,55,52,,,,,,,
Solid Coated,PANTONE 174 C,,37.64705882352941,39,36,,,,,,,
Solid Coated,PANTONE 175 C,,29.411764705882355,24,19,,,,,,,
Solid Coated,PANTONE 7583 C,,53.72549019607843,40,47,,,,,,,
Solid Coated,PANTONE 7584 C,,50.19607843137255,40,47,,,,,,,
Solid Coated,PANTONE 7585 C,,49.411764705882355,35,36,,,,,,,
Solid Coated,PANTONE 7586 C,,44.70588235294118,31,35,,,,,,,
Solid Coated,PANTONE 7587 C,,41.17647058823529,30,31,,,,,,,
Solid Coated,PANTONE 7588 C,,37.64705882352941,19,22,,,,,,,
Solid Coated,PANTONE 7589 C,,32.15686274509804,8,12,,,,,,,
Solid Coated,PANTONE 7590 C,,76.07843137254902,10,15,,,,,,,
Solid Coated,PANTONE 7591 C,,59.21568627450981,26,30,,,,,,,
Solid Coated,PANTONE 7592 C,,47.84313725490196,38,37,,,,,,,
Solid Coated,PANTONE 7593 C,,41.17647058823529,39,33,,,,,,,
Solid Coated,PANTONE 7594 C,,33.72549019607843,30,22,,,,,,,
Solid Coated,PANTONE 7595 C,,31.372549019607842,21,18,,,,,,,
Solid Coated,PANTONE 7596 C,,29.01960784313726,14,13,,,,,,,
Solid Coated,PANTONE 7597 C,,50.588235294117645,58,50,,,,,,,
Solid Coated,PANTONE 7598 C,,47.84313725490196,48,43,,,,,,,
Solid Coated,PANTONE 7599 C,,44.31372549019608,49,42,,,,,,,
Solid Coated,PANTONE 7600 C,,37.64705882352941,33,29,,,,,,,
Solid Coated,PANTONE 7601 C,,36.470588235294116,28,27,,,,,,,
Solid Coated,PANTONE 7602 C,,36.86274509803922,20,24,,,,,,,
Solid Coated,PANTONE 7603 C,,32.15686274509804,15,18,,,,,,,
Solid Coated,PANTONE 7604 C,,86.27450980392157,5,2,,,,,,,
Solid Coated,PANTONE 7605 C,,78.82352941176471,14,8,,,,,,,
Solid Coated,PANTONE 7606 C,,67.45098039215686,27,15,,,,,,,
Solid Coated,PANTONE 7607 C,,56.07843137254902,35,23,,,,,,,
Solid Coated,PANTONE 7608 C,,43.529411764705884,39,26,,,,,,,
Solid Coated,PANTONE 7609 C,,34.90196078431372,33,20,,,,,,,
Solid Coated,PANTONE 7610 C,,29.01960784313726,25,13,,,,,,,
Solid Coated,PANTONE 3544 C,,78.03921568627452,13,14,,,,,,,
Solid Coated,PANTONE 2444 C,,73.33333333333333,20,13,,,,,,,
Solid Coated,PANTONE 3519 C,,74.11764705882354,24,5,,,,,,,
Solid Coated,PANTONE 3572 C,,76.07843137254902,40,15,,,,,,,
Solid Coated,PANTONE 2445 C,,66.27450980392156,35,12,,,,,,,
Solid Coated,PANTONE 2446 C,,63.921568627450974,31,10,,,,,,,
Solid Coated,PANTONE 2447 C,,54.509803921568626,28,8,,,,,,,
Solid Coated,PANTONE 2337 C,,83.13725490196079,20,12,,,,,,,
Solid Coated,PANTONE 2338 C,,72.94117647058823,22,12,,,,,,,
Solid Coated,PANTONE 2339 C,,71.37254901960785,36,17,,,,,,,
Solid Coated,PANTONE 2340 C,,58.82352941176471,40,14,,,,,,,
Solid Coated,PANTONE 2341 C,,54.509803921568626,31,13,,,,,,,
Solid Coated,PANTONE 2342 C,,50.588235294117645,40,13,,,,,,,
Solid Coated,PANTONE 2343 C,,47.45098039215686,36,8,,,,,,,
Solid Coated,PANTONE 4036 C,,67.05882352941175,14,7,,,,,,,
Solid Coated,PANTONE 4037 C,,58.03921568627452,21,14,,,,,,,
Solid Coated,PANTONE 4038 C,,55.294117647058826,25,17,,,,,,,
Solid Coated,PANTONE 4039 C,,52.156862745098046,28,18,,,,,,,
Solid Coated,PANTONE 4040 C,,49.411764705882355,17,11,,,,,,,
Solid Coated,PANTONE 4041 C,,43.529411764705884,15,9,,,,,,,
Solid Coated,PANTONE 4042 C,,42.35294117647059,11,10,,,,,,,
Solid Coated,PANTONE 7611 C,,78.82352941176471,11,10,,,,,,,
Solid Coated,PANTONE 7612 C,,68.23529411764706,18,14,,,,,,,
Solid Coated,PANTONE 7613 C,,62.35294117647059,19,14,,,,,,,
Solid Coated,PANTONE 7614 C,,56.470588235294116,14,11,,,,,,,
Solid Coated,PANTONE 7615 C,,46.666666666666664,12,8,,,,,,,
Solid Coated,PANTONE 7616 C,,35.68627450980392,13,6,,,,,,,
Solid Coated,PANTONE 7617 C,,29.01960784313726,12,4,,,,,,,
Solid Coated,PANTONE 7520 C,,80.7843137254902,15,13,,,,,,,
Solid Coated,PANTONE 7521 C,,67.45098039215686,13,18,,,,,,,
Solid Coated,PANTONE 7522 C,,53.333333333333336,30,25,,,,,,,
Solid Coated,PANTONE 7523 C,,49.01960784313725,33,18,,,,,,,
Solid Coated,PANTONE 7524 C,,45.490196078431374,34,23,,,,,,,
Solid Coated,PANTONE 7525 C,,49.411764705882355,19,23,,,,,,,
Solid Coated,PANTONE 7526 C,,35.68627450980392,34,36,,,,,,,
Solid Coated,PANTONE 2437 C,,81.56862745098039,16,23,,,,,,,
Solid Coated,PANTONE 2438 C,,72.54901960784314,23,26,,,,,,,
Solid Coated,PANTONE 2439 C,,61.96078431372549,23,21,,,,,,,
Solid Coated,PANTONE 2440 C,,63.52941176470588,13,10,,,,,,,
Solid Coated,PANTONE 2441 C,,52.94117647058824,22,19,,,,,,,
Solid Coated,PANTONE 2442 C,,47.84313725490196,26,18,,,,,,,
Solid Coated,PANTONE 2443 C,,36.470588235294116,36,34,,,,,,,
Solid Coated,PANTONE 4043 C,,81.17647058823529,8,15,,,,,,,
Solid Coated,PANTONE 4044 C,,69.01960784313725,12,17,,,,,,,
Solid Coated,PANTONE 4045 C,,65.09803921568627,12,16,,,,,,,
Solid Coated,PANTONE 4046 C,,64.31372549019608,9,15,,,,,,,
Solid Coated,PANTONE 4047 C,,60.78431372549019,10,17,,,,,,,
Solid Coated,PANTONE 4048 C,,56.86274509803921,9,18,,,,,,,
Solid Coated,PANTONE 4049 C,,55.68627450980392,7,14,,,,,,,
Solid Coated,PANTONE 489 C,,82.35294117647058,14,14,,,,,,,
Solid Coated,PANTONE 488 C,,79.6078431372549,18,16,,,,,,,
Solid Coated,PANTONE 487 C,,74.90196078431373,25,20,,,,,,,
Solid Coated,PANTONE 486 C,,69.41176470588235,34,26,,,,,,,
Solid Coated,PANTONE 485 C,,49.411764705882355,69,54,,,,,,,
Solid Coated,PANTONE 484 C,,37.64705882352941,45,34,,,,,,,
Solid Coated,PANTONE 483 C,,27.450980392156865,24,19,,,,,,,
Solid Coated,PANTONE 2029 C,,67.84313725490196,45,23,,,,,,,
Solid Coated,PANTONE 2030 C,,63.13725490196078,40,22,,,,,,,
Solid Coated,PANTONE 2031 C,,58.43137254901961,45,24,,,,,,,
Solid Coated,PANTONE 2032 C,,54.509803921568626,49,27,,,,,,,
Solid Coated,PANTONE 2033 C,,49.411764705882355,53,31,,,,,,,
Solid Coated,PANTONE 2034 C,,54.11764705882353,67,42,,,,,,,
Solid Coated,PANTONE 2035 C,,46.666666666666664,73,52,,,,,,,
Solid Coated,PANTONE 2344 C,,67.05882352941175,43,30,,,,,,,
Solid Coated,PANTONE 2345 C,,67.05882352941175,59,35,,,,,,,
Solid Coated,PANTONE 2346 C,,63.921568627450974,67,31,,,,,,,
Solid Coated,PANTONE 2347 C,,49.411764705882355,75,67,,,,,,,
Solid Coated,PANTONE 2348 C,,57.25490196078431,58,36,,,,,,,
Solid Coated,PANTONE 2349 C,,47.45098039215686,59,59,,,,,,,
Solid Coated,PANTONE 2350 C,,40.3921568627451,57,43,,,,,,,
Solid Coated,PANTONE 4050 C,,74.11764705882354,16,18,,,,,,,
Solid Coated,PANTONE 4051 C,,66.27450980392156,34,25,,,,,,,
Solid Coated,PANTONE 4052 C,,65.88235294117646,32,22,,,,,,,
Solid Coated,PANTONE 4053 C,,61.1764705882353,34,24,,,,,,,
Solid Coated,PANTONE 4054 C,,46.27450980392157,35,29,,,,,,,
Solid Coated,PANTONE 4055 C,,45.88235294117647,34,26,,,,,,,
Solid Coated,PANTONE 4056 C,,40.3921568627451,24,16,,,,,,,
Solid Coated,PANTONE 4057 C,,59.6078431372549,50,31,,,,,,,
Solid Coated,PANTONE 4058 C,,55.68627450980392,60,31,,,,,,,
Solid Coated,PANTONE 4059 C,,45.09803921568628,59,28,,,,,,,
Solid Coated,PANTONE 4060 C,,45.490196078431374,56,27,,,,,,,
Solid Coated,PANTONE 4061 C,,52.94117647058824,37,20,,,,,,,
Solid Coated,PANTONE 4062 C,,43.92156862745098,42,23,,,,,,,
Solid Coated,PANTONE 4063 C,,40.3921568627451,39,28,,,,,,,
Solid Coated,PANTONE 176 C,,80.7843137254902,31,8,,,,,,,
Solid Coated,PANTONE 177 C,,70.58823529411765,52,21,,,,,,,
Solid Coated,PANTONE 178 C,,62.745098039215684,65,37,,,,,,,
Solid Coated,PANTONE Warm Red C,,58.43137254901961,70,51,,,,,,,
Solid Coated,PANTONE 179 C,,52.54901960784314,63,48,,,,,,,
Solid Coated,PANTONE 180 C,,46.27450980392157,53,37,,,,,,,
Solid Coated,PANTONE 181 C,,32.94117647058823,35,21,,,,,,,
Solid Coated,PANTONE 1765 C,,77.25490196078432,37,7,,,,,,,
Solid Coated,PANTONE 1775 C,,72.54901960784314,46,11,,,,,,,
Solid Coated,PANTONE 1785 C,,59.21568627450981,68,31,,,,,,,
Solid Coated,PANTONE 1788 C,,53.72549019607843,74,47,,,,,,,
Solid Coated,PANTONE 1795 C,,47.84313725490196,66,43,,,,,,,
Solid Coated,PANTONE 1805 C,,40.78431372549019,55,33,,,,,,,
Solid Coated,PANTONE 1815 C,,29.80392156862745,38,21,,,,,,,
Solid Coated,PANTONE 1767 C,,79.6078431372549,31,4,,,,,,,
Solid Coated,PANTONE 1777 C,,63.921568627450974,61,19,,,,,,,
Solid Coated,PANTONE 1787 C,,56.470588235294116,72,38,,,,,,,
Solid Coated,PANTONE Red 032 C,,54.90196078431373,72,43,,,,,,,
Solid Coated,PANTONE 1797 C,,47.84313725490196,61,35,,,,,,,
Solid Coated,PANTONE 1807 C,,40.0,47,25,,,,,,,
Solid Coated,PANTONE 1817 C,,28.235294117647058,23,10,,,,,,,
Solid Coated,PANTONE 2448 C,,57.647058823529406,47,33,,,,,,,
Solid Coated,PANTONE 3556 C,,55.294117647058826,69,51,,,,,,,
Solid Coated,PANTONE 3516 C,,50.98039215686274,64,60,,,,,,,
Solid Coated,PANTONE 3546 C,,44.31372549019608,72,50,,,,,,,
Solid Coated,PANTONE 3517 C,,40.3921568627451,73,48,,,,,,,
Solid Coated,PANTONE 3523 C,,30.19607843137255,32,13,,,,,,,
Solid Coated,PANTONE 2449 C,,19.215686274509807,17,7,,,,,,,
Solid Coated,PANTONE 7618 C,,56.86274509803921,35,34,,,,,,,
Solid Coated,PANTONE 7619 C,,49.01960784313725,49,38,,,,,,,
Solid Coated,PANTONE 7620 C,,43.529411764705884,56,37,,,,,,,
Solid Coated,PANTONE 7621 C,,39.21568627450981,56,35,,,,,,,
Solid Coated,PANTONE 7622 C,,34.90196078431372,47,26,,,,,,,
Solid Coated,PANTONE 7623 C,,33.33333333333333,43,24,,,,,,,
Solid Coated,PANTONE 7624 C,,32.15686274509804,37,21,,,,,,,
Solid Coated,PANTONE 7625 C,,56.07843137254902,58,43,,,,,,,
Solid Coated,PANTONE 7626 C,,47.05882352941176,57,46,,,,,,,
Solid Coated,PANTONE 7627 C,,39.21568627450981,51,34,,,,,,,
Solid Coated,PANTONE 7628 C,,37.64705882352941,48,30,,,,,,,
Solid Coated,PANTONE 7629 C,,29.80392156862745,26,14,,,,,,,
Solid Coated,PANTONE 7630 C,,27.450980392156865,22,12,,,,,,,
Solid Coated,PANTONE 7631 C,,24.313725490196077,19,9,,,,,,,
Solid Coated,PANTONE 7415 C,,79.2156862745098,16,15,,,,,,,
Solid Coated,PANTONE 7416 C,,60.78431372549019,50,37,,,,,,,
Solid Coated,PANTONE 7417 C,,55.294117647058826,59,45,,,,,,,
Solid Coated,PANTONE 7418 C,,52.94117647058824,50,23,,,,,,,
Solid Coated,PANTONE 7419 C,,46.666666666666664,42,14,,,,,,,
Solid Coated,PANTONE 7420 C,,36.07843137254902,51,15,,,,,,,
Solid Coated,PANTONE 7421 C,,23.92156862745098,35,6,,,,,,,
Solid Coated,PANTONE 182 C,,82.35294117647058,25,1,,,,,,,
Solid Coated,PANTONE 183 C,,75.29411764705883,39,5,,,,,,,
Solid Coated,PANTONE 184 C,,60.3921568627451,66,19,,,,,,,
Solid Coated,PANTONE 185 C,,49.411764705882355,77,49,,,,,,,
Solid Coated,PANTONE 186 C,,44.31372549019608,67,40,,,,,,,
Solid Coated,PANTONE 187 C,,37.64705882352941,56,29,,,,,,,
Solid Coated,PANTONE 188 C,,28.627450980392155,37,15,,,,,,,
Solid Coated,PANTONE 4064 C,,78.43137254901961,22,4,,,,,,,
Solid Coated,PANTONE 4065 C,,76.47058823529412,22,6,,,,,,,
Solid Coated,PANTONE 4066 C,,73.72549019607844,29,14,,,,,,,
Solid Coated,PANTONE 4067 C,,72.94117647058823,29,12,,,,,,,
Solid Coated,PANTONE 4068 C,,69.01960784313725,34,13,,,,,,,
Solid Coated,PANTONE 4069 C,,51.37254901960784,50,17,,,,,,,
Solid Coated,PANTONE 4070 C,,44.70588235294118,51,18,,,,,,,
Solid Coated,PANTONE 196 C,,83.52941176470588,15,2,,,,,,,
Solid Coated,PANTONE 197 C,,72.54901960784314,33,3,,,,,,,
Solid Coated,PANTONE 198 C,,54.11764705882353,64,21,,,,,,,
Solid Coated,PANTONE 199 C,,46.666666666666664,74,40,,,,,,,
Solid Coated,PANTONE 200 C,,41.17647058823529,65,34,,,,,,,
Solid Coated,PANTONE 201 C,,36.470588235294116,52,23,,,,,,,
Solid Coated,PANTONE 202 C,,32.15686274509804,43,17,,,,,,,
Solid Coated,PANTONE 189 C,,76.47058823529412,35,2,,,,,,,
Solid Coated,PANTONE 190 C,,66.66666666666666,54,7,,,,,,,
Solid Coated,PANTONE 191 C,,57.25490196078431,69,18,,,,,,,
Solid Coated,PANTONE 192 C,,50.19607843137255,77,34,,,,,,,
Solid Coated,PANTONE 193 C,,42.745098039215684,66,27,,,,,,,
Solid Coated,PANTONE 194 C,,36.86274509803922,50,15,,,,,,,
Solid Coated,PANTONE 195 C,,30.980392156862745,34,8,,,,,,,
Solid Coated,PANTONE 1895 C,,80.7843137254902,26,-2,,,,,,,
Solid Coated,PANTONE 1905 C,,74.50980392156863,38,-1,,,,,,,
Solid Coated,PANTONE 1915 C,,58.43137254901961,67,9,,,,,,,
Solid Coated,PANTONE 1925 C,,49.01960784313725,77,28,,,,,,,
Solid Coated,PANTONE 1935 C,,42.745098039215684,70,28,,,,,,,
Solid Coated,PANTONE 1945 C,,36.86274509803922,59,19,,,,,,,
Solid Coated,PANTONE 1955 C,,31.372549019607842,49,14,,,,,,,
Solid Coated,PANTONE 705 C,,89.41176470588236,10,1,,,,,,,
Solid Coated,PANTONE 706 C,,86.66666666666667,16,1,,,,,,,
Solid Coated,PANTONE 707 C,,80.7843137254902,27,3,,,,,,,
Solid Coated,PANTONE 708 C,,72.15686274509804,42,8,,,,,,,
Solid Coated,PANTONE 709 C,,61.568627450980394,58,18,,,,,,,
Solid Coated,PANTONE 710 C,,53.333333333333336,64,30,,,,,,,
Solid Coated,PANTONE 711 C,,47.05882352941176,62,41,,,,,,,
Solid Coated,PANTONE 698 C,,87.45098039215686,11,2,,,,,,,
Solid Coated,PANTONE 699 C,,83.52941176470588,19,2,,,,,,,
Solid Coated,PANTONE 700 C,,77.64705882352942,28,4,,,,,,,
Solid Coated,PANTONE 701 C,,67.45098039215686,40,7,,,,,,,
Solid Coated,PANTONE 702 C,,55.68627450980392,50,13,,,,,,,
Solid Coated,PANTONE 703 C,,45.09803921568628,53,21,,,,,,,
Solid Coated,PANTONE 704 C,,37.64705882352941,48,28,,,,,,,
Solid Coated,PANTONE 203 C,,78.82352941176471,25,-4,,,,,,,
Solid Coated,PANTONE 204 C,,67.05882352941175,45,-2,,,,,,,
Solid Coated,PANTONE 205 C,,54.90196078431373,65,7,,,,,,,
Solid Coated,PANTONE 206 C,,43.92156862745098,76,34,,,,,,,
Solid Coated,PANTONE 207 C,,35.68627450980392,61,23,,,,,,,
Solid Coated,PANTONE 208 C,,31.76470588235294,46,7,,,,,,,
Solid Coated,PANTONE 209 C,,27.84313725490196,35,4,,,,,,,
Solid Coated,PANTONE 210 C,,76.07843137254902,38,-6,,,,,,,
Solid Coated,PANTONE 211 C,,68.62745098039215,51,-6,,,,,,,
Solid Coated,PANTONE 212 C,,59.6078431372549,67,-2,,,,,,,
Solid Coated,PANTONE 213 C,,52.156862745098046,75,5,,,,,,,
Solid Coated,PANTONE 214 C,,46.666666666666664,70,7,,,,,,,
Solid Coated,PANTONE 215 C,,39.21568627450981,60,4,,,,,,,
Solid Coated,PANTONE 216 C,,30.19607843137255,42,1,,,,,,,
Solid Coated,PANTONE 2036 C,,82.74509803921568,24,-4,,,,,,,
Solid Coated,PANTONE 2037 C,,73.33333333333333,41,-9,,,,,,,
Solid Coated,PANTONE 2038 C,,62.35294117647059,61,-5,,,,,,,
Solid Coated,PANTONE 2039 C,,54.90196078431373,70,0,,,,,,,
Solid Coated,PANTONE 2040 C,,49.01960784313725,74,18,,,,,,,
Solid Coated,PANTONE 2041 C,,37.64705882352941,53,9,,,,,,,
Solid Coated,PANTONE 2042 C,,28.235294117647058,34,5,,,,,,,
Solid Coated,PANTONE 7422 C,,85.88235294117646,15,2,,,,,,,
Solid Coated,PANTONE 7423 C,,59.21568627450981,53,6,,,,,,,
Solid Coated,PANTONE 7424 C,,55.68627450980392,64,3,,,,,,,
Solid Coated,PANTONE 7425 C,,42.35294117647059,59,11,,,,,,,
Solid Coated,PANTONE 7426 C,,36.86274509803922,58,18,,,,,,,
Solid Coated,PANTONE 7427 C,,34.509803921568626,52,24,,,,,,,
Solid Coated,PANTONE 7428 C,,27.84313725490196,31,3,,,,,,,
Solid Coated,PANTONE 4071 C,,64.70588235294117,31,1,,,,,,,
Solid Coated,PANTONE 4072 C,,63.921568627450974,44,2,,,,,,,
Solid Coated,PANTONE 4073 C,,50.19607843137255,54,6,,,,,,,
Solid Coated,PANTONE 4074 C,,29.411764705882355,45,-1,,,,,,,
Solid Coated,PANTONE 4075 C,,34.11764705882353,37,1,,,,,,,
Solid Coated,PANTONE 4076 C,,37.254901960784316,30,0,,,,,,,
Solid Coated,PANTONE 4077 C,,37.64705882352941,29,4,,,,,,,
Solid Coated,PANTONE 7632 C,,81.96078431372548,5,0,,,,,,,
Solid Coated,PANTONE 7633 C,,70.19607843137254,13,2,,,,,,,
Solid Coated,PANTONE 7634 C,,55.68627450980392,40,1,,,,,,,
Solid Coated,PANTONE 7635 C,,47.84313725490196,61,10,,,,,,,
Solid Coated,PANTONE 7636 C,,43.13725490196079,63,19,,,,,,,
Solid Coated,PANTONE 7637 C,,36.07843137254902,45,10,,,,,,,
Solid Coated,PANTONE 7638 C,,32.15686274509804,38,8,,,,,,,
Solid Coated,PANTONE 217 C,,81.56862745098039,21,-9,,,,,,,
Solid Coated,PANTONE 218 C,,63.13725490196078,55,-13,,,,,,,
Solid Coated,PANTONE 219 C,,50.19607843137255,75,-5,,,,,,,
Solid Coated,PANTONE Rubine Red C,,43.529411764705884,79,12,,,,,,,
Solid Coated,PANTONE 220 C,,35.68627450980392,65,5,,,,,,,
Solid Coated,PANTONE 221 C,,31.76470588235294,56,4,,,,,,,
Solid Coated,PANTONE 222 C,,25.882352941176475,39,-4,,,,,,,
Solid Coated,PANTONE 7639 C,,50.19607843137255,17,3,,,,,,,
Solid Coated,PANTONE 7640 C,,39.6078431372549,39,6,,,,,,,
Solid Coated,PANTONE 7641 C,,34.90196078431372,45,7,,,,,,,
Solid Coated,PANTONE 7642 C,,30.19607843137255,34,-1,,,,,,,
Solid Coated,PANTONE 7643 C,,27.84313725490196,29,-1,,,,,,,
Solid Coated,PANTONE 7644 C,,25.098039215686274,23,-3,,,,,,,
Solid Coated,PANTONE 7645 C,,23.137254901960784,20,-2,,,,,,,
Solid Coated,PANTONE 3568 C,,84.70588235294117,17,-3,,,,,,,
Solid Coated,PANTONE 3595 C,,81.96078431372548,23,-5,,,,,,,
Solid Coated,PANTONE 2450 C,,53.333333333333336,62,-3,,,,,,,
Solid Coated,PANTONE 3527 C,,53.333333333333336,65,-16,,,,,,,
Solid Coated,PANTONE 3582 C,,60.78431372549019,43,-9,,,,,,,
Solid Coated,PANTONE 2451 C,,47.05882352941176,51,0,,,,,,,
Solid Coated,PANTONE 2452 C,,47.45098039215686,60,3,,,,,,,
Solid Coated,PANTONE 223 C,,72.94117647058823,41,-14,,,,,,,
Solid Coated,PANTONE 224 C,,64.70588235294117,56,-17,,,,,,,
Solid Coated,PANTONE 225 C,,51.76470588235295,76,-13,,,,,,,
Solid Coated,PANTONE 226 C,,44.70588235294118,80,0,,,,,,,
Solid Coated,PANTONE 227 C,,36.86274509803922,66,-4,,,,,,,
Solid Coated,PANTONE 228 C,,30.980392156862745,53,-8,,,,,,,
Solid Coated,PANTONE 229 C,,25.49019607843137,35,-5,,,,,,,
Solid Coated,PANTONE 230 C,,77.25490196078432,35,-12,,,,,,,
Solid Coated,PANTONE 231 C,,67.45098039215686,55,-17,,,,,,,
Solid Coated,PANTONE 232 C,,56.86274509803921,72,-18,,,,,,,
Solid Coated,PANTONE Rhodamine Red C,,51.37254901960784,78,-14,,,,,,,
Solid Coated,PANTONE 233 C,,43.92156862745098,74,-10,,,,,,,
Solid Coated,PANTONE 234 C,,36.07843137254902,63,-9,,,,,,,
Solid Coated,PANTONE 235 C,,29.80392156862745,51,-8,,,,,,,
Solid Coated,PANTONE 670 C,,86.66666666666667,10,-5,,,,,,,
Solid Coated,PANTONE 671 C,,80.7843137254902,20,-8,,,,,,,
Solid Coated,PANTONE 672 C,,73.33333333333333,30,-11,,,,,,,
Solid Coated,PANTONE 673 C,,66.27450980392156,39,-13,,,,,,,
Solid Coated,PANTONE 674 C,,54.11764705882353,52,-14,,,,,,,
Solid Coated,PANTONE 675 C,,41.568627450980394,60,-9,,,,,,,
Solid Coated,PANTONE 676 C,,33.33333333333333,58,0,,,,,,,
Solid Coated,PANTONE 2043 C,,82.74509803921568,15,-2,,,,,,,
Solid Coated,PANTONE 2044 C,,70.98039215686275,36,-4,,,,,,,
Solid Coated,PANTONE 2045 C,,62.745098039215684,46,-3,,,,,,,
Solid Coated,PANTONE 2046 C,,54.90196078431373,52,-2,,,,,,,
Solid Coated,PANTONE 2047 C,,44.31372549019608,43,-3,,,,,,,
Solid Coated,PANTONE 2048 C,,39.21568627450981,42,-1,,,,,,,
Solid Coated,PANTONE 2049 C,,33.33333333333333,40,3,,,,,,,
Solid Coated,PANTONE 677 C,,84.70588235294117,10,-4,,,,,,,
Solid Coated,PANTONE 678 C,,83.13725490196079,12,-5,,,,,,,
Solid Coated,PANTONE 679 C,,80.0,15,-6,,,,,,,
Solid Coated,PANTONE 680 C,,67.84313725490196,25,-9,,,,,,,
Solid Coated,PANTONE 681 C,,54.509803921568626,33,-11,,,,,,,
Solid Coated,PANTONE 682 C,,43.13725490196079,40,-11,,,,,,,
Solid Coated,PANTONE 683 C,,30.980392156862745,41,-7,,,,,,,
Solid Coated,PANTONE 2050 C,,88.23529411764706,10,-4,,,,,,,
Solid Coated,PANTONE 2051 C,,80.7843137254902,12,-4,,,,,,,
Solid Coated,PANTONE 2052 C,,70.19607843137254,19,-6,,,,,,,
Solid Coated,PANTONE 2053 C,,59.6078431372549,25,-8,,,,,,,
Solid Coated,PANTONE 2054 C,,52.94117647058824,23,-8,,,,,,,
Solid Coated,PANTONE 2055 C,,46.27450980392157,25,-8,,,,,,,
Solid Coated,PANTONE 2056 C,,38.43137254901961,28,-7,,,,,,,
Solid Coated,PANTONE 4078 C,,81.96078431372548,16,-5,,,,,,,
Solid Coated,PANTONE 4079 C,,72.54901960784314,18,-8,,,,,,,
Solid Coated,PANTONE 4080 C,,75.29411764705883,15,-9,,,,,,,
Solid Coated,PANTONE 4081 C,,63.13725490196078,15,-8,,,,,,,
Solid Coated,PANTONE 4082 C,,51.76470588235295,32,-11,,,,,,,
Solid Coated,PANTONE 4083 C,,44.70588235294118,26,-23,,,,,,,
Solid Coated,PANTONE 4084 C,,33.33333333333333,28,-12,,,,,,,
Solid Coated,PANTONE 684 C,,82.74509803921568,12,-3,,,,,,,
Solid Coated,PANTONE 685 C,,78.03921568627452,16,-4,,,,,,,
Solid Coated,PANTONE 686 C,,71.37254901960785,21,-6,,,,,,,
Solid Coated,PANTONE 687 C,,61.96078431372549,27,-7,,,,,,,
Solid Coated,PANTONE 688 C,,51.37254901960784,32,-8,,,,,,,
Solid Coated,PANTONE 689 C,,37.254901960784316,37,-8,,,,,,,
Solid Coated,PANTONE 690 C,,24.313725490196077,32,-4,,,,,,,
Solid Coated,PANTONE 510 C,,81.56862745098039,18,0,,,,,,,
Solid Coated,PANTONE 509 C,,78.43137254901961,21,0,,,,,,,
Solid Coated,PANTONE 508 C,,75.68627450980392,24,0,,,,,,,
Solid Coated,PANTONE 507 C,,68.23529411764706,28,-1,,,,,,,
Solid Coated,PANTONE 506 C,,34.509803921568626,36,4,,,,,,,
Solid Coated,PANTONE 505 C,,29.01960784313726,31,5,,,,,,,
Solid Coated,PANTONE 504 C,,23.52941176470588,22,5,,,,,,,
Solid Coated,PANTONE 7429 C,,80.0,17,-3,,,,,,,
Solid Coated,PANTONE 7430 C,,74.50980392156863,22,-4,,,,,,,
Solid Coated,PANTONE 7431 C,,62.35294117647059,33,-4,,,,,,,
Solid Coated,PANTONE 7432 C,,51.37254901960784,41,-3,,,,,,,
Solid Coated,PANTONE 7433 C,,42.35294117647059,50,2,,,,,,,
Solid Coated,PANTONE 7434 C,,38.82352941176471,47,3,,,,,,,
Solid Coated,PANTONE 7435 C,,32.94117647058823,45,-1,,,,,,,
Solid Coated,PANTONE 691 C,,85.09803921568627,10,2,,,,,,,
Solid Coated,PANTONE 692 C,,80.3921568627451,14,3,,,,,,,
Solid Coated,PANTONE 693 C,,72.15686274509804,21,4,,,,,,,
Solid Coated,PANTONE 694 C,,62.35294117647059,27,4,,,,,,,
Solid Coated,PANTONE 695 C,,54.11764705882353,31,5,,,,,,,
Solid Coated,PANTONE 696 C,,41.96078431372549,35,9,,,,,,,
Solid Coated,PANTONE 697 C,,36.86274509803922,34,11,,,,,,,
Solid Coated,PANTONE 496 C,,84.31372549019608,17,2,,,,,,,
Solid Coated,PANTONE 495 C,,81.56862745098039,20,2,,,,,,,
Solid Coated,PANTONE 494 C,,74.11764705882354,28,4,,,,,,,
Solid Coated,PANTONE 493 C,,66.27450980392156,35,6,,,,,,,
Solid Coated,PANTONE 492 C,,35.68627450980392,40,20,,,,,,,
Solid Coated,PANTONE 491 C,,32.15686274509804,35,16,,,,,,,
Solid Coated,PANTONE 490 C,,24.705882352941178,24,10,,,,,,,
Solid Coated,PANTONE 503 C,,82.74509803921568,13,4,,,,,,,
Solid Coated,PANTONE 502 C,,79.6078431372549,16,3,,,,,,,
Solid Coated,PANTONE 501 C,,72.94117647058823,20,4,,,,,,,
Solid Coated,PANTONE 500 C,,62.745098039215684,25,6,,,,,,,
Solid Coated,PANTONE 499 C,,34.509803921568626,25,15,,,,,,,
Solid Coated,PANTONE 498 C,,30.19607843137255,21,12,,,,,,,
Solid Coated,PANTONE 497 C,,23.92156862745098,15,8,,,,,,,
Solid Coated,PANTONE 4085 C,,75.68627450980392,6,7,,,,,,,
Solid Coated,PANTONE 4086 C,,69.80392156862744,9,3,,,,,,,
Solid Coated,PANTONE 4087 C,,67.45098039215686,9,7,,,,,,,
Solid Coated,PANTONE 4088 C,,60.3921568627451,10,10,,,,,,,
Solid Coated,PANTONE 4089 C,,60.3921568627451,9,5,,,,,,,
Solid Coated,PANTONE 4090 C,,50.98039215686274,9,11,,,,,,,
Solid Coated,PANTONE 4091 C,,43.529411764705884,12,5,,,,,,,
Solid Coated,PANTONE 4092 C,,72.15686274509804,15,-3,,,,,,,
Solid Coated,PANTONE 4093 C,,62.745098039215684,13,2,,,,,,,
Solid Coated,PANTONE 4094 C,,49.01960784313725,18,-1,,,,,,,
Solid Coated,PANTONE 4095 C,,44.31372549019608,23,-1,,,,,,,
Solid Coated,PANTONE 4096 C,,36.86274509803922,21,7,,,,,,,
Solid Coated,PANTONE 4097 C,,37.254901960784316,19,4,,,,,,,
Solid Coated,PANTONE 4098 C,,32.549019607843135,14,10,,,,,,,
Solid Coated,PANTONE 5035 C,,80.7843137254902,11,3,,,,,,,
Solid Coated,PANTONE 5025 C,,77.64705882352942,13,3,,,,,,,
Solid Coated,PANTONE 5015 C,,70.58823529411765,16,4,,,,,,,
Solid Coated,PANTONE 5005 C,,57.647058823529406,21,5,,,,,,,
Solid Coated,PANTONE 4995 C,,48.23529411764706,25,6,,,,,,,
Solid Coated,PANTONE 4985 C,,39.6078431372549,26,8,,,,,,,
Solid Coated,PANTONE 4975 C,,16.862745098039216,15,7,,,,,,,
Solid Coated,PANTONE 4099 C,,59.6078431372549,15,6,,,,,,,
Solid Coated,PANTONE 4100 C,,38.82352941176471,21,9,,,,,,,
Solid Coated,PANTONE 4101 C,,23.92156862745098,31,12,,,,,,,
Solid Coated,PANTONE 4102 C,,20.392156862745097,28,9,,,,,,,
Solid Coated,PANTONE 4103 C,,21.568627450980394,22,4,,,,,,,
Solid Coated,PANTONE 4104 C,,27.450980392156865,12,4,,,,,,,
Solid Coated,PANTONE 4105 C,,31.372549019607842,16,14,,,,,,,
Solid Coated,PANTONE 236 C,,77.25490196078432,34,-15,,,,,,,
Solid Coated,PANTONE 237 C,,69.80392156862744,47,-20,,,,,,,
Solid Coated,PANTONE 238 C,,60.78431372549019,61,-24,,,,,,,
Solid Coated,PANTONE 239 C,,54.90196078431373,69,-24,,,,,,,
Solid Coated,PANTONE 240 C,,47.84313725490196,67,-22,,,,,,,
Solid Coated,PANTONE 241 C,,41.17647058823529,63,-20,,,,,,,
Solid Coated,PANTONE 242 C,,31.372549019607842,44,-12,,,,,,,
Solid Coated,PANTONE 2057 C,,67.84313725490196,29,-10,,,,,,,
Solid Coated,PANTONE 2058 C,,61.96078431372549,25,-11,,,,,,,
Solid Coated,PANTONE 2059 C,,59.21568627450981,29,-10,,,,,,,
Solid Coated,PANTONE 2060 C,,58.03921568627452,44,-15,,,,,,,
Solid Coated,PANTONE 2061 C,,48.627450980392155,44,-12,,,,,,,
Solid Coated,PANTONE 2062 C,,47.45098039215686,52,-16,,,,,,,
Solid Coated,PANTONE 2063 C,,41.568627450980394,54,-15,,,,,,,
Solid Coated,PANTONE 2365 C,,81.17647058823529,24,-12,,,,,,,
Solid Coated,PANTONE 2375 C,,65.49019607843137,51,-25,,,,,,,
Solid Coated,PANTONE 2385 C,,53.333333333333336,69,-29,,,,,,,
Solid Coated,PANTONE 2395 C,,45.88235294117647,76,-29,,,,,,,
Solid Coated,PANTONE 2405 C,,40.0,70,-27,,,,,,,
Solid Coated,PANTONE 2415 C,,36.07843137254902,64,-24,,,,,,,
Solid Coated,PANTONE 2425 C,,29.411764705882355,55,-19,,,,,,,
Solid Coated,PANTONE 243 C,,80.3921568627451,24,-15,,,,,,,
Solid Coated,PANTONE 244 C,,73.33333333333333,36,-21,,,,,,,
Solid Coated,PANTONE 245 C,,66.27450980392156,47,-27,,,,,,,
Solid Coated,PANTONE 246 C,,48.627450980392155,71,-34,,,,,,,
Solid Coated,PANTONE 247 C,,45.09803921568628,69,-32,,,,,,,
Solid Coated,PANTONE 248 C,,40.0,62,-29,,,,,,,
Solid Coated,PANTONE 249 C,,32.94117647058823,44,-19,,,,,,,
Solid Coated,PANTONE 7646 C,,53.333333333333336,27,-5,,,,,,,
Solid Coated,PANTONE 7647 C,,43.529411764705884,50,-6,,,,,,,
Solid Coated,PANTONE 7648 C,,36.470588235294116,55,-9,,,,,,,
Solid Coated,PANTONE 7649 C,,32.549019607843135,51,-12,,,,,,,
Solid Coated,PANTONE 7650 C,,28.235294117647058,40,-12,,,,,,,
Solid Coated,PANTONE 7651 C,,28.235294117647058,34,-15,,,,,,,
Solid Coated,PANTONE 7652 C,,25.49019607843137,30,-13,,,,,,,
Solid Coated,PANTONE 250 C,,80.7843137254902,22,-15,,,,,,,
Solid Coated,PANTONE 251 C,,72.54901960784314,34,-24,,,,,,,
Solid Coated,PANTONE 252 C,,58.43137254901961,53,-37,,,,,,,
Solid Coated,PANTONE Purple C,,47.45098039215686,68,-43,,,,,,,
Solid Coated,PANTONE 253 C,,42.745098039215684,67,-41,,,,,,,
Solid Coated,PANTONE 254 C,,38.43137254901961,59,-37,,,,,,,
Solid Coated,PANTONE 255 C,,29.80392156862745,42,-24,,,,,,,
Solid Coated,PANTONE 2064 C,,73.72549019607844,30,-16,,,,,,,
Solid Coated,PANTONE 2065 C,,75.29411764705883,27,-19,,,,,,,
Solid Coated,PANTONE 2066 C,,67.84313725490196,35,-25,,,,,,,
Solid Coated,PANTONE 2067 C,,57.647058823529406,45,-31,,,,,,,
Solid Coated,PANTONE 2068 C,,50.19607843137255,51,-35,,,,,,,
Solid Coated,PANTONE 2069 C,,43.92156862745098,55,-37,,,,,,,
Solid Coated,PANTONE 2070 C,,36.07843137254902,56,-38,,,,,,,
Solid Coated,PANTONE 517 C,,83.92156862745098,16,-7,,,,,,,
Solid Coated,PANTONE 516 C,,81.56862745098039,18,-10,,,,,,,
Solid Coated,PANTONE 515 C,,76.86274509803923,25,-13,,,,,,,
Solid Coated,PANTONE 514 C,,67.45098039215686,34,-19,,,,,,,
Solid Coated,PANTONE 513 C,,39.21568627450981,48,-29,,,,,,,
Solid Coated,PANTONE 512 C,,35.294117647058826,41,-21,,,,,,,
Solid Coated,PANTONE 511 C,,27.058823529411764,28,-11,,,,,,,
Solid Coated,PANTONE 2351 C,,60.0,34,-19,,,,,,,
Solid Coated,PANTONE 2352 C,,54.11764705882353,40,-21,,,,,,,
Solid Coated,PANTONE 2353 C,,51.76470588235295,55,-24,,,,,,,
Solid Coated,PANTONE 2354 C,,43.529411764705884,36,-21,,,,,,,
Solid Coated,PANTONE 2355 C,,31.76470588235294,57,-29,,,,,,,
Solid Coated,PANTONE 2356 C,,25.098039215686274,52,-24,,,,,,,
Solid Coated,PANTONE 2357 C,,22.35294117647059,39,-9,,,,,,,
Solid Coated,PANTONE 7653 C,,57.647058823529406,7,-6,,,,,,,
Solid Coated,PANTONE 7654 C,,55.68627450980392,22,-13,,,,,,,
Solid Coated,PANTONE 7655 C,,48.627450980392155,37,-19,,,,,,,
Solid Coated,PANTONE 7656 C,,38.82352941176471,43,-21,,,,,,,
Solid Coated,PANTONE 7657 C,,29.411764705882355,36,-18,,,,,,,
Solid Coated,PANTONE 7658 C,,30.58823529411765,30,-15,,,,,,,
Solid Coated,PANTONE 7659 C,,28.627450980392155,22,-10,,,,,,,
Solid Coated,PANTONE 5175 C,,81.96078431372548,7,-3,,,,,,,
Solid Coated,PANTONE 5165 C,,79.6078431372549,9,-4,,,,,,,
Solid Coated,PANTONE 5155 C,,70.58823529411765,13,-7,,,,,,,
Solid Coated,PANTONE 5145 C,,54.11764705882353,19,-10,,,,,,,
Solid Coated,PANTONE 5135 C,,41.568627450980394,23,-11,,,,,,,
Solid Coated,PANTONE 5125 C,,32.15686274509804,25,-12,,,,,,,
Solid Coated,PANTONE 5115 C,,23.137254901960784,22,-8,,,,,,,
Solid Coated,PANTONE 4106 C,,71.76470588235294,11,-1,,,,,,,
Solid Coated,PANTONE 4107 C,,63.52941176470588,12,-6,,,,,,,
Solid Coated,PANTONE 4108 C,,58.82352941176471,16,-5,,,,,,,
Solid Coated,PANTONE 4109 C,,54.90196078431373,18,-3,,,,,,,
Solid Coated,PANTONE 4110 C,,49.411764705882355,14,-6,,,,,,,
Solid Coated,PANTONE 4111 C,,41.568627450980394,18,-4,,,,,,,
Solid Coated,PANTONE 4112 C,,49.01960784313725,13,1,,,,,,,
Solid Coated,PANTONE 5245 C,,83.52941176470588,6,-2,,,,,,,
Solid Coated,PANTONE 5235 C,,78.43137254901961,8,-3,,,,,,,
Solid Coated,PANTONE 5225 C,,74.11764705882354,9,-4,,,,,,,
Solid Coated,PANTONE 5215 C,,64.31372549019608,12,-5,,,,,,,
Solid Coated,PANTONE 5205 C,,46.666666666666664,16,-7,,,,,,,
Solid Coated,PANTONE 5195 C,,33.33333333333333,18,-7,,,,,,,
Solid Coated,PANTONE 5185 C,,23.52941176470588,14,-6,,,,,,,
Solid Coated,PANTONE 4113 C,,60.78431372549019,9,0,,,,,,,
Solid Coated,PANTONE 4114 C,,59.6078431372549,8,-2,,,,,,,
Solid Coated,PANTONE 4115 C,,55.68627450980392,9,1,,,,,,,
Solid Coated,PANTONE 4116 C,,56.470588235294116,8,3,,,,,,,
Solid Coated,PANTONE 4117 C,,44.31372549019608,8,-9,,,,,,,
Solid Coated,PANTONE 4118 C,,25.882352941176475,10,-12,,,,,,,
Solid Coated,PANTONE 4119 C,,24.313725490196077,6,-7,,,,,,,
Solid Coated,PANTONE 524 C,,80.3921568627451,10,-9,,,,,,,
Solid Coated,PANTONE 523 C,,74.90196078431373,14,-13,,,,,,,
Solid Coated,PANTONE 522 C,,68.23529411764706,18,-17,,,,,,,
Solid Coated,PANTONE 521 C,,58.43137254901961,23,-22,,,,,,,
Solid Coated,PANTONE 520 C,,29.01960784313726,32,-25,,,,,,,
Solid Coated,PANTONE 519 C,,27.450980392156865,25,-20,,,,,,,
Solid Coated,PANTONE 518 C,,23.92156862745098,16,-10,,,,,,,
Solid Coated,PANTONE 7436 C,,89.01960784313725,9,-6,,,,,,,
Solid Coated,PANTONE 7437 C,,74.50980392156863,16,-13,,,,,,,
Solid Coated,PANTONE 7438 C,,71.76470588235294,29,-21,,,,,,,
Solid Coated,PANTONE 7439 C,,61.96078431372549,24,-20,,,,,,,
Solid Coated,PANTONE 7440 C,,55.68627450980392,24,-19,,,,,,,
Solid Coated,PANTONE 7441 C,,50.588235294117645,41,-42,,,,,,,
Solid Coated,PANTONE 7442 C,,43.529411764705884,52,-51,,,,,,,
Solid Coated,PANTONE 2562 C,,74.90196078431373,25,-23,,,,,,,
Solid Coated,PANTONE 2572 C,,66.66666666666666,35,-31,,,,,,,
Solid Coated,PANTONE 2582 C,,50.19607843137255,52,-45,,,,,,,
Solid Coated,PANTONE 2592 C,,41.17647058823529,60,-50,,,,,,,
Solid Coated,PANTONE 2602 C,,34.90196078431372,57,-45,,,,,,,
Solid Coated,PANTONE 2612 C,,31.76470588235294,46,-35,,,,,,,
Solid Coated,PANTONE 2622 C,,29.01960784313726,30,-20,,,,,,,
Solid Coated,PANTONE 531 C,,83.13725490196079,13,-13,,,,,,,
Solid Coated,PANTONE 530 C,,78.82352941176471,17,-18,,,,,,,
Solid Coated,PANTONE 529 C,,71.76470588235294,24,-25,,,,,,,
Solid Coated,PANTONE 528 C,,61.568627450980394,32,-34,,,,,,,
Solid Coated,PANTONE 527 C,,36.86274509803922,48,-49,,,,,,,
Solid Coated,PANTONE 526 C,,32.549019607843135,40,-38,,,,,,,
Solid Coated,PANTONE 525 C,,25.882352941176475,27,-22,,,,,,,
Solid Coated,PANTONE 256 C,,80.0,13,-12,,,,,,,
Solid Coated,PANTONE 257 C,,70.58823529411765,21,-18,,,,,,,
Solid Coated,PANTONE 258 C,,41.96078431372549,40,-32,,,,,,,
Solid Coated,PANTONE 259 C,,28.627450980392155,42,-32,,,,,,,
Solid Coated,PANTONE 260 C,,27.450980392156865,35,-25,,,,,,,
Solid Coated,PANTONE 261 C,,25.882352941176475,31,-21,,,,,,,
Solid Coated,PANTONE 262 C,,23.137254901960784,24,-15,,,,,,,
Solid Coated,PANTONE 2563 C,,72.15686274509804,22,-21,,,,,,,
Solid Coated,PANTONE 2573 C,,62.35294117647059,30,-29,,,,,,,
Solid Coated,PANTONE 2583 C,,50.588235294117645,39,-35,,,,,,,
Solid Coated,PANTONE 2593 C,,37.254901960784316,47,-41,,,,,,,
Solid Coated,PANTONE 2603 C,,29.80392156862745,45,-37,,,,,,,
Solid Coated,PANTONE 2613 C,,27.058823529411764,42,-34,,,,,,,
Solid Coated,PANTONE 2623 C,,25.49019607843137,36,-28,,,,,,,
Solid Coated,PANTONE 2078 C,,67.84313725490196,13,-13,,,,,,,
Solid Coated,PANTONE 2079 C,,56.470588235294116,17,-16,,,,,,,
Solid Coated,PANTONE 2080 C,,53.72549019607843,23,-25,,,,,,,
Solid Coated,PANTONE 2081 C,,46.27450980392157,26,-28,,,,,,,
Solid Coated,PANTONE 2082 C,,40.3921568627451,28,-30,,,,,,,
Solid Coated,PANTONE 2083 C,,49.80392156862745,38,-47,,,,,,,
Solid Coated,PANTONE 2084 C,,38.43137254901961,47,-53,,,,,,,
Solid Coated,PANTONE 2453 C,,66.66666666666666,19,-18,,,,,,,
Solid Coated,PANTONE 3520 C,,59.6078431372549,32,-29,,,,,,,
Solid Coated,PANTONE 3559 C,,44.70588235294118,37,-36,,,,,,,
Solid Coated,PANTONE 3593 C,,53.333333333333336,28,-31,,,,,,,
Solid Coated,PANTONE 3575 C,,54.509803921568626,27,-38,,,,,,,
Solid Coated,PANTONE 3543 C,,62.745098039215684,19,-32,,,,,,,
Solid Coated,PANTONE 3515 C,,23.137254901960784,50,-44,,,,,,,
Solid Coated,PANTONE 2071 C,,75.29411764705883,14,-20,,,,,,,
Solid Coated,PANTONE 2072 C,,67.05882352941175,21,-27,,,,,,,
Solid Coated,PANTONE 2073 C,,65.88235294117646,19,-28,,,,,,,
Solid Coated,PANTONE 2074 C,,52.156862745098046,30,-38,,,,,,,
Solid Coated,PANTONE 2075 C,,49.411764705882355,27,-41,,,,,,,
Solid Coated,PANTONE 2076 C,,45.88235294117647,32,-42,,,,,,,
Solid Coated,PANTONE 2077 C,,36.470588235294116,35,-46,,,,,,,
Solid Coated,PANTONE 7660 C,,61.1764705882353,6,-10,,,,,,,
Solid Coated,PANTONE 7661 C,,50.588235294117645,19,-18,,,,,,,
Solid Coated,PANTONE 7662 C,,37.254901960784316,33,-26,,,,,,,
Solid Coated,PANTONE 7663 C,,30.980392156862745,35,-29,,,,,,,
Solid Coated,PANTONE 7664 C,,30.58823529411765,32,-31,,,,,,,
Solid Coated,PANTONE 7665 C,,29.80392156862745,26,-25,,,,,,,
Solid Coated,PANTONE 7666 C,,34.90196078431372,10,-11,,,,,,,
Solid Coated,PANTONE 2567 C,,70.58823529411765,20,-25,,,,,,,
Solid Coated,PANTONE 2577 C,,58.43137254901961,29,-34,,,,,,,
Solid Coated,PANTONE 2587 C,,41.568627450980394,40,-46,,,,,,,
Solid Coated,PANTONE 2597 C,,24.313725490196077,48,-52,,,,,,,
Solid Coated,PANTONE 2607 C,,20.784313725490197,42,-46,,,,,,,
Solid Coated,PANTONE 2617 C,,18.03921568627451,38,-40,,,,,,,
Solid Coated,PANTONE 2627 C,,15.294117647058824,30,-31,,,,,,,
Solid Coated,PANTONE 263 C,,81.96078431372548,11,-14,,,,,,,
Solid Coated,PANTONE 264 C,,72.54901960784314,19,-27,,,,,,,
Solid Coated,PANTONE 265 C,,50.588235294117645,35,-49,,,,,,,
Solid Coated,PANTONE 266 C,,38.43137254901961,44,-59,,,,,,,
Solid Coated,PANTONE 267 C,,29.411764705882355,43,-56,,,,,,,
Solid Coated,PANTONE 268 C,,27.84313725490196,34,-42,,,,,,,
Solid Coated,PANTONE 269 C,,25.882352941176475,27,-31,,,,,,,
Solid Coated,PANTONE 2085 C,,84.31372549019608,10,-11,,,,,,,
Solid Coated,PANTONE 2086 C,,61.568627450980394,18,-31,,,,,,,
Solid Coated,PANTONE 2087 C,,58.03921568627452,26,-41,,,,,,,
Solid Coated,PANTONE 2088 C,,47.45098039215686,33,-51,,,,,,,
Solid Coated,PANTONE 2089 C,,40.3921568627451,37,-56,,,,,,,
Solid Coated,PANTONE 2090 C,,35.68627450980392,40,-60,,,,,,,
Solid Coated,PANTONE 2091 C,,24.705882352941178,46,-65,,,,,,,
Solid Coated,PANTONE 2635 C,,76.07843137254902,13,-22,,,,,,,
Solid Coated,PANTONE 2645 C,,65.88235294117646,19,-33,,,,,,,
Solid Coated,PANTONE 2655 C,,56.07843137254902,26,-43,,,,,,,
Solid Coated,PANTONE 2665 C,,45.09803921568628,34,-53,,,,,,,
Solid Coated,PANTONE Violet C,,18.43137254901961,54,-70,,,,,,,
Solid Coated,PANTONE 2685 C,,13.333333333333334,40,-54,,,,,,,
Solid Coated,PANTONE 2695 C,,14.117647058823529,17,-25,,,,,,,
Solid Coated,PANTONE 2092 C,,72.15686274509804,11,-20,,,,,,,
Solid Coated,PANTONE 2093 C,,65.09803921568627,11,-20,,,,,,,
Solid Coated,PANTONE 2094 C,,55.68627450980392,13,-23,,,,,,,
Solid Coated,PANTONE 2095 C,,47.45098039215686,21,-39,,,,,,,
Solid Coated,PANTONE 2096 C,,38.82352941176471,25,-43,,,,,,,
Solid Coated,PANTONE 2097 C,,37.64705882352941,34,-59,,,,,,,
Solid Coated,PANTONE 2098 C,,27.450980392156865,40,-66,,,,,,,
Solid Coated,PANTONE 2099 C,,69.01960784313725,11,-19,,,,,,,
Solid Coated,PANTONE 2100 C,,62.35294117647059,15,-29,,,,,,,
Solid Coated,PANTONE 2101 C,,54.11764705882353,24,-46,,,,,,,
Solid Coated,PANTONE 2102 C,,41.96078431372549,22,-47,,,,,,,
Solid Coated,PANTONE 2103 C,,36.470588235294116,25,-49,,,,,,,
Solid Coated,PANTONE 2104 C,,29.411764705882355,28,-52,,,,,,,
Solid Coated,PANTONE 2105 C,,20.784313725490197,29,-49,,,,,,,
Solid Coated,PANTONE 4120 C,,72.15686274509804,10,-17,,,,,,,
Solid Coated,PANTONE 4121 C,,60.3921568627451,12,-20,,,,,,,
Solid Coated,PANTONE 4122 C,,49.01960784313725,17,-36,,,,,,,
Solid Coated,PANTONE 4123 C,,68.62745098039215,2,-12,,,,,,,
Solid Coated,PANTONE 4124 C,,60.3921568627451,4,-18,,,,,,,
Solid Coated,PANTONE 4125 C,,40.78431372549019,4,-14,,,,,,,
Solid Coated,PANTONE 4126 C,,30.58823529411765,12,-18,,,,,,,
Solid Coated,PANTONE 270 C,,74.50980392156863,6,-22,,,,,,,
Solid Coated,PANTONE 271 C,,63.13725490196078,10,-32,,,,,,,
Solid Coated,PANTONE 272 C,,51.37254901960784,14,-41,,,,,,,
Solid Coated,PANTONE 273 C,,12.941176470588237,24,-43,,,,,,,
Solid Coated,PANTONE 274 C,,11.76470588235294,19,-35,,,,,,,
Solid Coated,PANTONE 275 C,,11.372549019607844,15,-29,,,,,,,
Solid Coated,PANTONE 276 C,,12.156862745098039,8,-16,,,,,,,
Solid Coated,PANTONE 3558 C,,64.70588235294117,5,-31,,,,,,,
Solid Coated,PANTONE 3555 C,,24.313725490196077,35,-41,,,,,,,
Solid Coated,PANTONE 3583 C,,24.705882352941178,37,-47,,,,,,,
Solid Coated,PANTONE 3574 C,,33.72549019607843,20,-30,,,,,,,
Solid Coated,PANTONE 3566 C,,24.313725490196077,26,-38,,,,,,,
Solid Coated,PANTONE 3535 C,,18.823529411764707,43,-58,,,,,,,
Solid Coated,PANTONE 3542 C,,17.647058823529413,34,-54,,,,,,,
Solid Coated,PANTONE 2705 C,,69.01960784313725,10,-31,,,,,,,
Solid Coated,PANTONE 2715 C,,58.43137254901961,16,-42,,,,,,,
Solid Coated,PANTONE 2725 C,,44.31372549019608,25,-56,,,,,,,
Solid Coated,PANTONE 2735 C,,14.117647058823529,48,-69,,,,,,,
Solid Coated,PANTONE 2745 C,,12.549019607843137,35,-55,,,,,,,
Solid Coated,PANTONE 2755 C,,12.549019607843137,27,-45,,,,,,,
Solid Coated,PANTONE 2765 C,,10.980392156862745,16,-30,,,,,,,
Solid Coated,PANTONE 7667 C,,51.76470588235295,1,-22,,,,,,,
Solid Coated,PANTONE 7668 C,,47.05882352941176,7,-28,,,,,,,
Solid Coated,PANTONE 7669 C,,41.96078431372549,13,-34,,,,,,,
Solid Coated,PANTONE 7670 C,,37.254901960784316,15,-37,,,,,,,
Solid Coated,PANTONE 7671 C,,33.33333333333333,18,-37,,,,,,,
Solid Coated,PANTONE 7672 C,,30.980392156862745,18,-37,,,,,,,
Solid Coated,PANTONE 7673 C,,37.254901960784316,10,-29,,,,,,,
Solid Coated,PANTONE 7443 C,,87.45098039215686,3,-7,,,,,,,
Solid Coated,PANTONE 7444 C,,75.29411764705883,5,-19,,,,,,,
Solid Coated,PANTONE 7445 C,,67.84313725490196,6,-17,,,,,,,
Solid Coated,PANTONE 7446 C,,58.03921568627452,13,-36,,,,,,,
Solid Coated,PANTONE 7447 C,,34.11764705882353,17,-24,,,,,,,
Solid Coated,PANTONE 7448 C,,25.882352941176475,12,-10,,,,,,,
Solid Coated,PANTONE 7449 C,,19.607843137254903,15,-7,,,,,,,
Solid Coated,PANTONE 7674 C,,58.82352941176471,5,-23,,,,,,,
Solid Coated,PANTONE 7675 C,,54.11764705882353,7,-25,,,,,,,
Solid Coated,PANTONE 7676 C,,46.27450980392157,16,-30,,,,,,,
Solid Coated,PANTONE 7677 C,,39.6078431372549,24,-31,,,,,,,
Solid Coated,PANTONE 7678 C,,36.470588235294116,26,-34,,,,,,,
Solid Coated,PANTONE 7679 C,,30.980392156862745,23,-36,,,,,,,
Solid Coated,PANTONE 7680 C,,27.450980392156865,27,-35,,,,,,,
Solid Coated,PANTONE 663 C,,89.80392156862746,2,-3,,,,,,,
Solid Coated,PANTONE 664 C,,87.84313725490196,3,-4,,,,,,,
Solid Coated,PANTONE 665 C,,77.25490196078432,6,-9,,,,,,,
Solid Coated,PANTONE 666 C,,62.35294117647059,10,-15,,,,,,,
Solid Coated,PANTONE 667 C,,47.05882352941176,14,-20,,,,,,,
Solid Coated,PANTONE 668 C,,35.68627450980392,16,-23,,,,,,,
Solid Coated,PANTONE 669 C,,21.176470588235293,17,-23,,,,,,,
Solid Coated,PANTONE 5315 C,,85.88235294117646,1,-4,,,,,,,
Solid Coated,PANTONE 5305 C,,79.6078431372549,2,-8,,,,,,,
Solid Coated,PANTONE 5295 C,,72.54901960784314,3,-10,,,,,,,
Solid Coated,PANTONE 5285 C,,58.03921568627452,6,-15,,,,,,,
Solid Coated,PANTONE 5275 C,,37.254901960784316,8,-20,,,,,,,
Solid Coated,PANTONE 5265 C,,26.27450980392157,10,-22,,,,,,,
Solid Coated,PANTONE 5255 C,,10.588235294117647,7,-17,,,,,,,
Solid Coated,PANTONE 2358 C,,68.23529411764706,5,-5,,,,,,,
Solid Coated,PANTONE 2359 C,,49.80392156862745,7,-8,,,,,,,
Solid Coated,PANTONE 2360 C,,51.37254901960784,4,-12,,,,,,,
Solid Coated,PANTONE 2361 C,,47.84313725490196,4,-16,,,,,,,
Solid Coated,PANTONE 2362 C,,45.490196078431374,5,-13,,,,,,,
Solid Coated,PANTONE 2363 C,,40.3921568627451,5,-14,,,,,,,
Solid Coated,PANTONE 2364 C,,39.6078431372549,9,-10,,,,,,,
Solid Coated,PANTONE 4127 C,,54.11764705882353,3,-11,,,,,,,
Solid Coated,PANTONE 4128 C,,47.45098039215686,3,-13,,,,,,,
Solid Coated,PANTONE 4129 C,,46.27450980392157,0,-11,,,,,,,
Solid Coated,PANTONE 4130 C,,37.64705882352941,-1,-12,,,,,,,
Solid Coated,PANTONE 4131 C,,31.76470588235294,2,-12,,,,,,,
Solid Coated,PANTONE 4132 C,,24.705882352941178,3,-10,,,,,,,
Solid Coated,PANTONE 4133 C,,24.705882352941178,2,-8,,,,,,,
Solid Coated,PANTONE 2106 C,,73.72549019607844,2,-14,,,,,,,
Solid Coated,PANTONE 2107 C,,63.13725490196078,2,-19,,,,,,,
Solid Coated,PANTONE 2108 C,,53.72549019607843,4,-24,,,,,,,
Solid Coated,PANTONE 2109 C,,46.666666666666664,7,-26,,,,,,,
Solid Coated,PANTONE 2110 C,,41.568627450980394,7,-28,,,,,,,
Solid Coated,PANTONE 2111 C,,33.72549019607843,7,-30,,,,,,,
Solid Coated,PANTONE 2112 C,,18.43137254901961,22,-38,,,,,,,
Solid Coated,PANTONE 2113 C,,72.15686274509804,4,-28,,,,,,,
Solid Coated,PANTONE 2114 C,,59.6078431372549,7,-33,,,,,,,
Solid Coated,PANTONE 2115 C,,52.156862745098046,9,-38,,,,,,,
Solid Coated,PANTONE 2116 C,,45.490196078431374,12,-42,,,,,,,
Solid Coated,PANTONE 2117 C,,34.11764705882353,17,-47,,,,,,,
Solid Coated,PANTONE 2118 C,,25.098039215686274,15,-40,,,,,,,
Solid Coated,PANTONE 2119 C,,20.784313725490197,12,-34,,,,,,,
Solid Coated,PANTONE 2366 C,,49.01960784313725,18,-52,,,,,,,
Solid Coated,PANTONE 2367 C,,36.86274509803922,23,-55,,,,,,,
Solid Coated,PANTONE 2368 C,,36.86274509803922,27,-62,,,,,,,
Solid Coated,PANTONE 2369 C,,32.549019607843135,27,-65,,,,,,,
Solid Coated,PANTONE 2370 C,,23.92156862745098,28,-59,,,,,,,
Solid Coated,PANTONE 2371 C,,18.03921568627451,42,-64,,,,,,,
Solid Coated,PANTONE 2372 C,,18.03921568627451,26,-51,,,,,,,
Solid Coated,PANTONE 538 C,,82.35294117647058,-2,-7,,,,,,,
Solid Coated,PANTONE 537 C,,79.6078431372549,-2,-10,,,,,,,
Solid Coated,PANTONE 536 C,,71.76470588235294,-2,-14,,,,,,,
Solid Coated,PANTONE 535 C,,64.70588235294117,-1,-18,,,,,,,
Solid Coated,PANTONE 534 C,,21.568627450980394,1,-28,,,,,,,
Solid Coated,PANTONE 533 C,,16.862745098039216,2,-19,,,,,,,
Solid Coated,PANTONE 532 C,,11.76470588235294,1,-8,,,,,,,
Solid Coated,PANTONE 7541 C,,88.62745098039215,-3,-3,,,,,,,
Solid Coated,PANTONE 7542 C,,74.11764705882354,-7,-7,,,,,,,
Solid Coated,PANTONE 7543 C,,66.27450980392156,-3,-7,,,,,,,
Solid Coated,PANTONE 7544 C,,54.509803921568626,-4,-9,,,,,,,
Solid Coated,PANTONE 7545 C,,34.509803921568626,-5,-12,,,,,,,
Solid Coated,PANTONE 7546 C,,21.96078431372549,-4,-13,,,,,,,
Solid Coated,PANTONE 7547 C,,10.588235294117647,-3,-9,,,,,,,
Solid Coated,PANTONE 2162 C,,67.45098039215686,-1,-9,,,,,,,
Solid Coated,PANTONE 2163 C,,62.745098039215684,-5,-14,,,,,,,
Solid Coated,PANTONE 2164 C,,59.6078431372549,-5,-14,,,,,,,
Solid Coated,PANTONE 2165 C,,52.156862745098046,-5,-17,,,,,,,
Solid Coated,PANTONE 2166 C,,46.27450980392157,-6,-18,,,,,,,
Solid Coated,PANTONE 2167 C,,43.92156862745098,-6,-19,,,,,,,
Solid Coated,PANTONE 2168 C,,29.01960784313726,-10,-16,,,,,,,
Solid Coated,PANTONE 4134 C,,66.66666666666666,1,-8,,,,,,,
Solid Coated,PANTONE 4135 C,,54.90196078431373,0,-14,,,,,,,
Solid Coated,PANTONE 4136 C,,45.490196078431374,-2,-13,,,,,,,
Solid Coated,PANTONE 4137 C,,38.43137254901961,-4,-18,,,,,,,
Solid Coated,PANTONE 4138 C,,38.82352941176471,-3,-14,,,,,,,
Solid Coated,PANTONE 4139 C,,37.254901960784316,-1,-12,,,,,,,
Solid Coated,PANTONE 4140 C,,25.49019607843137,0,-7,,,,,,,
Solid Coated,PANTONE 2373 C,,53.72549019607843,-1,-19,,,,,,,
Solid Coated,PANTONE 2374 C,,39.6078431372549,0,-22,,,,,,,
Solid Coated,PANTONE 2376 C,,38.03921568627451,-1,-16,,,,,,,
Solid Coated,PANTONE 2377 C,,33.72549019607843,-6,-22,,,,,,,
Solid Coated,PANTONE 2378 C,,30.19607843137255,0,-21,,,,,,,
Solid Coated,PANTONE 2379 C,,28.627450980392155,0,-14,,,,,,,
Solid Coated,PANTONE 2380 C,,20.784313725490197,0,-16,,,,,,,
Solid Coated,PANTONE 552 C,,82.35294117647058,-8,-9,,,,,,,
Solid Coated,PANTONE 551 C,,77.64705882352942,-10,-11,,,,,,,
Solid Coated,PANTONE 550 C,,71.76470588235294,-12,-15,,,,,,,
Solid Coated,PANTONE 549 C,,63.52941176470588,-15,-18,,,,,,,
Solid Coated,PANTONE 548 C,,20.784313725490197,-21,-18,,,,,,,
Solid Coated,PANTONE 547 C,,16.470588235294116,-17,-14,,,,,,,
Solid Coated,PANTONE 546 C,,14.901960784313726,-11,-9,,,,,,,
Solid Coated,PANTONE 5455 C,,81.56862745098039,-4,-7,,,,,,,
Solid Coated,PANTONE 5445 C,,79.6078431372549,-5,-8,,,,,,,
Solid Coated,PANTONE 5435 C,,74.11764705882354,-6,-10,,,,,,,
Solid Coated,PANTONE 5425 C,,60.78431372549019,-8,-15,,,,,,,
Solid Coated,PANTONE 5415 C,,50.588235294117645,-9,-18,,,,,,,
Solid Coated,PANTONE 5405 C,,46.666666666666664,-9,-18,,,,,,,
Solid Coated,PANTONE 5395 C,,10.196078431372548,-6,-12,,,,,,,
Solid Coated,PANTONE 2155 C,,72.15686274509804,-5,-15,,,,,,,
Solid Coated,PANTONE 2156 C,,66.27450980392156,-5,-18,,,,,,,
Solid Coated,PANTONE 2157 C,,59.21568627450981,-6,-22,,,,,,,
Solid Coated,PANTONE 2158 C,,52.156862745098046,-7,-25,,,,,,,
Solid Coated,PANTONE 2159 C,,47.45098039215686,-7,-26,,,,,,,
Solid Coated,PANTONE 2160 C,,42.35294117647059,-6,-28,,,,,,,
Solid Coated,PANTONE 2161 C,,34.90196078431372,-6,-30,,,,,,,
Solid Coated,PANTONE 2134 C,,67.05882352941175,0,-25,,,,,,,
Solid Coated,PANTONE 2135 C,,57.647058823529406,1,-31,,,,,,,
Solid Coated,PANTONE 2136 C,,60.78431372549019,0,-22,,,,,,,
Solid Coated,PANTONE 2137 C,,52.94117647058824,1,-26,,,,,,,
Solid Coated,PANTONE 2138 C,,48.627450980392155,-2,-19,,,,,,,
Solid Coated,PANTONE 2139 C,,43.529411764705884,-1,-29,,,,,,,
Solid Coated,PANTONE 2140 C,,34.509803921568626,1,-31,,,,,,,
Solid Coated,PANTONE 642 C,,87.05882352941177,-3,-7,,,,,,,
Solid Coated,PANTONE 643 C,,84.31372549019608,-4,-10,,,,,,,
Solid Coated,PANTONE 644 C,,72.94117647058823,-6,-18,,,,,,,
Solid Coated,PANTONE 645 C,,64.31372549019608,-7,-23,,,,,,,
Solid Coated,PANTONE 646 C,,55.294117647058826,-7,-28,,,,,,,
Solid Coated,PANTONE 647 C,,38.43137254901961,-7,-35,,,,,,,
Solid Coated,PANTONE 648 C,,17.254901960784313,-1,-35,,,,,,,
Solid Coated,PANTONE 649 C,,89.41176470588236,-2,-5,,,,,,,
Solid Coated,PANTONE 650 C,,85.88235294117646,-2,-8,,,,,,,
Solid Coated,PANTONE 651 C,,74.90196078431373,-3,-16,,,,,,,
Solid Coated,PANTONE 652 C,,62.35294117647059,-4,-24,,,,,,,
Solid Coated,PANTONE 653 C,,39.6078431372549,-4,-34,,,,,,,
Solid Coated,PANTONE 654 C,,23.137254901960784,0,-38,,,,,,,
Solid Coated,PANTONE 655 C,,14.117647058823529,3,-34,,,,,,,
Solid Coated,PANTONE 656 C,,90.19607843137256,-2,-6,,,,,,,
Solid Coated,PANTONE 657 C,,85.09803921568627,-3,-12,,,,,,,
Solid Coated,PANTONE 658 C,,79.6078431372549,-4,-19,,,,,,,
Solid Coated,PANTONE 659 C,,65.49019607843137,-4,-34,,,,,,,
Solid Coated,PANTONE 660 C,,50.98039215686274,-2,-47,,,,,,,
Solid Coated,PANTONE 661 C,,23.137254901960784,13,-60,,,,,,,
Solid Coated,PANTONE 662 C,,13.725490196078432,21,-53,,,,,,,
Solid Coated,PANTONE 2127 C,,80.0,-3,-15,,,,,,,
Solid Coated,PANTONE 2128 C,,72.54901960784314,-3,-28,,,,,,,
Solid Coated,PANTONE 2129 C,,57.647058823529406,0,-46,,,,,,,
Solid Coated,PANTONE 2130 C,,50.19607843137255,8,-52,,,,,,,
Solid Coated,PANTONE 2131 C,,40.0,12,-58,,,,,,,
Solid Coated,PANTONE 2132 C,,37.64705882352941,11,-64,,,,,,,
Solid Coated,PANTONE 2133 C,,36.470588235294116,3,-49,,,,,,,
Solid Coated,PANTONE 7450 C,,79.2156862745098,0,-13,,,,,,,
Solid Coated,PANTONE 7451 C,,68.62745098039215,-2,-34,,,,,,,
Solid Coated,PANTONE 7452 C,,61.96078431372549,6,-41,,,,,,,
Solid Coated,PANTONE 7453 C,,66.27450980392156,-4,-34,,,,,,,
Solid Coated,PANTONE 7454 C,,56.470588235294116,-8,-27,,,,,,,
Solid Coated,PANTONE 7455 C,,40.0,7,-48,,,,,,,
Solid Coated,PANTONE 7456 C,,47.45098039215686,9,-39,,,,,,,
Solid Coated,PANTONE 2120 C,,81.17647058823529,0,-18,,,,,,,
Solid Coated,PANTONE 2121 C,,69.01960784313725,-3,-27,,,,,,,
Solid Coated,PANTONE 2122 C,,70.98039215686275,2,-30,,,,,,,
Solid Coated,PANTONE 2123 C,,61.1764705882353,5,-42,,,,,,,
Solid Coated,PANTONE 2124 C,,53.72549019607843,13,-48,,,,,,,
Solid Coated,PANTONE 2125 C,,44.31372549019608,17,-57,,,,,,,
Solid Coated,PANTONE 2126 C,,30.19607843137255,27,-67,,,,,,,
Solid Coated,PANTONE 2706 C,,84.31372549019608,0,-14,,,,,,,
Solid Coated,PANTONE 2716 C,,71.37254901960785,4,-30,,,,,,,
Solid Coated,PANTONE 2726 C,,41.96078431372549,18,-60,,,,,,,
Solid Coated,PANTONE 2736 C,,23.137254901960784,35,-73,,,,,,,
Solid Coated,PANTONE 2746 C,,18.823529411764707,31,-64,,,,,,,
Solid Coated,PANTONE 2756 C,,15.686274509803921,19,-48,,,,,,,
Solid Coated,PANTONE 2766 C,,11.76470588235294,11,-33,,,,,,,
Solid Coated,PANTONE 2708 C,,80.7843137254902,-2,-18,,,,,,,
Solid Coated,PANTONE 2718 C,,56.07843137254902,3,-48,,,,,,,
Solid Coated,PANTONE 2728 C,,32.15686274509804,17,-69,,,,,,,
Solid Coated,PANTONE 2738 C,,13.725490196078432,39,-71,,,,,,,
Solid Coated,PANTONE 2748 C,,13.333333333333334,22,-54,,,,,,,
Solid Coated,PANTONE 2758 C,,13.333333333333334,13,-44,,,,,,,
Solid Coated,PANTONE 2768 C,,10.980392156862745,6,-31,,,,,,,
Solid Coated,PANTONE 2707 C,,84.70588235294117,-3,-15,,,,,,,
Solid Coated,PANTONE 2717 C,,78.43137254901961,-4,-24,,,,,,,
Solid Coated,PANTONE 2727 C,,51.76470588235295,3,-60,,,,,,,
Solid Coated,PANTONE Blue 072 C,,17.254901960784313,42,-76,,,,,,,
Solid Coated,PANTONE 2747 C,,13.333333333333334,21,-55,,,,,,,
Solid Coated,PANTONE 2757 C,,12.941176470588237,12,-44,,,,,,,
Solid Coated,PANTONE 2767 C,,15.686274509803921,1,-25,,,,,,,
Solid Coated,PANTONE 277 C,,79.6078431372549,-6,-20,,,,,,,
Solid Coated,PANTONE 278 C,,72.54901960784314,-7,-30,,,,,,,
Solid Coated,PANTONE 279 C,,56.86274509803921,-5,-49,,,,,,,
Solid Coated,PANTONE Reflex Blue C,,14.901960784313726,31,-68,,,,,,,
Solid Coated,PANTONE 280 C,,14.901960784313726,15,-47,,,,,,,
Solid Coated,PANTONE 281 C,,12.549019607843137,9,-41,,,,,,,
Solid Coated,PANTONE 282 C,,10.980392156862745,2,-27,,,,,,,
Solid Coated,PANTONE 283 C,,75.29411764705883,-9,-26,,,,,,,
Solid Coated,PANTONE 284 C,,67.45098039215686,-10,-36,,,,,,,
Solid Coated,PANTONE 285 C,,45.09803921568628,-5,-59,,,,,,,
Solid Coated,PANTONE 286 C,,22.745098039215687,17,-68,,,,,,,
Solid Coated,PANTONE 287 C,,20.784313725490197,12,-57,,,,,,,
Solid Coated,PANTONE 288 C,,18.43137254901961,8,-47,,,,,,,
Solid Coated,PANTONE 289 C,,12.941176470588237,0,-22,,,,,,,
Solid Coated,PANTONE 3506 C,,40.0,0,-49,,,,,,,
Solid Coated,PANTONE 3590 C,,37.64705882352941,7,-45,,,,,,,
Solid Coated,PANTONE 3584 C,,27.450980392156865,10,-41,,,,,,,
Solid Coated,PANTONE 3591 C,,18.43137254901961,18,-54,,,,,,,
Solid Coated,PANTONE 3597 C,,23.52941176470588,7,-40,,,,,,,
Solid Coated,PANTONE 3581 C,,22.35294117647059,9,-38,,,,,,,
Solid Coated,PANTONE 3524 C,,18.43137254901961,11,-25,,,,,,,
Solid Coated,PANTONE 4141 C,,42.35294117647059,4,-38,,,,,,,
Solid Coated,PANTONE 4142 C,,33.33333333333333,4,-31,,,,,,,
Solid Coated,PANTONE 4143 C,,34.90196078431372,-1,-19,,,,,,,
Solid Coated,PANTONE 4144 C,,25.49019607843137,6,-19,,,,,,,
Solid Coated,PANTONE 4145 C,,21.568627450980394,4,-18,,,,,,,
Solid Coated,PANTONE 4146 C,,11.372549019607844,5,-17,,,,,,,
Solid Coated,PANTONE 4147 C,,14.50980392156863,8,-19,,,,,,,
Solid Coated,PANTONE 7681 C,,68.23529411764706,-2,-21,,,,,,,
Solid Coated,PANTONE 7682 C,,54.90196078431373,-2,-31,,,,,,,
Solid Coated,PANTONE 7683 C,,44.70588235294118,-1,-39,,,,,,,
Solid Coated,PANTONE 7684 C,,39.21568627450981,2,-40,,,,,,,
Solid Coated,PANTONE 7685 C,,35.68627450980392,2,-42,,,,,,,
Solid Coated,PANTONE 7686 C,,32.94117647058823,2,-43,,,,,,,
Solid Coated,PANTONE 7687 C,,28.235294117647058,7,-45,,,,,,,
Solid Coated,PANTONE 2141 C,,74.11764705882354,-10,-28,,,,,,,
Solid Coated,PANTONE 2142 C,,68.62745098039215,-6,-34,,,,,,,
Solid Coated,PANTONE 2143 C,,53.333333333333336,-7,-45,,,,,,,
Solid Coated,PANTONE 2144 C,,41.17647058823529,-3,-54,,,,,,,
Solid Coated,PANTONE 2145 C,,31.76470588235294,3,-58,,,,,,,
Solid Coated,PANTONE 2146 C,,23.137254901960784,12,-57,,,,,,,
Solid Coated,PANTONE 2147 C,,17.647058823529413,16,-51,,,,,,,
Solid Coated,PANTONE 545 C,,85.49019607843137,-5,-10,,,,,,,
Solid Coated,PANTONE 544 C,,83.52941176470588,-6,-12,,,,,,,
Solid Coated,PANTONE 543 C,,78.03921568627452,-8,-18,,,,,,,
Solid Coated,PANTONE 542 C,,68.23529411764706,-11,-26,,,,,,,
Solid Coated,PANTONE 541 C,,22.35294117647059,-7,-40,,,,,,,
Solid Coated,PANTONE 540 C,,17.254901960784313,-8,-31,,,,,,,
Solid Coated,PANTONE 539 C,,13.333333333333334,-7,-18,,,,,,,
Solid Coated,PANTONE 290 C,,84.31372549019608,-8,-14,,,,,,,
Solid Coated,PANTONE 291 C,,78.82352941176471,-11,-22,,,,,,,
Solid Coated,PANTONE 292 C,,69.01960784313725,-14,-35,,,,,,,
Solid Coated,PANTONE 293 C,,25.49019607843137,11,-67,,,,,,,
Solid Coated,PANTONE 294 C,,18.823529411764707,3,-43,,,,,,,
Solid Coated,PANTONE 295 C,,14.50980392156863,-2,-34,,,,,,,
Solid Coated,PANTONE 296 C,,8.627450980392156,-5,-14,,,,,,,
Solid Coated,PANTONE 2905 C,,76.86274509803923,-14,-24,,,,,,,
Solid Coated,PANTONE 2915 C,,69.41176470588235,-16,-34,,,,,,,
Solid Coated,PANTONE 2925 C,,59.21568627450981,-18,-46,,,,,,,
Solid Coated,PANTONE 2935 C,,33.72549019607843,-3,-65,,,,,,,
Solid Coated,PANTONE 2945 C,,29.01960784313726,-6,-53,,,,,,,
Solid Coated,PANTONE 2955 C,,20.784313725490197,-9,-35,,,,,,,
Solid Coated,PANTONE 2965 C,,12.941176470588237,-8,-21,,,,,,,
Solid Coated,PANTONE 2169 C,,69.01960784313725,-10,-24,,,,,,,
Solid Coated,PANTONE 2170 C,,60.78431372549019,-12,-30,,,,,,,
Solid Coated,PANTONE 2171 C,,61.96078431372549,-13,-42,,,,,,,
Solid Coated,PANTONE 2172 C,,49.01960784313725,-4,-54,,,,,,,
Solid Coated,PANTONE 2173 C,,51.76470588235295,-11,-53,,,,,,,
Solid Coated,PANTONE 2174 C,,46.27450980392157,-8,-58,,,,,,,
Solid Coated,PANTONE 2175 C,,41.17647058823529,-8,-62,,,,,,,
Solid Coated,PANTONE 2381 C,,59.21568627450981,-3,-44,,,,,,,
Solid Coated,PANTONE 2382 C,,53.72549019607843,-11,-51,,,,,,,
Solid Coated,PANTONE 2383 C,,45.88235294117647,-9,-39,,,,,,,
Solid Coated,PANTONE 2384 C,,37.64705882352941,-11,-45,,,,,,,
Solid Coated,PANTONE 2386 C,,43.92156862745098,5,-55,,,,,,,
Solid Coated,PANTONE 2387 C,,41.17647058823529,7,-62,,,,,,,
Solid Coated,PANTONE 2388 C,,33.33333333333333,6,-64,,,,,,,
Solid Coated,PANTONE 4148 C,,58.82352941176471,-14,-20,,,,,,,
Solid Coated,PANTONE 4149 C,,67.45098039215686,-7,-19,,,,,,,
Solid Coated,PANTONE 4150 C,,50.588235294117645,-2,-38,,,,,,,
Solid Coated,PANTONE 4151 C,,40.0,-10,-48,,,,,,,
Solid Coated,PANTONE 4152 C,,33.33333333333333,0,-43,,,,,,,
Solid Coated,PANTONE 4153 C,,31.76470588235294,0,-40,,,,,,,
Solid Coated,PANTONE 4154 C,,26.27450980392157,-2,-35,,,,,,,
Solid Coated,PANTONE 297 C,,74.50980392156863,-20,-27,,,,,,,
Solid Coated,PANTONE 298 C,,68.62745098039215,-23,-36,,,,,,,
Solid Coated,PANTONE 299 C,,60.78431372549019,-25,-45,,,,,,,
Solid Coated,PANTONE 300 C,,35.68627450980392,-10,-63,,,,,,,
Solid Coated,PANTONE 301 C,,27.450980392156865,-13,-46,,,,,,,
Solid Coated,PANTONE 302 C,,21.176470588235293,-14,-28,,,,,,,
Solid Coated,PANTONE 303 C,,14.50980392156863,-10,-16,,,,,,,
Solid Coated,PANTONE 7688 C,,58.82352941176471,-14,-35,,,,,,,
Solid Coated,PANTONE 7689 C,,54.90196078431373,-17,-37,,,,,,,
Solid Coated,PANTONE 7690 C,,45.09803921568628,-17,-38,,,,,,,
Solid Coated,PANTONE 7691 C,,37.254901960784316,-14,-40,,,,,,,
Solid Coated,PANTONE 7692 C,,33.33333333333333,-10,-36,,,,,,,
Solid Coated,PANTONE 7693 C,,28.235294117647058,-7,-33,,,,,,,
Solid Coated,PANTONE 7694 C,,25.882352941176475,-7,-30,,,,,,,
Solid Coated,PANTONE 2148 C,,57.25490196078431,-10,-25,,,,,,,
Solid Coated,PANTONE 2149 C,,51.37254901960784,-10,-27,,,,,,,
Solid Coated,PANTONE 2150 C,,45.88235294117647,-11,-30,,,,,,,
Solid Coated,PANTONE 2151 C,,42.35294117647059,-7,-38,,,,,,,
Solid Coated,PANTONE 2152 C,,39.6078431372549,-11,-32,,,,,,,
Solid Coated,PANTONE 2153 C,,32.94117647058823,-11,-31,,,,,,,
Solid Coated,PANTONE 2154 C,,27.450980392156865,-4,-41,,,,,,,
Solid Coated,PANTONE 2183 C,,54.90196078431373,-24,-34,,,,,,,
Solid Coated,PANTONE 2184 C,,50.588235294117645,-15,-54,,,,,,,
Solid Coated,PANTONE 2185 C,,43.92156862745098,-24,-38,,,,,,,
Solid Coated,PANTONE 2186 C,,27.450980392156865,-9,-46,,,,,,,
Solid Coated,PANTONE 2187 C,,26.27450980392157,-11,-38,,,,,,,
Solid Coated,PANTONE 2188 C,,24.705882352941178,-11,-32,,,,,,,
Solid Coated,PANTONE 2189 C,,18.823529411764707,-10,-19,,,,,,,
Solid Coated,PANTONE 2975 C,,81.56862745098039,-17,-18,,,,,,,
Solid Coated,PANTONE 2985 C,,72.94117647058823,-24,-30,,,,,,,
Solid Coated,PANTONE 2995 C,,62.35294117647059,-28,-43,,,,,,,
Solid Coated,PANTONE 3005 C,,43.529411764705884,-22,-58,,,,,,,
Solid Coated,PANTONE 3015 C,,35.68627450980392,-23,-45,,,,,,,
Solid Coated,PANTONE 3025 C,,28.627450980392155,-22,-31,,,,,,,
Solid Coated,PANTONE 3035 C,,22.35294117647059,-18,-20,,,,,,,
Solid Coated,PANTONE 2190 C,,69.41176470588235,-20,-34,,,,,,,
Solid Coated,PANTONE 2191 C,,61.568627450980394,-21,-44,,,,,,,
Solid Coated,PANTONE 2192 C,,53.72549019607843,-24,-53,,,,,,,
Solid Coated,PANTONE 2193 C,,54.509803921568626,-20,-52,,,,,,,
Solid Coated,PANTONE 2194 C,,49.80392156862745,-22,-56,,,,,,,
Solid Coated,PANTONE 2195 C,,45.490196078431374,-12,-59,,,,,,,
Solid Coated,PANTONE 2196 C,,39.21568627450981,-18,-52,,,,,,,
Solid Coated,PANTONE 7695 C,,65.49019607843137,-12,-17,,,,,,,
Solid Coated,PANTONE 7696 C,,59.6078431372549,-15,-18,,,,,,,
Solid Coated,PANTONE 7697 C,,52.94117647058824,-15,-21,,,,,,,
Solid Coated,PANTONE 7698 C,,45.490196078431374,-12,-20,,,,,,,
Solid Coated,PANTONE 7699 C,,39.6078431372549,-11,-21,,,,,,,
Solid Coated,PANTONE 7700 C,,35.68627450980392,-12,-27,,,,,,,
Solid Coated,PANTONE 7701 C,,32.549019607843135,-18,-27,,,,,,,
Solid Coated,PANTONE 2176 C,,73.33333333333333,-6,-7,,,,,,,
Solid Coated,PANTONE 2177 C,,63.13725490196078,-10,-11,,,,,,,
Solid Coated,PANTONE 2178 C,,56.470588235294116,-11,-13,,,,,,,
Solid Coated,PANTONE 2179 C,,48.23529411764706,-12,-14,,,,,,,
Solid Coated,PANTONE 2180 C,,42.745098039215684,-13,-16,,,,,,,
Solid Coated,PANTONE 2181 C,,35.294117647058826,-13,-16,,,,,,,
Solid Coated,PANTONE 2182 C,,28.235294117647058,-13,-17,,,,,,,
Solid Coated,PANTONE 2204 C,,80.0,-9,-10,,,,,,,
Solid Coated,PANTONE 2205 C,,69.80392156862744,-11,-15,,,,,,,
Solid Coated,PANTONE 2206 C,,62.745098039215684,-10,-17,,,,,,,
Solid Coated,PANTONE 2207 C,,60.0,-14,-20,,,,,,,
Solid Coated,PANTONE 2208 C,,53.72549019607843,-13,-21,,,,,,,
Solid Coated,PANTONE 2209 C,,52.156862745098046,-15,-22,,,,,,,
Solid Coated,PANTONE 2210 C,,30.58823529411765,-10,-27,,,,,,,
Solid Coated,PANTONE 4155 C,,79.6078431372549,-5,-4,,,,,,,
Solid Coated,PANTONE 4156 C,,74.50980392156863,-12,-12,,,,,,,
Solid Coated,PANTONE 4157 C,,66.27450980392156,-21,-19,,,,,,,
Solid Coated,PANTONE 4158 C,,49.01960784313725,-17,-21,,,,,,,
Solid Coated,PANTONE 4159 C,,32.549019607843135,-15,-35,,,,,,,
Solid Coated,PANTONE 4160 C,,27.058823529411764,-15,-22,,,,,,,
Solid Coated,PANTONE 4161 C,,30.19607843137255,-8,-13,,,,,,,
Solid Coated,PANTONE 7457 C,,85.49019607843137,-10,-10,,,,,,,
Solid Coated,PANTONE 7458 C,,68.23529411764706,-17,-20,,,,,,,
Solid Coated,PANTONE 7459 C,,58.03921568627452,-21,-25,,,,,,,
Solid Coated,PANTONE 7460 C,,47.05882352941176,-41,-49,,,,,,,
Solid Coated,PANTONE 7461 C,,47.05882352941176,-20,-45,,,,,,,
Solid Coated,PANTONE 7462 C,,32.549019607843135,-10,-40,,,,,,,
Solid Coated,PANTONE 7463 C,,15.294117647058824,-6,-25,,,,,,,
Solid Coated,PANTONE 304 C,,82.74509803921568,-20,-15,,,,,,,
Solid Coated,PANTONE 305 C,,75.29411764705883,-28,-27,,,,,,,
Solid Coated,PANTONE 306 C,,65.88235294117646,-36,-39,,,,,,,
Solid Coated,PANTONE Process Blue C,,47.45098039215686,-34,-54,,,,,,,
Solid Coated,PANTONE 307 C,,38.03921568627451,-30,-48,,,,,,,
Solid Coated,PANTONE 308 C,,30.980392156862745,-29,-34,,,,,,,
Solid Coated,PANTONE 309 C,,20.784313725490197,-19,-16,,,,,,,
Solid Coated,PANTONE 635 C,,83.52941176470588,-17,-14,,,,,,,
Solid Coated,PANTONE 636 C,,80.0,-21,-18,,,,,,,
Solid Coated,PANTONE 637 C,,72.15686274509804,-28,-27,,,,,,,
Solid Coated,PANTONE 638 C,,63.921568627450974,-34,-35,,,,,,,
Solid Coated,PANTONE 639 C,,53.72549019607843,-38,-43,,,,,,,
Solid Coated,PANTONE 640 C,,46.27450980392157,-36,-46,,,,,,,
Solid Coated,PANTONE 641 C,,36.470588235294116,-29,-47,,,,,,,
Solid Coated,PANTONE 3577 C,,72.54901960784314,-11,-24,,,,,,,
Solid Coated,PANTONE 3545 C,,68.62745098039215,-35,-33,,,,,,,
Solid Coated,PANTONE 3551 C,,57.647058823529406,-55,-37,,,,,,,
Solid Coated,PANTONE 3538 C,,54.509803921568626,-29,-49,,,,,,,
Solid Coated,PANTONE 3553 C,,39.6078431372549,-26,-53,,,,,,,
Solid Coated,PANTONE 2454 C,,48.23529411764706,-17,-28,,,,,,,
Solid Coated,PANTONE 3526 C,,58.82352941176471,-8,-9,,,,,,,
Solid Coated,PANTONE 2389 C,,61.1764705882353,-18,-31,,,,,,,
Solid Coated,PANTONE 2390 C,,47.84313725490196,-17,-35,,,,,,,
Solid Coated,PANTONE 2391 C,,48.627450980392155,-24,-30,,,,,,,
Solid Coated,PANTONE 2392 C,,40.0,-17,-25,,,,,,,
Solid Coated,PANTONE 2393 C,,53.333333333333336,-32,-45,,,,,,,
Solid Coated,PANTONE 2394 C,,50.588235294117645,-31,-51,,,,,,,
Solid Coated,PANTONE 2396 C,,54.90196078431373,-41,-28,,,,,,,
Solid Coated,PANTONE 7702 C,,63.921568627450974,-23,-25,,,,,,,
Solid Coated,PANTONE 7703 C,,57.647058823529406,-29,-30,,,,,,,
Solid Coated,PANTONE 7704 C,,48.627450980392155,-31,-35,,,,,,,
Solid Coated,PANTONE 7705 C,,41.17647058823529,-27,-33,,,,,,,
Solid Coated,PANTONE 7706 C,,39.21568627450981,-24,-31,,,,,,,
Solid Coated,PANTONE 7707 C,,36.07843137254902,-22,-27,,,,,,,
Solid Coated,PANTONE 7708 C,,31.76470588235294,-22,-25,,,,,,,
Solid Coated,PANTONE 2197 C,,78.43137254901961,-26,-21,,,,,,,
Solid Coated,PANTONE 2198 C,,74.11764705882354,-31,-26,,,,,,,
Solid Coated,PANTONE 2199 C,,67.45098039215686,-38,-33,,,,,,,
Solid Coated,PANTONE 2200 C,,62.35294117647059,-30,-28,,,,,,,
Solid Coated,PANTONE 2201 C,,62.35294117647059,-42,-38,,,,,,,
Solid Coated,PANTONE 2202 C,,59.21568627450981,-37,-47,,,,,,,
Solid Coated,PANTONE 2203 C,,49.01960784313725,-35,-35,,,,,,,
Solid Coated,PANTONE 628 C,,85.09803921568627,-13,-8,,,,,,,
Solid Coated,PANTONE 629 C,,80.3921568627451,-17,-13,,,,,,,
Solid Coated,PANTONE 630 C,,74.50980392156863,-22,-18,,,,,,,
Solid Coated,PANTONE 631 C,,65.88235294117646,-28,-24,,,,,,,
Solid Coated,PANTONE 632 C,,53.72549019607843,-34,-30,,,,,,,
Solid Coated,PANTONE 633 C,,41.17647058823529,-35,-33,,,,,,,
Solid Coated,PANTONE 634 C,,33.72549019607843,-31,-33,,,,,,,
Solid Coated,PANTONE 310 C,,77.64705882352942,-28,-21,,,,,,,
Solid Coated,PANTONE 311 C,,71.37254901960785,-36,-27,,,,,,,
Solid Coated,PANTONE 312 C,,60.0,-46,-37,,,,,,,
Solid Coated,PANTONE 313 C,,50.98039215686274,-48,-41,,,,,,,
Solid Coated,PANTONE 314 C,,44.31372549019608,-45,-37,,,,,,,
Solid Coated,PANTONE 315 C,,36.07843137254902,-37,-28,,,,,,,
Solid Coated,PANTONE 316 C,,25.882352941176475,-23,-14,,,,,,,
Solid Coated,PANTONE 3105 C,,77.64705882352942,-30,-18,,,,,,,
Solid Coated,PANTONE 3115 C,,69.41176470588235,-41,-25,,,,,,,
Solid Coated,PANTONE 3125 C,,61.1764705882353,-49,-31,,,,,,,
Solid Coated,PANTONE 3135 C,,48.627450980392155,-54,-35,,,,,,,
Solid Coated,PANTONE 3145 C,,41.17647058823529,-46,-28,,,,,,,
Solid Coated,PANTONE 3155 C,,34.11764705882353,-39,-23,,,,,,,
Solid Coated,PANTONE 3165 C,,27.450980392156865,-31,-17,,,,,,,
Solid Coated,PANTONE 7709 C,,67.05882352941175,-24,-15,,,,,,,
Solid Coated,PANTONE 7710 C,,60.78431372549019,-36,-21,,,,,,,
Solid Coated,PANTONE 7711 C,,53.72549019607843,-45,-25,,,,,,,
Solid Coated,PANTONE 7712 C,,47.45098039215686,-41,-27,,,,,,,
Solid Coated,PANTONE 7713 C,,44.31372549019608,-42,-22,,,,,,,
Solid Coated,PANTONE 7714 C,,42.35294117647059,-40,-19,,,,,,,
Solid Coated,PANTONE 7715 C,,35.294117647058826,-32,-15,,,,,,,
Solid Coated,PANTONE 2218 C,,67.45098039215686,-19,-15,,,,,,,
Solid Coated,PANTONE 2219 C,,62.35294117647059,-21,-17,,,,,,,
Solid Coated,PANTONE 2220 C,,57.25490196078431,-22,-19,,,,,,,
Solid Coated,PANTONE 2221 C,,52.94117647058824,-24,-20,,,,,,,
Solid Coated,PANTONE 2222 C,,49.01960784313725,-24,-22,,,,,,,
Solid Coated,PANTONE 2223 C,,44.70588235294118,-24,-23,,,,,,,
Solid Coated,PANTONE 2224 C,,38.82352941176471,-24,-24,,,,,,,
Solid Coated,PANTONE 317 C,,86.66666666666667,-18,-7,,,,,,,
Solid Coated,PANTONE 318 C,,81.56862745098039,-27,-12,,,,,,,
Solid Coated,PANTONE 319 C,,73.72549019607844,-40,-18,,,,,,,
Solid Coated,PANTONE 320 C,,52.94117647058824,-63,-25,,,,,,,
Solid Coated,PANTONE 321 C,,48.23529411764706,-57,-23,,,,,,,
Solid Coated,PANTONE 322 C,,40.0,-46,-17,,,,,,,
Solid Coated,PANTONE 323 C,,33.72549019607843,-37,-13,,,,,,,
Solid Coated,PANTONE 2225 C,,79.2156862745098,-28,-17,,,,,,,
Solid Coated,PANTONE 2226 C,,74.11764705882354,-36,-21,,,,,,,
Solid Coated,PANTONE 2227 C,,70.58823529411765,-29,-17,,,,,,,
Solid Coated,PANTONE 2228 C,,57.647058823529406,-54,-31,,,,,,,
Solid Coated,PANTONE 2229 C,,54.11764705882353,-55,-33,,,,,,,
Solid Coated,PANTONE 2230 C,,50.19607843137255,-40,-26,,,,,,,
Solid Coated,PANTONE 2231 C,,43.92156862745098,-40,-27,,,,,,,
Solid Coated,PANTONE 4162 C,,80.7843137254902,-17,1,,,,,,,
Solid Coated,PANTONE 4163 C,,76.47058823529412,-23,0,,,,,,,
Solid Coated,PANTONE 4164 C,,47.84313725490196,-34,-2,,,,,,,
Solid Coated,PANTONE 4165 C,,39.21568627450981,-26,-3,,,,,,,
Solid Coated,PANTONE 4166 C,,45.09803921568628,-20,-5,,,,,,,
Solid Coated,PANTONE 4167 C,,38.43137254901961,-21,-1,,,,,,,
Solid Coated,PANTONE 4168 C,,26.27450980392157,-12,-5,,,,,,,
Solid Coated,PANTONE 7464 C,,79.6078431372549,-18,-4,,,,,,,
Solid Coated,PANTONE 7465 C,,70.19607843137254,-41,-2,,,,,,,
Solid Coated,PANTONE 7466 C,,61.568627450980394,-55,-23,,,,,,,
Solid Coated,PANTONE 7467 C,,56.07843137254902,-60,-25,,,,,,,
Solid Coated,PANTONE 7468 C,,42.745098039215684,-24,-31,,,,,,,
Solid Coated,PANTONE 7469 C,,34.90196078431372,-23,-33,,,,,,,
Solid Coated,PANTONE 7470 C,,32.94117647058823,-24,-23,,,,,,,
Solid Coated,PANTONE 7471 C,,81.17647058823529,-32,-7,,,,,,,
Solid Coated,PANTONE 7472 C,,68.62745098039215,-30,-7,,,,,,,
Solid Coated,PANTONE 7473 C,,56.07843137254902,-36,-3,,,,,,,
Solid Coated,PANTONE 7474 C,,42.745098039215684,-36,-19,,,,,,,
Solid Coated,PANTONE 7475 C,,47.45098039215686,-18,-7,,,,,,,
Solid Coated,PANTONE 7476 C,,30.58823529411765,-20,-10,,,,,,,
Solid Coated,PANTONE 7477 C,,29.411764705882355,-12,-14,,,,,,,
Solid Coated,PANTONE 2211 C,,60.3921568627451,-13,-11,,,,,,,
Solid Coated,PANTONE 2212 C,,51.76470588235295,-16,-14,,,,,,,
Solid Coated,PANTONE 2213 C,,43.13725490196079,-20,-12,,,,,,,
Solid Coated,PANTONE 2214 C,,42.35294117647059,-18,-14,,,,,,,
Solid Coated,PANTONE 2215 C,,33.72549019607843,-11,-15,,,,,,,
Solid Coated,PANTONE 2216 C,,30.19607843137255,-10,-12,,,,,,,
Solid Coated,PANTONE 2217 C,,20.784313725490197,-16,-11,,,,,,,
Solid Coated,PANTONE 5523 C,,80.7843137254902,-9,-4,,,,,,,
Solid Coated,PANTONE 5513 C,,78.03921568627452,-10,-6,,,,,,,
Solid Coated,PANTONE 5503 C,,71.76470588235294,-12,-7,,,,,,,
Solid Coated,PANTONE 5493 C,,65.88235294117646,-14,-9,,,,,,,
Solid Coated,PANTONE 5483 C,,51.76470588235295,-18,-11,,,,,,,
Solid Coated,PANTONE 5473 C,,35.294117647058826,-21,-13,,,,,,,
Solid Coated,PANTONE 5463 C,,13.333333333333334,-11,-9,,,,,,,
Solid Coated,PANTONE 2232 C,,67.05882352941175,-21,-10,,,,,,,
Solid Coated,PANTONE 2233 C,,63.13725490196078,-24,-14,,,,,,,
Solid Coated,PANTONE 2234 C,,60.0,-25,-13,,,,,,,
Solid Coated,PANTONE 2235 C,,54.90196078431373,-29,-16,,,,,,,
Solid Coated,PANTONE 2236 C,,54.509803921568626,-29,-15,,,,,,,
Solid Coated,PANTONE 2237 C,,49.80392156862745,-30,-15,,,,,,,
Solid Coated,PANTONE 2238 C,,38.03921568627451,-33,-19,,,,,,,
Solid Coated,PANTONE 7716 C,,54.11764705882353,-39,-9,,,,,,,
Solid Coated,PANTONE 7717 C,,47.45098039215686,-44,-9,,,,,,,
Solid Coated,PANTONE 7718 C,,41.568627450980394,-44,-11,,,,,,,
Solid Coated,PANTONE 7719 C,,38.82352941176471,-38,-9,,,,,,,
Solid Coated,PANTONE 7720 C,,35.68627450980392,-34,-6,,,,,,,
Solid Coated,PANTONE 7721 C,,34.11764705882353,-29,-9,,,,,,,
Solid Coated,PANTONE 7722 C,,29.411764705882355,-25,-9,,,,,,,
Solid Coated,PANTONE 324 C,,82.74509803921568,-22,-7,,,,,,,
Solid Coated,PANTONE 325 C,,75.29411764705883,-33,-10,,,,,,,
Solid Coated,PANTONE 326 C,,63.13725490196078,-49,-11,,,,,,,
Solid Coated,PANTONE 327 C,,45.490196078431374,-65,-7,,,,,,,
Solid Coated,PANTONE 328 C,,39.21568627450981,-54,-8,,,,,,,
Solid Coated,PANTONE 329 C,,35.68627450980392,-46,-7,,,,,,,
Solid Coated,PANTONE 330 C,,30.19607843137255,-27,-4,,,,,,,
Solid Coated,PANTONE 2455 C,,72.94117647058823,-16,-2,,,,,,,
Solid Coated,PANTONE 3533 C,,79.6078431372549,-38,-4,,,,,,,
Solid Coated,PANTONE 3534 C,,61.1764705882353,-65,-11,,,,,,,
Solid Coated,PANTONE 2456 C,,57.25490196078431,-35,-2,,,,,,,
Solid Coated,PANTONE 3560 C,,56.470588235294116,-61,-11,,,,,,,
Solid Coated,PANTONE 3557 C,,43.92156862745098,-46,-17,,,,,,,
Solid Coated,PANTONE 3541 C,,49.80392156862745,-62,-25,,,,,,,
Solid Coated,PANTONE 3242 C,,80.3921568627451,-34,-8,,,,,,,
Solid Coated,PANTONE 3252 C,,75.29411764705883,-44,-11,,,,,,,
Solid Coated,PANTONE 3262 C,,66.27450980392156,-60,-13,,,,,,,
Solid Coated,PANTONE 3272 C,,55.68627450980392,-70,-15,,,,,,,
Solid Coated,PANTONE 3282 C,,45.490196078431374,-58,-10,,,,,,,
Solid Coated,PANTONE 3292 C,,30.980392156862745,-38,-6,,,,,,,
Solid Coated,PANTONE 3302 C,,27.450980392156865,-26,-4,,,,,,,
Solid Coated,PANTONE 2397 C,,65.09803921568627,-46,-19,,,,,,,
Solid Coated,PANTONE 2398 C,,66.66666666666666,-47,-11,,,,,,,
Solid Coated,PANTONE 2399 C,,58.43137254901961,-68,-14,,,,,,,
Solid Coated,PANTONE 2400 C,,61.568627450980394,-56,-3,,,,,,,
Solid Coated,PANTONE 2401 C,,61.1764705882353,-37,-4,,,,,,,
Solid Coated,PANTONE 2402 C,,54.11764705882353,-63,-5,,,,,,,
Solid Coated,PANTONE 2403 C,,46.27450980392157,-68,-10,,,,,,,
Solid Coated,PANTONE 2457 C,,66.66666666666666,-14,4,,,,,,,
Solid Coated,PANTONE 2458 C,,58.43137254901961,-21,5,,,,,,,
Solid Coated,PANTONE 2459 C,,65.09803921568627,-34,4,,,,,,,
Solid Coated,PANTONE 2460 C,,66.27450980392156,-24,-6,,,,,,,
Solid Coated,PANTONE 2461 C,,54.90196078431373,-33,-9,,,,,,,
Solid Coated,PANTONE 2462 C,,54.509803921568626,-20,-2,,,,,,,
Solid Coated,PANTONE 2463 C,,47.05882352941176,-11,-1,,,,,,,
Solid Coated,PANTONE 4169 C,,78.82352941176471,-7,0,,,,,,,
Solid Coated,PANTONE 4170 C,,74.11764705882354,-10,-2,,,,,,,
Solid Coated,PANTONE 4171 C,,72.54901960784314,-12,-2,,,,,,,
Solid Coated,PANTONE 4172 C,,67.84313725490196,-18,-3,,,,,,,
Solid Coated,PANTONE 4173 C,,74.11764705882354,-23,-6,,,,,,,
Solid Coated,PANTONE 4174 C,,73.33333333333333,-22,-8,,,,,,,
Solid Coated,PANTONE 4175 C,,72.54901960784314,-13,-10,,,,,,,
Solid Coated,PANTONE 3245 C,,81.96078431372548,-34,-5,,,,,,,
Solid Coated,PANTONE 3255 C,,76.07843137254902,-47,-6,,,,,,,
Solid Coated,PANTONE 3265 C,,69.41176470588235,-60,-7,,,,,,,
Solid Coated,PANTONE 3275 C,,60.78431372549019,-72,-7,,,,,,,
Solid Coated,PANTONE 3285 C,,52.156862745098046,-58,-5,,,,,,,
Solid Coated,PANTONE 3295 C,,41.568627450980394,-51,-4,,,,,,,
Solid Coated,PANTONE 3305 C,,28.235294117647058,-27,-1,,,,,,,
Solid Coated,PANTONE 3248 C,,75.29411764705883,-34,-1,,,,,,,
Solid Coated,PANTONE 3258 C,,71.37254901960785,-40,-3,,,,,,,
Solid Coated,PANTONE 3268 C,,60.0,-56,0,,,,,,,
Solid Coated,PANTONE 3278 C,,53.333333333333336,-63,2,,,,,,,
Solid Coated,PANTONE 3288 C,,45.09803921568628,-57,2,,,,,,,
Solid Coated,PANTONE 3298 C,,37.254901960784316,-44,2,,,,,,,
Solid Coated,PANTONE 3308 C,,25.098039215686274,-24,1,,,,,,,
Solid Coated,PANTONE 566 C,,84.70588235294117,-14,0,,,,,,,
Solid Coated,PANTONE 565 C,,81.17647058823529,-20,-2,,,,,,,
Solid Coated,PANTONE 564 C,,75.68627450980392,-25,-3,,,,,,,
Solid Coated,PANTONE 563 C,,69.80392156862744,-30,-3,,,,,,,
Solid Coated,PANTONE 562 C,,40.3921568627451,-37,-4,,,,,,,
Solid Coated,PANTONE 561 C,,32.549019607843135,-28,-1,,,,,,,
Solid Coated,PANTONE 560 C,,22.35294117647059,-15,0,,,,,,,
Solid Coated,PANTONE 573 C,,86.27450980392157,-18,-1,,,,,,,
Solid Coated,PANTONE 572 C,,83.92156862745098,-22,-2,,,,,,,
Solid Coated,PANTONE 571 C,,81.96078431372548,-25,-2,,,,,,,
Solid Coated,PANTONE 570 C,,74.50980392156863,-34,-3,,,,,,,
Solid Coated,PANTONE 569 C,,45.88235294117647,-48,-3,,,,,,,
Solid Coated,PANTONE 568 C,,39.21568627450981,-36,-1,,,,,,,
Solid Coated,PANTONE 567 C,,23.137254901960784,-18,1,,,,,,,
Solid Coated,PANTONE 559 C,,78.43137254901961,-13,4,,,,,,,
Solid Coated,PANTONE 558 C,,73.33333333333333,-15,5,,,,,,,
Solid Coated,PANTONE 557 C,,67.84313725490196,-18,5,,,,,,,
Solid Coated,PANTONE 556 C,,61.96078431372549,-22,7,,,,,,,
Solid Coated,PANTONE 555 C,,41.96078431372549,-30,11,,,,,,,
Solid Coated,PANTONE 554 C,,34.11764705882353,-25,9,,,,,,,
Solid Coated,PANTONE 553 C,,27.058823529411764,-16,7,,,,,,,
Solid Coated,PANTONE 2404 C,,72.54901960784314,-11,11,,,,,,,
Solid Coated,PANTONE 2406 C,,61.96078431372549,-14,7,,,,,,,
Solid Coated,PANTONE 2407 C,,54.90196078431373,-17,9,,,,,,,
Solid Coated,PANTONE 2408 C,,46.666666666666664,-24,13,,,,,,,
Solid Coated,PANTONE 2409 C,,40.0,-15,13,,,,,,,
Solid Coated,PANTONE 2410 C,,35.68627450980392,-15,13,,,,,,,
Solid Coated,PANTONE 2411 C,,23.92156862745098,-21,15,,,,,,,
Solid Coated,PANTONE 5595 C,,81.17647058823529,-7,3,,,,,,,
Solid Coated,PANTONE 5585 C,,74.50980392156863,-10,2,,,,,,,
Solid Coated,PANTONE 5575 C,,67.84313725490196,-12,2,,,,,,,
Solid Coated,PANTONE 5565 C,,61.568627450980394,-14,2,,,,,,,
Solid Coated,PANTONE 5555 C,,49.80392156862745,-16,2,,,,,,,
Solid Coated,PANTONE 5545 C,,40.78431372549019,-18,2,,,,,,,
Solid Coated,PANTONE 5535 C,,17.254901960784313,-13,1,,,,,,,
Solid Coated,PANTONE 5665 C,,78.03921568627452,-6,4,,,,,,,
Solid Coated,PANTONE 5655 C,,74.90196078431373,-6,4,,,,,,,
Solid Coated,PANTONE 5645 C,,70.58823529411765,-7,4,,,,,,,
Solid Coated,PANTONE 5635 C,,65.49019607843137,-8,5,,,,,,,
Solid Coated,PANTONE 5625 C,,52.94117647058824,-10,6,,,,,,,
Solid Coated,PANTONE 5615 C,,46.27450980392157,-11,7,,,,,,,
Solid Coated,PANTONE 5605 C,,20.784313725490197,-11,4,,,,,,,
Solid Coated,PANTONE 4176 C,,81.56862745098039,-5,4,,,,,,,
Solid Coated,PANTONE 4177 C,,76.47058823529412,-3,7,,,,,,,
Solid Coated,PANTONE 4178 C,,70.19607843137254,-6,10,,,,,,,
Solid Coated,PANTONE 4179 C,,65.09803921568627,-10,16,,,,,,,
Solid Coated,PANTONE 4180 C,,61.568627450980394,-7,11,,,,,,,
Solid Coated,PANTONE 4181 C,,53.333333333333336,-10,8,,,,,,,
Solid Coated,PANTONE 4182 C,,48.23529411764706,-7,7,,,,,,,
Solid Coated,PANTONE 4183 C,,76.86274509803923,-5,5,,,,,,,
Solid Coated,PANTONE 4184 C,,67.84313725490196,-8,3,,,,,,,
Solid Coated,PANTONE 4185 C,,63.921568627450974,-10,0,,,,,,,
Solid Coated,PANTONE 4186 C,,55.68627450980392,-13,-3,,,,,,,
Solid Coated,PANTONE 4187 C,,50.19607843137255,-7,-4,,,,,,,
Solid Coated,PANTONE 4188 C,,36.86274509803922,-10,-4,,,,,,,
Solid Coated,PANTONE 4189 C,,28.235294117647058,-14,-10,,,,,,,
Solid Coated,PANTONE 5527 C,,79.6078431372549,-5,-1,,,,,,,
Solid Coated,PANTONE 5517 C,,76.07843137254902,-6,-1,,,,,,,
Solid Coated,PANTONE 5507 C,,69.80392156862744,-7,-1,,,,,,,
Solid Coated,PANTONE 5497 C,,60.78431372549019,-9,-2,,,,,,,
Solid Coated,PANTONE 5487 C,,48.23529411764706,-11,-2,,,,,,,
Solid Coated,PANTONE 5477 C,,36.470588235294116,-12,-2,,,,,,,
Solid Coated,PANTONE 5467 C,,18.823529411764707,-12,-2,,,,,,,
Solid Coated,PANTONE 4190 C,,70.98039215686275,-6,5,,,,,,,
Solid Coated,PANTONE 4191 C,,65.88235294117646,-8,0,,,,,,,
Solid Coated,PANTONE 4192 C,,60.0,-8,4,,,,,,,
Solid Coated,PANTONE 4193 C,,42.745098039215684,-4,6,,,,,,,
Solid Coated,PANTONE 4194 C,,40.3921568627451,-6,-1,,,,,,,
Solid Coated,PANTONE 4195 C,,42.35294117647059,0,-2,,,,,,,
Solid Coated,PANTONE 4196 C,,34.90196078431372,-4,-6,,,,,,,
Solid Coated,PANTONE 4197 C,,61.96078431372549,-8,3,,,,,,,
Solid Coated,PANTONE 4198 C,,50.19607843137255,-10,4,,,,,,,
Solid Coated,PANTONE 4199 C,,42.35294117647059,-8,4,,,,,,,
Solid Coated,PANTONE 4200 C,,43.529411764705884,-9,2,,,,,,,
Solid Coated,PANTONE 4201 C,,41.568627450980394,-11,2,,,,,,,
Solid Coated,PANTONE 4202 C,,30.980392156862745,-10,1,,,,,,,
Solid Coated,PANTONE 4203 C,,27.84313725490196,-12,1,,,,,,,
Solid Coated,PANTONE 621 C,,87.84313725490196,-7,2,,,,,,,
Solid Coated,PANTONE 622 C,,80.3921568627451,-10,2,,,,,,,
Solid Coated,PANTONE 623 C,,72.15686274509804,-14,2,,,,,,,
Solid Coated,PANTONE 624 C,,61.568627450980394,-17,2,,,,,,,
Solid Coated,PANTONE 625 C,,49.01960784313725,-20,2,,,,,,,
Solid Coated,PANTONE 626 C,,34.90196078431372,-22,1,,,,,,,
Solid Coated,PANTONE 627 C,,17.647058823529413,-14,0,,,,,,,
Solid Coated,PANTONE 331 C,,86.27450980392157,-24,-1,,,,,,,
Solid Coated,PANTONE 332 C,,83.52941176470588,-31,-2,,,,,,,
Solid Coated,PANTONE 333 C,,78.03921568627452,-48,-2,,,,,,,
Solid Coated,PANTONE Green C,,57.647058823529406,-78,0,,,,,,,
Solid Coated,PANTONE 334 C,,51.37254901960784,-68,0,,,,,,,
Solid Coated,PANTONE 335 C,,43.13725490196079,-52,1,,,,,,,
Solid Coated,PANTONE 336 C,,36.07843137254902,-40,1,,,,,,,
Solid Coated,PANTONE 2239 C,,72.94117647058823,-54,-4,,,,,,,
Solid Coated,PANTONE 2240 C,,66.27450980392156,-68,-2,,,,,,,
Solid Coated,PANTONE 2241 C,,60.78431372549019,-28,-1,,,,,,,
Solid Coated,PANTONE 2242 C,,56.470588235294116,-62,7,,,,,,,
Solid Coated,PANTONE 2243 C,,53.333333333333336,-45,1,,,,,,,
Solid Coated,PANTONE 2244 C,,47.05882352941176,-34,0,,,,,,,
Solid Coated,PANTONE 2245 C,,45.09803921568628,-71,10,,,,,,,
Solid Coated,PANTONE 337 C,,79.6078431372549,-28,3,,,,,,,
Solid Coated,PANTONE 338 C,,75.68627450980392,-35,3,,,,,,,
Solid Coated,PANTONE 339 C,,63.13725490196078,-54,7,,,,,,,
Solid Coated,PANTONE 340 C,,51.76470588235295,-66,14,,,,,,,
Solid Coated,PANTONE 341 C,,43.13725490196079,-49,9,,,,,,,
Solid Coated,PANTONE 342 C,,36.470588235294116,-39,8,,,,,,,
Solid Coated,PANTONE 343 C,,31.76470588235294,-27,6,,,,,,,
Solid Coated,PANTONE 7723 C,,61.568627450980394,-34,8,,,,,,,
Solid Coated,PANTONE 7724 C,,53.72549019607843,-45,10,,,,,,,
Solid Coated,PANTONE 7725 C,,47.05882352941176,-56,13,,,,,,,
Solid Coated,PANTONE 7726 C,,42.745098039215684,-54,13,,,,,,,
Solid Coated,PANTONE 7727 C,,38.82352941176471,-47,12,,,,,,,
Solid Coated,PANTONE 7728 C,,36.86274509803922,-40,9,,,,,,,
Solid Coated,PANTONE 7729 C,,31.372549019607842,-33,2,,,,,,,
Solid Coated,PANTONE 3375 C,,81.96078431372548,-39,5,,,,,,,
Solid Coated,PANTONE 3385 C,,76.86274509803923,-49,7,,,,,,,
Solid Coated,PANTONE 3395 C,,67.45098039215686,-67,12,,,,,,,
Solid Coated,PANTONE 3405 C,,58.82352941176471,-79,18,,,,,,,
Solid Coated,PANTONE 3415 C,,41.17647058823529,-52,12,,,,,,,
Solid Coated,PANTONE 3425 C,,35.294117647058826,-40,9,,,,,,,
Solid Coated,PANTONE 3435 C,,25.882352941176475,-23,5,,,,,,,
Solid Coated,PANTONE 2246 C,,80.7843137254902,-19,7,,,,,,,
Solid Coated,PANTONE 2247 C,,71.76470588235294,-31,11,,,,,,,
Solid Coated,PANTONE 2248 C,,68.62745098039215,-31,11,,,,,,,
Solid Coated,PANTONE 2249 C,,63.13725490196078,-35,13,,,,,,,
Solid Coated,PANTONE 2250 C,,63.13725490196078,-56,19,,,,,,,
Solid Coated,PANTONE 2251 C,,60.3921568627451,-60,16,,,,,,,
Solid Coated,PANTONE 2252 C,,56.86274509803921,-78,30,,,,,,,
Solid Coated,PANTONE 2412 C,,76.07843137254902,-52,17,,,,,,,
Solid Coated,PANTONE 2413 C,,66.27450980392156,-45,8,,,,,,,
Solid Coated,PANTONE 2414 C,,66.27450980392156,-57,16,,,,,,,
Solid Coated,PANTONE 2416 C,,61.96078431372549,-60,15,,,,,,,
Solid Coated,PANTONE 2417 C,,56.86274509803921,-44,15,,,,,,,
Solid Coated,PANTONE 2418 C,,45.09803921568628,-76,22,,,,,,,
Solid Coated,PANTONE 2419 C,,43.92156862745098,-47,8,,,,,,,
Solid Coated,PANTONE 344 C,,81.56862745098039,-25,12,,,,,,,
Solid Coated,PANTONE 345 C,,79.6078431372549,-30,12,,,,,,,
Solid Coated,PANTONE 346 C,,74.90196078431373,-38,16,,,,,,,
Solid Coated,PANTONE 347 C,,53.333333333333336,-65,30,,,,,,,
Solid Coated,PANTONE 348 C,,46.27450980392157,-55,26,,,,,,,
Solid Coated,PANTONE 349 C,,38.43137254901961,-38,19,,,,,,,
Solid Coated,PANTONE 350 C,,30.980392156862745,-20,12,,,,,,,
Solid Coated,PANTONE 351 C,,84.70588235294117,-29,13,,,,,,,
Solid Coated,PANTONE 352 C,,83.13725490196079,-36,15,,,,,,,
Solid Coated,PANTONE 353 C,,81.56862745098039,-40,17,,,,,,,
Solid Coated,PANTONE 354 C,,60.3921568627451,-77,39,,,,,,,
Solid Coated,PANTONE 355 C,,51.76470588235295,-68,33,,,,,,,
Solid Coated,PANTONE 356 C,,43.13725490196079,-51,27,,,,,,,
Solid Coated,PANTONE 357 C,,32.15686274509804,-27,15,,,,,,,
Solid Coated,PANTONE 7478 C,,84.31372549019608,-30,9,,,,,,,
Solid Coated,PANTONE 7479 C,,73.33333333333333,-59,27,,,,,,,
Solid Coated,PANTONE 7480 C,,65.88235294117646,-69,24,,,,,,,
Solid Coated,PANTONE 7481 C,,62.745098039215684,-73,35,,,,,,,
Solid Coated,PANTONE 7482 C,,54.90196078431373,-65,27,,,,,,,
Solid Coated,PANTONE 7483 C,,34.509803921568626,-27,14,,,,,,,
Solid Coated,PANTONE 7484 C,,31.372549019607842,-31,6,,,,,,,
Solid Coated,PANTONE 2253 C,,88.23529411764706,-20,9,,,,,,,
Solid Coated,PANTONE 2254 C,,83.92156862745098,-23,15,,,,,,,
Solid Coated,PANTONE 2255 C,,77.64705882352942,-34,21,,,,,,,
Solid Coated,PANTONE 2256 C,,70.19607843137254,-46,29,,,,,,,
Solid Coated,PANTONE 2257 C,,61.1764705882353,-57,34,,,,,,,
Solid Coated,PANTONE 2258 C,,47.45098039215686,-53,39,,,,,,,
Solid Coated,PANTONE 2259 C,,40.78431372549019,-44,33,,,,,,,
Solid Coated,PANTONE 2464 C,,70.19607843137254,-34,30,,,,,,,
Solid Coated,PANTONE 2465 C,,40.3921568627451,-37,26,,,,,,,
Solid Coated,PANTONE 3522 C,,46.666666666666664,-70,31,,,,,,,
Solid Coated,PANTONE 3536 C,,39.21568627450981,-79,18,,,,,,,
Solid Coated,PANTONE 3500 C,,37.254901960784316,-58,19,,,,,,,
Solid Coated,PANTONE 3537 C,,24.705882352941178,-40,16,,,,,,,
Solid Coated,PANTONE 2466 C,,30.980392156862745,-16,-4,,,,,,,
Solid Coated,PANTONE 7730 C,,55.294117647058826,-34,19,,,,,,,
Solid Coated,PANTONE 7731 C,,49.411764705882355,-42,24,,,,,,,
Solid Coated,PANTONE 7732 C,,43.13725490196079,-46,21,,,,,,,
Solid Coated,PANTONE 7733 C,,40.0,-40,16,,,,,,,
Solid Coated,PANTONE 7734 C,,36.07843137254902,-27,12,,,,,,,
Solid Coated,PANTONE 7735 C,,33.33333333333333,-18,11,,,,,,,
Solid Coated,PANTONE 7736 C,,33.33333333333333,-15,7,,,,,,,
Solid Coated,PANTONE 7737 C,,61.568627450980394,-34,46,,,,,,,
Solid Coated,PANTONE 7738 C,,58.82352941176471,-44,40,,,,,,,
Solid Coated,PANTONE 7739 C,,56.07843137254902,-47,35,,,,,,,
Solid Coated,PANTONE 7740 C,,52.94117647058824,-41,33,,,,,,,
Solid Coated,PANTONE 7741 C,,50.19607843137255,-35,31,,,,,,,
Solid Coated,PANTONE 7742 C,,45.490196078431374,-26,26,,,,,,,
Solid Coated,PANTONE 7743 C,,40.3921568627451,-22,19,,,,,,,
Solid Coated,PANTONE 4204 C,,81.56862745098039,-11,19,,,,,,,
Solid Coated,PANTONE 4205 C,,74.50980392156863,-16,25,,,,,,,
Solid Coated,PANTONE 4206 C,,67.05882352941175,-17,18,,,,,,,
Solid Coated,PANTONE 4207 C,,62.35294117647059,-19,16,,,,,,,
Solid Coated,PANTONE 4208 C,,42.745098039215684,-25,9,,,,,,,
Solid Coated,PANTONE 4209 C,,34.11764705882353,-14,2,,,,,,,
Solid Coated,PANTONE 4210 C,,30.58823529411765,-14,3,,,,,,,
Solid Coated,PANTONE 2260 C,,80.3921568627451,-15,13,,,,,,,
Solid Coated,PANTONE 2261 C,,72.15686274509804,-19,16,,,,,,,
Solid Coated,PANTONE 2262 C,,67.05882352941175,-18,13,,,,,,,
Solid Coated,PANTONE 2263 C,,58.03921568627452,-20,17,,,,,,,
Solid Coated,PANTONE 2264 C,,57.25490196078431,-25,22,,,,,,,
Solid Coated,PANTONE 2265 C,,49.01960784313725,-21,20,,,,,,,
Solid Coated,PANTONE 2266 C,,32.15686274509804,-23,23,,,,,,,
Solid Coated,PANTONE 358 C,,82.35294117647058,-26,30,,,,,,,
Solid Coated,PANTONE 359 C,,80.3921568627451,-30,34,,,,,,,
Solid Coated,PANTONE 360 C,,70.58823529411765,-44,48,,,,,,,
Solid Coated,PANTONE 361 C,,62.745098039215684,-51,52,,,,,,,
Solid Coated,PANTONE 362 C,,58.03921568627452,-41,46,,,,,,,
Solid Coated,PANTONE 363 C,,52.156862745098046,-36,42,,,,,,,
Solid Coated,PANTONE 364 C,,45.09803921568628,-27,35,,,,,,,
Solid Coated,PANTONE 2267 C,,82.74509803921568,-34,26,,,,,,,
Solid Coated,PANTONE 2268 C,,78.43137254901961,-45,34,,,,,,,
Solid Coated,PANTONE 2269 C,,74.50980392156863,-40,37,,,,,,,
Solid Coated,PANTONE 2270 C,,70.19607843137254,-61,46,,,,,,,
Solid Coated,PANTONE 2271 C,,64.70588235294117,-69,51,,,,,,,
Solid Coated,PANTONE 2272 C,,54.509803921568626,-56,49,,,,,,,
Solid Coated,PANTONE 2273 C,,41.568627450980394,-37,32,,,,,,,
Solid Coated,PANTONE 2420 C,,69.01960784313725,-66,36,,,,,,,
Solid Coated,PANTONE 2421 C,,64.70588235294117,-61,69,,,,,,,
Solid Coated,PANTONE 2422 C,,58.43137254901961,-63,46,,,,,,,
Solid Coated,PANTONE 2423 C,,58.43137254901961,-75,53,,,,,,,
Solid Coated,PANTONE 2424 C,,56.470588235294116,-54,60,,,,,,,
Solid Coated,PANTONE 2426 C,,47.84313725490196,-69,43,,,,,,,
Solid Coated,PANTONE 2427 C,,33.72549019607843,-38,28,,,,,,,
Solid Coated,PANTONE 7485 C,,86.27450980392157,-10,15,,,,,,,
Solid Coated,PANTONE 7486 C,,85.09803921568627,-22,32,,,,,,,
Solid Coated,PANTONE 7487 C,,80.3921568627451,-43,48,,,,,,,
Solid Coated,PANTONE 7488 C,,77.25490196078432,-49,55,,,,,,,
Solid Coated,PANTONE 7489 C,,63.921568627450974,-31,39,,,,,,,
Solid Coated,PANTONE 7490 C,,58.43137254901961,-24,36,,,,,,,
Solid Coated,PANTONE 7491 C,,53.333333333333336,-14,37,,,,,,,
Solid Coated,PANTONE 2274 C,,85.49019607843137,-9,18,,,,,,,
Solid Coated,PANTONE 2275 C,,84.31372549019608,-17,31,,,,,,,
Solid Coated,PANTONE 2276 C,,64.70588235294117,-22,40,,,,,,,
Solid Coated,PANTONE 2277 C,,55.294117647058826,-37,50,,,,,,,
Solid Coated,PANTONE 2278 C,,48.23529411764706,-31,43,,,,,,,
Solid Coated,PANTONE 2279 C,,48.627450980392155,-23,39,,,,,,,
Solid Coated,PANTONE 2280 C,,40.78431372549019,-23,36,,,,,,,
Solid Coated,PANTONE 365 C,,85.49019607843137,-21,38,,,,,,,
Solid Coated,PANTONE 366 C,,83.52941176470588,-25,43,,,,,,,
Solid Coated,PANTONE 367 C,,80.0,-31,51,,,,,,,
Solid Coated,PANTONE 368 C,,69.80392156862744,-41,62,,,,,,,
Solid Coated,PANTONE 369 C,,61.568627450980394,-39,59,,,,,,,
Solid Coated,PANTONE 370 C,,53.72549019607843,-27,50,,,,,,,
Solid Coated,PANTONE 371 C,,38.82352941176471,-13,32,,,,,,,
Solid Coated,PANTONE 3570 C,,80.0,-31,91,,,,,,,
Solid Coated,PANTONE 3507 C,,78.43137254901961,-28,83,,,,,,,
Solid Coated,PANTONE 3561 C,,71.37254901960785,-45,74,,,,,,,
Solid Coated,PANTONE 3501 C,,62.35294117647059,-50,60,,,,,,,
Solid Coated,PANTONE 3529 C,,59.6078431372549,-55,50,,,,,,,
Solid Coated,PANTONE 3539 C,,56.07843137254902,-45,44,,,,,,,
Solid Coated,PANTONE 3508 C,,47.05882352941176,-20,35,,,,,,,
Solid Coated,PANTONE 2281 C,,89.41176470588236,-15,36,,,,,,,
Solid Coated,PANTONE 2282 C,,88.23529411764706,-22,36,,,,,,,
Solid Coated,PANTONE 2283 C,,83.13725490196079,-35,52,,,,,,,
Solid Coated,PANTONE 2284 C,,80.7843137254902,-23,38,,,,,,,
Solid Coated,PANTONE 2285 C,,79.6078431372549,-41,59,,,,,,,
Solid Coated,PANTONE 2286 C,,73.72549019607844,-47,75,,,,,,,
Solid Coated,PANTONE 2287 C,,70.58823529411765,-54,68,,,,,,,
Solid Coated,PANTONE 372 C,,89.41176470588236,-19,42,,,,,,,
Solid Coated,PANTONE 373 C,,88.62745098039215,-22,47,,,,,,,
Solid Coated,PANTONE 374 C,,87.05882352941177,-26,54,,,,,,,
Solid Coated,PANTONE 375 C,,78.82352941176471,-41,77,,,,,,,
Solid Coated,PANTONE 376 C,,70.19607843137254,-38,73,,,,,,,
Solid Coated,PANTONE 377 C,,58.82352941176471,-26,60,,,,,,,
Solid Coated,PANTONE 378 C,,39.21568627450981,-12,36,,,,,,,
Solid Coated,PANTONE 2288 C,,86.27450980392157,-21,47,,,,,,,
Solid Coated,PANTONE 2289 C,,83.13725490196079,-17,43,,,,,,,
Solid Coated,PANTONE 2290 C,,81.17647058823529,-34,74,,,,,,,
Solid Coated,PANTONE 2291 C,,79.2156862745098,-34,86,,,,,,,
Solid Coated,PANTONE 2292 C,,74.50980392156863,-35,70,,,,,,,
Solid Coated,PANTONE 2293 C,,72.54901960784314,-39,83,,,,,,,
Solid Coated,PANTONE 2294 C,,63.52941176470588,-34,68,,,,,,,
Solid Coated,PANTONE 2295 C,,90.58823529411765,-14,45,,,,,,,
Solid Coated,PANTONE 2296 C,,88.23529411764706,-19,59,,,,,,,
Solid Coated,PANTONE 2297 C,,83.92156862745098,-28,78,,,,,,,
Solid Coated,PANTONE 2298 C,,82.35294117647058,-26,58,,,,,,,
Solid Coated,PANTONE 2299 C,,78.43137254901961,-32,66,,,,,,,
Solid Coated,PANTONE 2300 C,,74.50980392156863,-22,58,,,,,,,
Solid Coated,PANTONE 2301 C,,66.27450980392156,-25,63,,,,,,,
Solid Coated,PANTONE 580 C,,83.13725490196079,-12,22,,,,,,,
Solid Coated,PANTONE 579 C,,80.7843137254902,-14,24,,,,,,,
Solid Coated,PANTONE 578 C,,79.6078431372549,-15,25,,,,,,,
Solid Coated,PANTONE 577 C,,75.68627450980392,-18,30,,,,,,,
Solid Coated,PANTONE 576 C,,60.3921568627451,-23,37,,,,,,,
Solid Coated,PANTONE 575 C,,50.588235294117645,-19,34,,,,,,,
Solid Coated,PANTONE 574 C,,36.470588235294116,-11,22,,,,,,,
Solid Coated,PANTONE 4211 C,,84.70588235294117,-12,32,,,,,,,
Solid Coated,PANTONE 4212 C,,65.49019607843137,-27,48,,,,,,,
Solid Coated,PANTONE 4213 C,,54.90196078431373,-25,42,,,,,,,
Solid Coated,PANTONE 4214 C,,47.05882352941176,-17,15,,,,,,,
Solid Coated,PANTONE 4215 C,,43.13725490196079,-17,22,,,,,,,
Solid Coated,PANTONE 4216 C,,34.11764705882353,-19,25,,,,,,,
Solid Coated,PANTONE 4217 C,,36.86274509803922,-15,29,,,,,,,
Solid Coated,PANTONE 5807 C,,82.74509803921568,-5,18,,,,,,,
Solid Coated,PANTONE 5797 C,,79.2156862745098,-6,21,,,,,,,
Solid Coated,PANTONE 5787 C,,75.29411764705883,-7,24,,,,,,,
Solid Coated,PANTONE 5777 C,,66.27450980392156,-8,30,,,,,,,
Solid Coated,PANTONE 5767 C,,56.86274509803921,-9,34,,,,,,,
Solid Coated,PANTONE 5757 C,,45.88235294117647,-9,35,,,,,,,
Solid Coated,PANTONE 5747 C,,27.450980392156865,-8,21,,,,,,,
Solid Coated,PANTONE 5875 C,,81.96078431372548,-4,24,,,,,,,
Solid Coated,PANTONE 5865 C,,79.2156862745098,-4,26,,,,,,,
Solid Coated,PANTONE 5855 C,,75.29411764705883,-4,26,,,,,,,
Solid Coated,PANTONE 5845 C,,68.62745098039215,-4,31,,,,,,,
Solid Coated,PANTONE 5835 C,,62.35294117647059,-4,34,,,,,,,
Solid Coated,PANTONE 5825 C,,53.72549019607843,-4,37,,,,,,,
Solid Coated,PANTONE 5815 C,,33.72549019607843,-3,25,,,,,,,
Solid Coated,PANTONE 4218 C,,72.15686274509804,-5,11,,,,,,,
Solid Coated,PANTONE 4219 C,,68.23529411764706,-4,8,,,,,,,
Solid Coated,PANTONE 4220 C,,56.470588235294116,-3,9,,,,,,,
Solid Coated,PANTONE 4221 C,,51.37254901960784,-6,15,,,,,,,
Solid Coated,PANTONE 4222 C,,48.627450980392155,-3,9,,,,,,,
Solid Coated,PANTONE 4223 C,,43.13725490196079,-6,11,,,,,,,
Solid Coated,PANTONE 4224 C,,29.411764705882355,-7,7,,,,,,,
Solid Coated,PANTONE 5803 C,,78.82352941176471,-5,14,,,,,,,
Solid Coated,PANTONE 5793 C,,73.72549019607844,-7,16,,,,,,,
Solid Coated,PANTONE 5783 C,,67.84313725490196,-7,18,,,,,,,
Solid Coated,PANTONE 5773 C,,58.03921568627452,-8,22,,,,,,,
Solid Coated,PANTONE 5763 C,,49.80392156862745,-9,24,,,,,,,
Solid Coated,PANTONE 5753 C,,41.568627450980394,-9,24,,,,,,,
Solid Coated,PANTONE 5743 C,,28.627450980392155,-9,18,,,,,,,
Solid Coated,PANTONE 4225 C,,54.90196078431373,2,9,,,,,,,
Solid Coated,PANTONE 4226 C,,53.72549019607843,-2,15,,,,,,,
Solid Coated,PANTONE 4227 C,,43.529411764705884,-2,13,,,,,,,
Solid Coated,PANTONE 4228 C,,36.07843137254902,-2,14,,,,,,,
Solid Coated,PANTONE 4229 C,,38.03921568627451,-2,9,,,,,,,
Solid Coated,PANTONE 4230 C,,35.68627450980392,2,4,,,,,,,
Solid Coated,PANTONE 4231 C,,39.21568627450981,2,7,,,,,,,
Solid Coated,PANTONE 7492 C,,79.2156862745098,-13,35,,,,,,,
Solid Coated,PANTONE 7493 C,,77.25490196078432,-10,23,,,,,,,
Solid Coated,PANTONE 7494 C,,68.62745098039215,-13,16,,,,,,,
Solid Coated,PANTONE 7495 C,,60.78431372549019,-13,45,,,,,,,
Solid Coated,PANTONE 7496 C,,53.333333333333336,-18,50,,,,,,,
Solid Coated,PANTONE 7497 C,,47.84313725490196,0,16,,,,,,,
Solid Coated,PANTONE 7498 C,,40.0,-8,23,,,,,,,
Solid Coated,PANTONE 2302 C,,72.54901960784314,-13,41,,,,,,,
Solid Coated,PANTONE 2303 C,,69.41176470588235,-17,43,,,,,,,
Solid Coated,PANTONE 2304 C,,67.45098039215686,-14,45,,,,,,,
Solid Coated,PANTONE 2305 C,,65.88235294117646,-16,67,,,,,,,
Solid Coated,PANTONE 2306 C,,55.294117647058826,-15,49,,,,,,,
Solid Coated,PANTONE 2307 C,,44.70588235294118,-12,45,,,,,,,
Solid Coated,PANTONE 2308 C,,36.07843137254902,-5,33,,,,,,,
Solid Coated,PANTONE 7744 C,,74.11764705882354,-13,71,,,,,,,
Solid Coated,PANTONE 7745 C,,68.62745098039215,-12,63,,,,,,,
Solid Coated,PANTONE 7746 C,,61.96078431372549,-11,52,,,,,,,
Solid Coated,PANTONE 7747 C,,56.470588235294116,-11,46,,,,,,,
Solid Coated,PANTONE 7748 C,,51.76470588235295,-10,39,,,,,,,
Solid Coated,PANTONE 7749 C,,47.05882352941176,-7,32,,,,,,,
Solid Coated,PANTONE 7750 C,,41.96078431372549,-6,27,,,,,,,
Solid Coated,PANTONE 379 C,,89.41176470588236,-14,59,,,,,,,
Solid Coated,PANTONE 380 C,,87.45098039215686,-17,72,,,,,,,
Solid Coated,PANTONE 381 C,,84.31372549019608,-21,85,,,,,,,
Solid Coated,PANTONE 382 C,,81.96078431372548,-22,85,,,,,,,
Solid Coated,PANTONE 383 C,,68.23529411764706,-15,74,,,,,,,
Solid Coated,PANTONE 384 C,,59.21568627450981,-10,64,,,,,,,
Solid Coated,PANTONE 385 C,,46.666666666666664,-5,42,,,,,,,
Solid Coated,PANTONE 386 C,,90.98039215686275,-13,60,,,,,,,
Solid Coated,PANTONE 387 C,,89.41176470588236,-16,78,,,,,,,
Solid Coated,PANTONE 388 C,,88.62745098039215,-18,82,,,,,,,
Solid Coated,PANTONE 389 C,,85.09803921568627,-22,94,,,,,,,
Solid Coated,PANTONE 390 C,,73.72549019607844,-18,85,,,,,,,
Solid Coated,PANTONE 391 C,,60.3921568627451,-9,67,,,,,,,
Solid Coated,PANTONE 392 C,,50.588235294117645,-6,54,,,,,,,
Solid Coated,PANTONE 587 C,,89.01960784313725,-9,42,,,,,,,
Solid Coated,PANTONE 586 C,,87.84313725490196,-11,48,,,,,,,
Solid Coated,PANTONE 585 C,,86.27450980392157,-12,52,,,,,,,
Solid Coated,PANTONE 584 C,,83.52941176470588,-14,61,,,,,,,
Solid Coated,PANTONE 583 C,,74.50980392156863,-16,72,,,,,,,
Solid Coated,PANTONE 582 C,,56.86274509803921,-9,56,,,,,,,
Solid Coated,PANTONE 581 C,,38.82352941176471,-4,34,,,,,,,
Solid Coated,PANTONE 4232 C,,81.17647058823529,-12,79,,,,,,,
Solid Coated,PANTONE 4233 C,,74.90196078431373,-12,81,,,,,,,
Solid Coated,PANTONE 4234 C,,76.07843137254902,-12,48,,,,,,,
Solid Coated,PANTONE 4235 C,,70.58823529411765,-6,26,,,,,,,
Solid Coated,PANTONE 4236 C,,75.68627450980392,-8,42,,,,,,,
Solid Coated,PANTONE 4237 C,,66.66666666666666,-4,35,,,,,,,
Solid Coated,PANTONE 4238 C,,56.86274509803921,-5,29,,,,,,,
Solid Coated,PANTONE 393 C,,91.76470588235294,-10,57,,,,,,,
Solid Coated,PANTONE 394 C,,90.58823529411765,-12,78,,,,,,,
Solid Coated,PANTONE 395 C,,89.80392156862746,-13,84,,,,,,,
Solid Coated,PANTONE 396 C,,86.66666666666667,-16,98,,,,,,,
Solid Coated,PANTONE 397 C,,73.33333333333333,-11,85,,,,,,,
Solid Coated,PANTONE 398 C,,66.27450980392156,-8,74,,,,,,,
Solid Coated,PANTONE 399 C,,60.0,-5,68,,,,,,,
Solid Coated,PANTONE 3935 C,,91.37254901960785,-9,67,,,,,,,
Solid Coated,PANTONE 3945 C,,89.80392156862746,-9,92,,,,,,,
Solid Coated,PANTONE 3955 C,,87.84313725490196,-9,103,,,,,,,
Solid Coated,PANTONE 3965 C,,87.05882352941177,-8,103,,,,,,,
Solid Coated,PANTONE 3975 C,,68.23529411764706,-3,79,,,,,,,
Solid Coated,PANTONE 3985 C,,56.470588235294116,-1,60,,,,,,,
Solid Coated,PANTONE 3995 C,,39.21568627450981,-1,35,,,,,,,
Solid Coated,PANTONE 600 C,,91.76470588235294,-6,38,,,,,,,
Solid Coated,PANTONE 601 C,,91.37254901960785,-6,43,,,,,,,
Solid Coated,PANTONE 602 C,,90.58823529411765,-7,53,,,,,,,
Solid Coated,PANTONE 603 C,,88.23529411764706,-7,70,,,,,,,
Solid Coated,PANTONE 604 C,,86.27450980392157,-7,80,,,,,,,
Solid Coated,PANTONE 605 C,,81.96078431372548,-5,88,,,,,,,
Solid Coated,PANTONE 606 C,,74.11764705882354,-2,88,,,,,,,
Solid Coated,PANTONE 607 C,,89.80392156862746,-6,36,,,,,,,
Solid Coated,PANTONE 608 C,,88.62745098039215,-6,44,,,,,,,
Solid Coated,PANTONE 609 C,,87.45098039215686,-7,50,,,,,,,
Solid Coated,PANTONE 610 C,,84.31372549019608,-7,62,,,,,,,
Solid Coated,PANTONE 611 C,,79.6078431372549,-6,73,,,,,,,
Solid Coated,PANTONE 612 C,,71.76470588235294,-4,79,,,,,,,
Solid Coated,PANTONE 613 C,,64.31372549019608,-1,75,,,,,,,
Solid Coated,PANTONE 461 C,,88.23529411764706,-4,36,,,,,,,
Solid Coated,PANTONE 460 C,,85.49019607843137,-4,45,,,,,,,
Solid Coated,PANTONE 459 C,,81.96078431372548,-3,54,,,,,,,
Solid Coated,PANTONE 458 C,,80.0,-3,56,,,,,,,
Solid Coated,PANTONE 457 C,,65.88235294117646,1,64,,,,,,,
Solid Coated,PANTONE 456 C,,59.21568627450981,0,52,,,,,,,
Solid Coated,PANTONE 455 C,,39.21568627450981,1,33,,,,,,,
Solid Coated,PANTONE 614 C,,84.70588235294117,-4,29,,,,,,,
Solid Coated,PANTONE 615 C,,82.35294117647058,-4,33,,,,,,,
Solid Coated,PANTONE 616 C,,80.0,-4,35,,,,,,,
Solid Coated,PANTONE 617 C,,73.33333333333333,-4,43,,,,,,,
Solid Coated,PANTONE 618 C,,65.09803921568627,-4,51,,,,,,,
Solid Coated,PANTONE 619 C,,60.0,-3,53,,,,,,,
Solid Coated,PANTONE 620 C,,51.37254901960784,-2,50,,,,,,,
Solid Coated,PANTONE 7751 C,,74.11764705882354,-1,55,,,,,,,
Solid Coated,PANTONE 7752 C,,72.94117647058823,2,68,,,,,,,
Solid Coated,PANTONE 7753 C,,67.45098039215686,4,64,,,,,,,
Solid Coated,PANTONE 7754 C,,56.86274509803921,3,50,,,,,,,
Solid Coated,PANTONE 7755 C,,50.19607843137255,1,40,,,,,,,
Solid Coated,PANTONE 7756 C,,43.529411764705884,0,29,,,,,,,
Solid Coated,PANTONE 7757 C,,39.6078431372549,-1,25,,,,,,,
Solid Coated,PANTONE 7758 C,,78.43137254901961,-5,77,,,,,,,
Solid Coated,PANTONE 7759 C,,72.15686274509804,-4,75,,,,,,,
Solid Coated,PANTONE 7760 C,,55.294117647058826,-3,46,,,,,,,
Solid Coated,PANTONE 7761 C,,47.05882352941176,-5,32,,,,,,,
Solid Coated,PANTONE 7762 C,,40.3921568627451,-8,22,,,,,,,
Solid Coated,PANTONE 7763 C,,37.64705882352941,-6,18,,,,,,,
Solid Coated,PANTONE 7764 C,,34.90196078431372,-5,17,,,,,,,
Solid Coated,PANTONE 7765 C,,71.76470588235294,-8,66,,,,,,,
Solid Coated,PANTONE 7766 C,,68.23529411764706,-6,64,,,,,,,
Solid Coated,PANTONE 7767 C,,64.31372549019608,-4,55,,,,,,,
Solid Coated,PANTONE 7768 C,,53.333333333333336,-1,41,,,,,,,
Solid Coated,PANTONE 7769 C,,41.568627450980394,1,27,,,,,,,
Solid Coated,PANTONE 7770 C,,38.03921568627451,0,20,,,,,,,
Solid Coated,PANTONE 7771 C,,30.980392156862745,-2,13,,,,,,,
Solid Coated,PANTONE 4545 C,,81.56862745098039,-1,22,,,,,,,
Solid Coated,PANTONE 4535 C,,78.82352941176471,-1,26,,,,,,,
Solid Coated,PANTONE 4525 C,,74.50980392156863,-1,28,,,,,,,
Solid Coated,PANTONE 4515 C,,67.45098039215686,0,32,,,,,,,
Solid Coated,PANTONE 4505 C,,56.470588235294116,2,38,,,,,,,
Solid Coated,PANTONE 4495 C,,50.588235294117645,3,39,,,,,,,
Solid Coated,PANTONE 4485 C,,34.90196078431372,4,27,,,,,,,
Solid Coated,PANTONE 2323 C,,72.15686274509804,-1,13,,,,,,,
Solid Coated,PANTONE 2324 C,,67.45098039215686,2,18,,,,,,,
Solid Coated,PANTONE 2325 C,,60.78431372549019,2,17,,,,,,,
Solid Coated,PANTONE 2326 C,,52.94117647058824,2,18,,,,,,,
Solid Coated,PANTONE 2327 C,,50.98039215686274,0,19,,,,,,,
Solid Coated,PANTONE 2328 C,,44.70588235294118,3,20,,,,,,,
Solid Coated,PANTONE 2329 C,,38.82352941176471,3,19,,,,,,,
Solid Coated,PANTONE 4239 C,,78.82352941176471,0,8,,,,,,,
Solid Coated,PANTONE 4240 C,,77.64705882352942,1,14,,,,,,,
Solid Coated,PANTONE 4241 C,,70.98039215686275,2,19,,,,,,,
Solid Coated,PANTONE 4242 C,,50.588235294117645,4,23,,,,,,,
Solid Coated,PANTONE 4243 C,,46.666666666666664,7,20,,,,,,,
Solid Coated,PANTONE 4244 C,,45.88235294117647,7,17,,,,,,,
Solid Coated,PANTONE 4245 C,,34.509803921568626,2,10,,,,,,,
Solid Coated,PANTONE 454 C,,79.6078431372549,-2,16,,,,,,,
Solid Coated,PANTONE 453 C,,75.29411764705883,-2,18,,,,,,,
Solid Coated,PANTONE 452 C,,69.01960784313725,-2,23,,,,,,,
Solid Coated,PANTONE 451 C,,60.78431372549019,-2,28,,,,,,,
Solid Coated,PANTONE 450 C,,32.15686274509804,4,23,,,,,,,
Solid Coated,PANTONE 449 C,,30.19607843137255,2,20,,,,,,,
Solid Coated,PANTONE 448 C,,27.84313725490196,2,15,,,,,,,
Solid Coated,PANTONE 7499 C,,90.98039215686275,-2,26,,,,,,,
Solid Coated,PANTONE 7500 C,,83.92156862745098,0,22,,,,,,,
Solid Coated,PANTONE 7501 C,,81.17647058823529,2,23,,,,,,,
Solid Coated,PANTONE 7502 C,,75.68627450980392,3,27,,,,,,,
Solid Coated,PANTONE 7503 C,,63.52941176470588,1,27,,,,,,,
Solid Coated,PANTONE 7504 C,,52.54901960784314,8,19,,,,,,,
Solid Coated,PANTONE 7505 C,,43.92156862745098,11,24,,,,,,,
Solid Coated,PANTONE 4246 C,,79.2156862745098,1,13,,,,,,,
Solid Coated,PANTONE 4247 C,,78.82352941176471,3,14,,,,,,,
Solid Coated,PANTONE 4248 C,,79.2156862745098,4,17,,,,,,,
Solid Coated,PANTONE 4249 C,,71.76470588235294,5,20,,,,,,,
Solid Coated,PANTONE 4250 C,,69.80392156862744,3,19,,,,,,,
Solid Coated,PANTONE 4251 C,,67.84313725490196,5,23,,,,,,,
Solid Coated,PANTONE 4252 C,,67.84313725490196,5,18,,,,,,,
Solid Coated,PANTONE 468 C,,82.35294117647058,3,21,,,,,,,
Solid Coated,PANTONE 467 C,,77.25490196078432,5,26,,,,,,,
Solid Coated,PANTONE 466 C,,70.98039215686275,7,30,,,,,,,
Solid Coated,PANTONE 465 C,,64.70588235294117,9,36,,,,,,,
Solid Coated,PANTONE 464 C,,43.529411764705884,18,36,,,,,,,
Solid Coated,PANTONE 463 C,,37.254901960784316,14,29,,,,,,,
Solid Coated,PANTONE 462 C,,31.76470588235294,8,20,,,,,,,
Solid Coated,PANTONE 4253 C,,69.01960784313725,5,15,,,,,,,
Solid Coated,PANTONE 4254 C,,66.27450980392156,10,26,,,,,,,
Solid Coated,PANTONE 4255 C,,63.52941176470588,5,19,,,,,,,
Solid Coated,PANTONE 4256 C,,61.568627450980394,7,20,,,,,,,
Solid Coated,PANTONE 4257 C,,54.11764705882353,8,10,,,,,,,
Solid Coated,PANTONE 4258 C,,41.17647058823529,8,5,,,,,,,
Solid Coated,PANTONE 4259 C,,17.254901960784313,3,5,,,,,,,
Solid Coated,PANTONE 3599 C,,79.6078431372549,3,32,,,,,,,
Solid Coated,PANTONE 2467 C,,63.52941176470588,11,25,,,,,,,
Solid Coated,PANTONE 2468 C,,49.01960784313725,17,24,,,,,,,
Solid Coated,PANTONE 2469 C,,43.529411764705884,21,27,,,,,,,
Solid Coated,PANTONE 2470 C,,55.294117647058826,8,20,,,,,,,
Solid Coated,PANTONE 2471 C,,59.21568627450981,10,13,,,,,,,
Solid Coated,PANTONE 2472 C,,30.19607843137255,13,19,,,,,,,
Solid Coated,PANTONE 7506 C,,88.23529411764706,3,22,,,,,,,
Solid Coated,PANTONE 7507 C,,87.05882352941177,10,34,,,,,,,
Solid Coated,PANTONE 7508 C,,77.64705882352942,10,35,,,,,,,
Solid Coated,PANTONE 7509 C,,70.98039215686275,14,42,,,,,,,
Solid Coated,PANTONE 7510 C,,62.35294117647059,19,48,,,,,,,
Solid Coated,PANTONE 7511 C,,56.470588235294116,21,51,,,,,,,
Solid Coated,PANTONE 7512 C,,49.411764705882355,24,50,,,,,,,
Solid Coated,PANTONE 719 C,,83.13725490196079,9,23,,,,,,,
Solid Coated,PANTONE 720 C,,78.03921568627452,13,30,,,,,,,
Solid Coated,PANTONE 721 C,,72.15686274509804,17,36,,,,,,,
Solid Coated,PANTONE 722 C,,61.1764705882353,23,46,,,,,,,
Solid Coated,PANTONE 723 C,,52.54901960784314,26,50,,,,,,,
Solid Coated,PANTONE 724 C,,41.17647058823529,27,46,,,,,,,
Solid Coated,PANTONE 725 C,,34.90196078431372,25,37,,,,,,,
Solid Coated,PANTONE 475 C,,85.88235294117646,10,19,,,,,,,
Solid Coated,PANTONE 474 C,,83.13725490196079,13,22,,,,,,,
Solid Coated,PANTONE 473 C,,81.17647058823529,15,25,,,,,,,
Solid Coated,PANTONE 472 C,,71.76470588235294,24,37,,,,,,,
Solid Coated,PANTONE 471 C,,51.37254901960784,34,49,,,,,,,
Solid Coated,PANTONE 470 C,,47.05882352941176,28,41,,,,,,,
Solid Coated,PANTONE 469 C,,31.372549019607842,17,25,,,,,,,
Solid Coated,PANTONE 726 C,,80.0,8,21,,,,,,,
Solid Coated,PANTONE 727 C,,76.07843137254902,10,24,,,,,,,
Solid Coated,PANTONE 728 C,,69.41176470588235,13,29,,,,,,,
Solid Coated,PANTONE 729 C,,58.82352941176471,17,35,,,,,,,
Solid Coated,PANTONE 730 C,,48.627450980392155,19,41,,,,,,,
Solid Coated,PANTONE 731 C,,34.11764705882353,21,38,,,,,,,
Solid Coated,PANTONE 732 C,,27.84313725490196,19,30,,,,,,,
Solid Coated,PANTONE 2316 C,,66.27450980392156,10,22,,,,,,,
Solid Coated,PANTONE 2317 C,,60.0,14,29,,,,,,,
Solid Coated,PANTONE 2318 C,,53.333333333333336,15,32,,,,,,,
Solid Coated,PANTONE 2319 C,,43.92156862745098,17,33,,,,,,,
Solid Coated,PANTONE 2320 C,,34.509803921568626,16,29,,,,,,,
Solid Coated,PANTONE 2321 C,,37.254901960784316,10,20,,,,,,,
Solid Coated,PANTONE 2322 C,,24.705882352941178,9,15,,,,,,,
Solid Coated,PANTONE 2309 C,,84.31372549019608,6,15,,,,,,,
Solid Coated,PANTONE 2310 C,,79.2156862745098,6,15,,,,,,,
Solid Coated,PANTONE 2311 C,,71.37254901960785,10,23,,,,,,,
Solid Coated,PANTONE 2312 C,,65.88235294117646,8,17,,,,,,,
Solid Coated,PANTONE 2313 C,,65.09803921568627,14,31,,,,,,,
Solid Coated,PANTONE 2314 C,,54.90196078431373,17,36,,,,,,,
Solid Coated,PANTONE 2315 C,,40.0,29,45,,,,,,,
Solid Coated,PANTONE 4685 C,,81.56862745098039,7,15,,,,,,,
Solid Coated,PANTONE 4675 C,,79.6078431372549,8,16,,,,,,,
Solid Coated,PANTONE 4665 C,,71.37254901960785,11,22,,,,,,,
Solid Coated,PANTONE 4655 C,,64.70588235294117,14,23,,,,,,,
Solid Coated,PANTONE 4645 C,,56.470588235294116,16,27,,,,,,,
Solid Coated,PANTONE 4635 C,,46.27450980392157,19,32,,,,,,,
Solid Coated,PANTONE 4625 C,,22.35294117647059,15,17,,,,,,,
Solid Coated,PANTONE 4260 C,,71.76470588235294,13,17,,,,,,,
Solid Coated,PANTONE 4261 C,,50.588235294117645,17,29,,,,,,,
Solid Coated,PANTONE 4262 C,,53.333333333333336,19,29,,,,,,,
Solid Coated,PANTONE 4263 C,,52.54901960784314,22,31,,,,,,,
Solid Coated,PANTONE 4264 C,,53.333333333333336,24,26,,,,,,,
Solid Coated,PANTONE 4265 C,,48.23529411764706,22,25,,,,,,,
Solid Coated,PANTONE 4266 C,,46.666666666666664,22,32,,,,,,,
Solid Coated,PANTONE 7513 C,,78.03921568627452,14,14,,,,,,,
Solid Coated,PANTONE 7514 C,,70.98039215686275,17,22,,,,,,,
Solid Coated,PANTONE 7515 C,,63.13725490196078,20,28,,,,,,,
Solid Coated,PANTONE 7516 C,,43.92156862745098,26,37,,,,,,,
Solid Coated,PANTONE 7517 C,,36.86274509803922,27,35,,,,,,,
Solid Coated,PANTONE 7518 C,,36.86274509803922,12,10,,,,,,,
Solid Coated,PANTONE 7519 C,,33.33333333333333,6,12,,,,,,,
Solid Coated,PANTONE 4755 C,,80.3921568627451,6,8,,,,,,,
Solid Coated,PANTONE 4745 C,,75.29411764705883,8,10,,,,,,,
Solid Coated,PANTONE 4735 C,,69.01960784313725,10,13,,,,,,,
Solid Coated,PANTONE 4725 C,,60.78431372549019,13,14,,,,,,,
Solid Coated,PANTONE 4715 C,,49.411764705882355,16,18,,,,,,,
Solid Coated,PANTONE 4705 C,,38.03921568627451,20,20,,,,,,,
Solid Coated,PANTONE 4695 C,,26.666666666666668,18,16,,,,,,,
Solid Coated,PANTONE 482 C,,81.56862745098039,6,11,,,,,,,
Solid Coated,PANTONE 481 C,,77.25490196078432,8,12,,,,,,,
Solid Coated,PANTONE 480 C,,71.37254901960785,10,16,,,,,,,
Solid Coated,PANTONE 479 C,,57.25490196078431,16,21,,,,,,,
Solid Coated,PANTONE 478 C,,32.549019607843135,23,22,,,,,,,
Solid Coated,PANTONE 477 C,,29.411764705882355,17,18,,,,,,,
Solid Coated,PANTONE 476 C,,25.098039215686274,11,12,,,,,,,
Solid Coated,PANTONE 4267 C,,73.33333333333333,4,9,,,,,,,
Solid Coated,PANTONE 4268 C,,67.05882352941175,5,12,,,,,,,
Solid Coated,PANTONE 4269 C,,62.35294117647059,7,17,,,,,,,
Solid Coated,PANTONE 4270 C,,56.86274509803921,3,14,,,,,,,
Solid Coated,PANTONE 4271 C,,52.94117647058824,5,11,,,,,,,
Solid Coated,PANTONE 4272 C,,46.27450980392157,8,9,,,,,,,
Solid Coated,PANTONE 4273 C,,30.19607843137255,5,1,,,,,,,
Solid Coated,PANTONE 7527 C,,83.92156862745098,-1,7,,,,,,,
Solid Coated,PANTONE 7528 C,,75.68627450980392,2,8,,,,,,,
Solid Coated,PANTONE 7529 C,,70.19607843137254,3,9,,,,,,,
Solid Coated,PANTONE 7530 C,,61.96078431372549,4,11,,,,,,,
Solid Coated,PANTONE 7531 C,,45.09803921568628,5,13,,,,,,,
Solid Coated,PANTONE 7532 C,,35.68627450980392,6,14,,,,,,,
Solid Coated,PANTONE 7533 C,,24.705882352941178,5,12,,,,,,,
Solid Coated,PANTONE 7534 C,,81.96078431372548,0,8,,,,,,,
Solid Coated,PANTONE 7535 C,,71.76470588235294,0,11,,,,,,,
Solid Coated,PANTONE 7536 C,,65.49019607843137,0,13,,,,,,,
Solid Coated,PANTONE 7537 C,,69.80392156862744,-4,4,,,,,,,
Solid Coated,PANTONE 7538 C,,62.745098039215684,-4,4,,,,,,,
Solid Coated,PANTONE 7539 C,,59.21568627450981,-2,3,,,,,,,
Solid Coated,PANTONE 7540 C,,33.33333333333333,-1,-4,,,,,,,
Solid Coated,PANTONE 427 C,,84.31372549019608,-1,-2,,,,,,,
Solid Coated,PANTONE 428 C,,79.2156862745098,-2,-3,,,,,,,
Solid Coated,PANTONE 429 C,,68.62745098039215,-2,-4,,,,,,,
Solid Coated,PANTONE 430 C,,55.294117647058826,-3,-6,,,,,,,
Solid Coated,PANTONE 431 C,,42.35294117647059,-3,-7,,,,,,,
Solid Coated,PANTONE 432 C,,25.49019607843137,-3,-8,,,,,,,
Solid Coated,PANTONE 433 C,,14.117647058823529,-2,-7,,,,,,,
Solid Coated,PANTONE 4274 C,,73.72549019607844,-2,-3,,,,,,,
Solid Coated,PANTONE 4275 C,,70.58823529411765,-2,0,,,,,,,
Solid Coated,PANTONE 4276 C,,64.31372549019608,1,-2,,,,,,,
Solid Coated,PANTONE 4277 C,,58.03921568627452,3,-3,,,,,,,
Solid Coated,PANTONE 4278 C,,52.54901960784314,0,-3,,,,,,,
Solid Coated,PANTONE 4279 C,,36.07843137254902,3,-2,,,,,,,
Solid Coated,PANTONE 4280 C,,16.862745098039216,0,-9,,,,,,,
Solid Coated,PANTONE 420 C,,80.3921568627451,-1,0,,,,,,,
Solid Coated,PANTONE 421 C,,72.94117647058823,-1,0,,,,,,,
Solid Coated,PANTONE 422 C,,65.88235294117646,-1,-1,,,,,,,
Solid Coated,PANTONE 423 C,,58.03921568627452,-1,-2,,,,,,,
Solid Coated,PANTONE 424 C,,47.84313725490196,-1,-1,,,,,,,
Solid Coated,PANTONE 425 C,,36.86274509803922,-1,-2,,,,,,,
Solid Coated,PANTONE 426 C,,15.686274509803921,-1,-3,,,,,,,
Solid Coated,PANTONE 441 C,,78.82352941176471,-4,-1,,,,,,,
Solid Coated,PANTONE 442 C,,69.41176470588235,-5,-2,,,,,,,
Solid Coated,PANTONE 443 C,,63.52941176470588,-6,-2,,,,,,,
Solid Coated,PANTONE 444 C,,50.98039215686274,-6,-3,,,,,,,
Solid Coated,PANTONE 445 C,,36.470588235294116,-5,-3,,,,,,,
Solid Coated,PANTONE 446 C,,28.235294117647058,-4,-1,,,,,,,
Solid Coated,PANTONE 447 C,,23.52941176470588,-3,1,,,,,,,
Solid Coated,PANTONE 413 C,,75.29411764705883,-2,4,,,,,,,
Solid Coated,PANTONE 414 C,,68.62745098039215,-2,5,,,,,,,
Solid Coated,PANTONE 415 C,,60.3921568627451,-3,5,,,,,,,
Solid Coated,PANTONE 416 C,,52.54901960784314,-2,5,,,,,,,
Solid Coated,PANTONE 417 C,,42.745098039215684,-3,5,,,,,,,
Solid Coated,PANTONE 418 C,,34.509803921568626,-3,4,,,,,,,
Solid Coated,PANTONE 419 C,,13.333333333333334,-2,0,,,,,,,
Solid Coated,PANTONE 4281 C,,72.15686274509804,0,-1,,,,,,,
Solid Coated,PANTONE 4282 C,,69.80392156862744,2,-1,,,,,,,
Solid Coated,PANTONE 4283 C,,67.05882352941175,3,1,,,,,,,
Solid Coated,PANTONE 4284 C,,45.88235294117647,4,-4,,,,,,,
Solid Coated,PANTONE 4285 C,,41.96078431372549,4,-5,,,,,,,
Solid Coated,PANTONE 4286 C,,37.254901960784316,5,-3,,,,,,,
Solid Coated,PANTONE 4287 C,,27.84313725490196,1,0,,,,,,,
Solid Coated,PANTONE 2330 C,,82.35294117647058,0,2,,,,,,,
Solid Coated,PANTONE 2331 C,,69.01960784313725,1,2,,,,,,,
Solid Coated,PANTONE 2332 C,,57.25490196078431,0,2,,,,,,,
Solid Coated,PANTONE 2333 C,,46.27450980392157,1,2,,,,,,,
Solid Coated,PANTONE 2334 C,,43.13725490196079,3,2,,,,,,,
Solid Coated,PANTONE 2335 C,,34.90196078431372,5,7,,,,,,,
Solid Coated,PANTONE 2336 C,,31.76470588235294,1,2,,,,,,,
Solid Coated,PANTONE 400 C,,77.25490196078432,1,4,,,,,,,
Solid Coated,PANTONE 401 C,,69.41176470588235,1,5,,,,,,,
Solid Coated,PANTONE 402 C,,62.35294117647059,1,5,,,,,,,
Solid Coated,PANTONE 403 C,,55.68627450980392,1,6,,,,,,,
Solid Coated,PANTONE 404 C,,47.05882352941176,2,6,,,,,,,
Solid Coated,PANTONE 405 C,,41.568627450980394,2,6,,,,,,,
Solid Coated,PANTONE Black C,,16.862745098039216,1,2,,,,,,,
Solid Coated,PANTONE 4288 C,,75.68627450980392,-3,2,,,,,,,
Solid Coated,PANTONE 4289 C,,63.13725490196078,1,-1,,,,,,,
Solid Coated,PANTONE 4290 C,,58.43137254901961,3,1,,,,,,,
Solid Coated,PANTONE 4291 C,,46.666666666666664,3,0,,,,,,,
Solid Coated,PANTONE 4292 C,,46.27450980392157,3,-1,,,,,,,
Solid Coated,PANTONE 4293 C,,39.6078431372549,5,-4,,,,,,,
Solid Coated,PANTONE 4294 C,,35.294117647058826,4,-3,,,,,,,
Solid Coated,PANTONE 406 C,,76.47058823529412,2,3,,,,,,,
Solid Coated,PANTONE 407 C,,69.41176470588235,3,4,,,,,,,
Solid Coated,PANTONE 408 C,,58.82352941176471,4,3,,,,,,,
Solid Coated,PANTONE 409 C,,51.37254901960784,4,4,,,,,,,
Solid Coated,PANTONE 410 C,,44.31372549019608,5,4,,,,,,,
Solid Coated,PANTONE 411 C,,35.68627450980392,5,4,,,,,,,
Solid Coated,PANTONE 412 C,,20.0,4,2,,,,,,,
Solid Coated,PANTONE 434 C,,80.0,4,1,,,,,,,
Solid Coated,PANTONE 435 C,,73.72549019607844,5,0,,,,,,,
Solid Coated,PANTONE 436 C,,64.70588235294117,6,0,,,,,,,
Solid Coated,PANTONE 437 C,,44.70588235294118,8,1,,,,,,,
Solid Coated,PANTONE 438 C,,30.980392156862745,7,2,,,,,,,
Solid Coated,PANTONE 439 C,,23.92156862745098,6,3,,,,,,,
Solid Coated,PANTONE 440 C,,20.0,4,2,,,,,,,
Solid Coated,PANTONE 2473 C,,75.68627450980392,5,-1,,,,,,,
Solid Coated,PANTONE 2474 C,,67.05882352941175,5,6,,,,,,,
Solid Coated,PANTONE 2475 C,,58.43137254901961,10,7,,,,,,,
Solid Coated,PANTONE 2476 C,,47.45098039215686,10,4,,,,,,,
Solid Coated,PANTONE 2477 C,,40.0,10,6,,,,,,,
Solid Coated,PANTONE 2478 C,,25.098039215686274,11,1,,,,,,,
Solid Coated,PANTONE 2479 C,,22.745098039215687,4,4,,,,,,,
Solid Coated,PANTONE Warm Gray 1 C,,84.31372549019608,1,4,,,,,,,
Solid Coated,PANTONE Warm Gray 2 C,,79.6078431372549,1,4,,,,,,,
Solid Coated,PANTONE Warm Gray 3 C,,74.90196078431373,2,5,,,,,,,
Solid Coated,PANTONE Warm Gray 4 C,,71.37254901960785,2,5,,,,,,,
Solid Coated,PANTONE Warm Gray 5 C,,67.45098039215686,2,5,,,,,,,
Solid Coated,PANTONE Warm Gray 6 C,,65.09803921568627,2,5,,,,,,,
Solid Coated,PANTONE Warm Gray 7 C,,58.82352941176471,3,5,,,,,,,
Solid Coated,PANTONE Warm Gray 8 C,,54.90196078431373,3,6,,,,,,,
Solid Coated,PANTONE Warm Gray 9 C,,50.98039215686274,3,6,,,,,,,
Solid Coated,PANTONE Warm Gray 10 C,,47.05882352941176,3,6,,,,,,,
Solid Coated,PANTONE Warm Gray 11 C,,42.35294117647059,4,6,,,,,,,
Solid Coated,PANTONE Cool Gray 1 C,,86.27450980392157,-1,1,,,,,,,
Solid Coated,PANTONE Cool Gray 2 C,,83.13725490196079,-1,0,,,,,,,
Solid Coated,PANTONE Cool Gray 3 C,,80.7843137254902,-1,0,,,,,,,
Solid Coated,PANTONE Cool Gray 4 C,,76.07843137254902,-1,-1,,,,,,,
Solid Coated,PANTONE Cool Gray 5 C,,72.54901960784314,-1,-1,,,,,,,
Solid Coated,PANTONE Cool Gray 6 C,,68.62745098039215,-1,-2,,,,,,,
Solid Coated,PANTONE Cool Gray 7 C,,62.745098039215684,-1,-2,,,,,,,
Solid Coated,PANTONE Cool Gray 8 C,,57.25490196078431,-1,-2,,,,,,,
Solid Coated,PANTONE Cool Gray 9 C,,50.19607843137255,-1,-3,,,,,,,
Solid Coated,PANTONE Cool Gray 10 C,,42.745098039215684,-1,-3,,,,,,,
Solid Coated,PANTONE Cool Gray 11 C,,36.07843137254902,-1,-4,,,,,,,
Solid Coated,PANTONE Black 2 C,,19.215686274509807,0,9,,,,,,,
Solid Coated,PANTONE Black 3 C,,14.50980392156863,-5,2,,,,,,,
Solid Coated,PANTONE Black 4 C,,16.07843137254902,4,8,,,,,,,
Solid Coated,PANTONE Black 5 C,,19.607843137254903,10,1,,,,,,,
Solid Coated,PANTONE Black 6 C,,7.8431372549019605,-2,-8,,,,,,,
Solid Coated,PANTONE Black 7 C,,23.92156862745098,1,2,,,,,,,
